[2026-09-07 11:19:51] [ERROR] [req-test-not-found-404] [app.py:187] FileNotFoundError: The PDF file does not exist at 'non_existent_file_12345.pdf'
[2026-09-07 11:19:51] [ERROR] [req-test-invalid-ext] [app.py:199] ValueError: Invalid file extension '.md'. Only .pdf files are supported.
[2026-09-07 11:19:51] [ERROR] [req-test-corrupt-001] [app.py:212] Failed to open PDF file 'C:\Users\Asus\AppData\Local\Temp\pytest-of-Asus\pytest-0\test_corrupted_pdf0\corrupted.pdf': PdfStreamError: Stream has ended unexpectedly
Traceback (most recent call last):
  File "C:\Users\Asus\PycharmProjects\pdf_processor\app.py", line 208, in process_pdf
    reader = PdfReader(str(file_path.resolve()))
  File "C:\Users\Asus\PycharmProjects\pdf_processor\.venv\lib\site-packages\pypdf\_reader.py", line 149, in __init__
    self._initialize_stream(stream)
  File "C:\Users\Asus\PycharmProjects\pdf_processor\.venv\lib\site-packages\pypdf\_reader.py", line 173, in _initialize_stream
    self.read(stream)
  File "C:\Users\Asus\PycharmProjects\pdf_processor\.venv\lib\site-packages\pypdf\_reader.py", line 680, in read
    self._find_eof_marker(stream)
  File "C:\Users\Asus\PycharmProjects\pdf_processor\.venv\lib\site-packages\pypdf\_reader.py", line 793, in _find_eof_marker
    line = read_previous_line(stream)
  File "C:\Users\Asus\PycharmProjects\pdf_processor\.venv\lib\site-packages\pypdf\_utils.py", line 370, in read_previous_line
    raise PdfStreamError(STREAM_TRUNCATED_PREMATURELY)
pypdf.errors.PdfStreamError: Stream has ended unexpectedly
[2026-09-07 11:19:51] [ERROR] [req-unique-id-999] [app.py:176] ConflictError: Duplicate request_id: 'req-unique-id-999' has already been processed. Each request must have a unique request_id.
[2026-09-07 11:19:52] [ERROR] [1] [app.py:137] RequestValidationError: body -> request_id: Value error, Invalid request_id '1': must be a unique identifier, not simple sequential numbers like 1, 2, 3...
Traceback (most recent call last):
  File "C:\Users\Asus\PycharmProjects\pdf_processor\.venv\lib\site-packages\starlette\_exception_handler.py", line 42, in wrapped_app
    await app(scope, receive, sender)
  File "C:\Users\Asus\PycharmProjects\pdf_processor\.venv\lib\site-packages\fastapi\routing.py", line 144, in app
    response = await f(request)
  File "C:\Users\Asus\PycharmProjects\pdf_processor\.venv\lib\site-packages\fastapi\routing.py", line 755, in app
    raise validation_error
fastapi.exceptions.RequestValidationError: 1 validation error:
  {'type': 'value_error', 'loc': ('body', 'request_id'), 'msg': "Value error, Invalid request_id '1': must be a unique identifier, not simple sequential numbers like 1, 2, 3...", 'input': '1', 'ctx': {'error': ValueError("Invalid request_id '1': must be a unique identifier, not simple sequential numbers like 1, 2, 3...")}}

  File "C:\Users\Asus\PycharmProjects\pdf_processor\app.py", line 158, in process_pdf
    POST /process-pdf
[2026-09-07 11:21:17] [ERROR] [req-test-not-found-404] [app.py:188] FileNotFoundError: The PDF file does not exist at 'non_existent_file_12345.pdf'
[2026-09-07 11:21:17] [ERROR] [req-test-invalid-ext] [app.py:200] ValueError: Invalid file extension '.md'. Expected a '.pdf' file.
[2026-09-07 11:21:17] [ERROR] [req-test-corrupt-001] [app.py:213] Failed to open PDF file 'C:\Users\Asus\AppData\Local\Temp\pytest-of-Asus\pytest-1\test_corrupted_pdf0\corrupted.pdf': PdfStreamError: Stream has ended unexpectedly
Traceback (most recent call last):
  File "C:\Users\Asus\PycharmProjects\pdf_processor\app.py", line 209, in process_pdf
    reader = PdfReader(str(file_path.resolve()))
  File "C:\Users\Asus\PycharmProjects\pdf_processor\.venv\lib\site-packages\pypdf\_reader.py", line 149, in __init__
    self._initialize_stream(stream)
  File "C:\Users\Asus\PycharmProjects\pdf_processor\.venv\lib\site-packages\pypdf\_reader.py", line 173, in _initialize_stream
    self.read(stream)
  File "C:\Users\Asus\PycharmProjects\pdf_processor\.venv\lib\site-packages\pypdf\_reader.py", line 680, in read
    self._find_eof_marker(stream)
  File "C:\Users\Asus\PycharmProjects\pdf_processor\.venv\lib\site-packages\pypdf\_reader.py", line 793, in _find_eof_marker
    line = read_previous_line(stream)
  File "C:\Users\Asus\PycharmProjects\pdf_processor\.venv\lib\site-packages\pypdf\_utils.py", line 370, in read_previous_line
    raise PdfStreamError(STREAM_TRUNCATED_PREMATURELY)
pypdf.errors.PdfStreamError: Stream has ended unexpectedly
[2026-09-07 11:21:17] [ERROR] [req-unique-id-999] [app.py:177] ConflictError: Duplicate request_id: 'req-unique-id-999' has already been processed. Each request must have a unique request_id.
[2026-09-07 11:21:17] [ERROR] [1] [app.py:138] RequestValidationError: body -> request_id: Value error, Invalid request_id '1': must be a unique identifier, not simple sequential numbers like 1, 2, 3...
Traceback (most recent call last):
  File "C:\Users\Asus\PycharmProjects\pdf_processor\.venv\lib\site-packages\starlette\_exception_handler.py", line 42, in wrapped_app
    await app(scope, receive, sender)
  File "C:\Users\Asus\PycharmProjects\pdf_processor\.venv\lib\site-packages\fastapi\routing.py", line 144, in app
    response = await f(request)
  File "C:\Users\Asus\PycharmProjects\pdf_processor\.venv\lib\site-packages\fastapi\routing.py", line 755, in app
    raise validation_error
fastapi.exceptions.RequestValidationError: 1 validation error:
  {'type': 'value_error', 'loc': ('body', 'request_id'), 'msg': "Value error, Invalid request_id '1': must be a unique identifier, not simple sequential numbers like 1, 2, 3...", 'input': '1', 'ctx': {'error': ValueError("Invalid request_id '1': must be a unique identifier, not simple sequential numbers like 1, 2, 3...")}}

  File "C:\Users\Asus\PycharmProjects\pdf_processor\app.py", line 159, in process_pdf
    POST /process-pdf
[2026-09-07 11:21:17] [ERROR] [2] [app.py:138] RequestValidationError: body -> request_id: Value error, Invalid request_id '2': must be a unique identifier, not simple sequential numbers like 1, 2, 3...
Traceback (most recent call last):
  File "C:\Users\Asus\PycharmProjects\pdf_processor\.venv\lib\site-packages\starlette\_exception_handler.py", line 42, in wrapped_app
    await app(scope, receive, sender)
  File "C:\Users\Asus\PycharmProjects\pdf_processor\.venv\lib\site-packages\fastapi\routing.py", line 144, in app
    response = await f(request)
  File "C:\Users\Asus\PycharmProjects\pdf_processor\.venv\lib\site-packages\fastapi\routing.py", line 755, in app
    raise validation_error
fastapi.exceptions.RequestValidationError: 1 validation error:
  {'type': 'value_error', 'loc': ('body', 'request_id'), 'msg': "Value error, Invalid request_id '2': must be a unique identifier, not simple sequential numbers like 1, 2, 3...", 'input': '2', 'ctx': {'error': ValueError("Invalid request_id '2': must be a unique identifier, not simple sequential numbers like 1, 2, 3...")}}

  File "C:\Users\Asus\PycharmProjects\pdf_processor\app.py", line 159, in process_pdf
    POST /process-pdf
[2026-09-07 11:21:17] [ERROR] [3] [app.py:138] RequestValidationError: body -> request_id: Value error, Invalid request_id '3': must be a unique identifier, not simple sequential numbers like 1, 2, 3...
Traceback (most recent call last):
  File "C:\Users\Asus\PycharmProjects\pdf_processor\.venv\lib\site-packages\starlette\_exception_handler.py", line 42, in wrapped_app
    await app(scope, receive, sender)
  File "C:\Users\Asus\PycharmProjects\pdf_processor\.venv\lib\site-packages\fastapi\routing.py", line 144, in app
    response = await f(request)
  File "C:\Users\Asus\PycharmProjects\pdf_processor\.venv\lib\site-packages\fastapi\routing.py", line 755, in app
    raise validation_error
fastapi.exceptions.RequestValidationError: 1 validation error:
  {'type': 'value_error', 'loc': ('body', 'request_id'), 'msg': "Value error, Invalid request_id '3': must be a unique identifier, not simple sequential numbers like 1, 2, 3...", 'input': '3', 'ctx': {'error': ValueError("Invalid request_id '3': must be a unique identifier, not simple sequential numbers like 1, 2, 3...")}}

  File "C:\Users\Asus\PycharmProjects\pdf_processor\app.py", line 159, in process_pdf
    POST /process-pdf
[2026-09-07 11:21:17] [ERROR] [007] [app.py:138] RequestValidationError: body -> request_id: Value error, Invalid request_id '007': must be a unique identifier, not simple sequential numbers like 1, 2, 3...
Traceback (most recent call last):
  File "C:\Users\Asus\PycharmProjects\pdf_processor\.venv\lib\site-packages\starlette\_exception_handler.py", line 42, in wrapped_app
    await app(scope, receive, sender)
  File "C:\Users\Asus\PycharmProjects\pdf_processor\.venv\lib\site-packages\fastapi\routing.py", line 144, in app
    response = await f(request)
  File "C:\Users\Asus\PycharmProjects\pdf_processor\.venv\lib\site-packages\fastapi\routing.py", line 755, in app
    raise validation_error
fastapi.exceptions.RequestValidationError: 1 validation error:
  {'type': 'value_error', 'loc': ('body', 'request_id'), 'msg': "Value error, Invalid request_id '007': must be a unique identifier, not simple sequential numbers like 1, 2, 3...", 'input': '007', 'ctx': {'error': ValueError("Invalid request_id '007': must be a unique identifier, not simple sequential numbers like 1, 2, 3...")}}

  File "C:\Users\Asus\PycharmProjects\pdf_processor\app.py", line 159, in process_pdf
    POST /process-pdf
[2026-09-07 11:21:55] [ERROR] [req-live-error-demo] [app.py:188] FileNotFoundError: The PDF file does not exist at 'does_not_exist.pdf'
[2026-09-07 11:22:55] [ERROR] [req-test-not-found-404] [app.py:188] FileNotFoundError: The PDF file does not exist at 'non_existent_file_12345.pdf'
[2026-09-07 11:22:56] [ERROR] [req-test-invalid-ext] [app.py:200] ValueError: Invalid file extension '.md'. Expected a '.pdf' file.
[2026-09-07 11:22:56] [ERROR] [req-test-corrupt-001] [app.py:213] Failed to open PDF file 'C:\Users\Asus\AppData\Local\Temp\pytest-of-Asus\pytest-2\test_corrupted_pdf0\corrupted.pdf': PdfStreamError: Stream has ended unexpectedly
Traceback (most recent call last):
  File "C:\Users\Asus\PycharmProjects\pdf_processor\app.py", line 209, in process_pdf
    reader = PdfReader(str(file_path.resolve()))
  File "C:\Users\Asus\PycharmProjects\pdf_processor\.venv\lib\site-packages\pypdf\_reader.py", line 149, in __init__
    self._initialize_stream(stream)
  File "C:\Users\Asus\PycharmProjects\pdf_processor\.venv\lib\site-packages\pypdf\_reader.py", line 173, in _initialize_stream
    self.read(stream)
  File "C:\Users\Asus\PycharmProjects\pdf_processor\.venv\lib\site-packages\pypdf\_reader.py", line 680, in read
    self._find_eof_marker(stream)
  File "C:\Users\Asus\PycharmProjects\pdf_processor\.venv\lib\site-packages\pypdf\_reader.py", line 793, in _find_eof_marker
    line = read_previous_line(stream)
  File "C:\Users\Asus\PycharmProjects\pdf_processor\.venv\lib\site-packages\pypdf\_utils.py", line 370, in read_previous_line
    raise PdfStreamError(STREAM_TRUNCATED_PREMATURELY)
pypdf.errors.PdfStreamError: Stream has ended unexpectedly
[2026-09-07 11:22:56] [ERROR] [req-unique-id-999] [app.py:177] ConflictError: Duplicate request_id: 'req-unique-id-999' has already been processed. Each request must have a unique request_id.
[2026-09-07 11:22:56] [ERROR] [1] [app.py:138] RequestValidationError: body -> request_id: Value error, Invalid request_id '1': must be a unique identifier, not simple sequential numbers like 1, 2, 3...
Traceback (most recent call last):
  File "C:\Users\Asus\PycharmProjects\pdf_processor\.venv\lib\site-packages\starlette\_exception_handler.py", line 42, in wrapped_app
    await app(scope, receive, sender)
  File "C:\Users\Asus\PycharmProjects\pdf_processor\.venv\lib\site-packages\fastapi\routing.py", line 144, in app
    response = await f(request)
  File "C:\Users\Asus\PycharmProjects\pdf_processor\.venv\lib\site-packages\fastapi\routing.py", line 755, in app
    raise validation_error
fastapi.exceptions.RequestValidationError: 1 validation error:
  {'type': 'value_error', 'loc': ('body', 'request_id'), 'msg': "Value error, Invalid request_id '1': must be a unique identifier, not simple sequential numbers like 1, 2, 3...", 'input': '1', 'ctx': {'error': ValueError("Invalid request_id '1': must be a unique identifier, not simple sequential numbers like 1, 2, 3...")}}

  File "C:\Users\Asus\PycharmProjects\pdf_processor\app.py", line 159, in process_pdf
    POST /process-pdf
[2026-09-07 11:22:56] [ERROR] [2] [app.py:138] RequestValidationError: body -> request_id: Value error, Invalid request_id '2': must be a unique identifier, not simple sequential numbers like 1, 2, 3...
Traceback (most recent call last):
  File "C:\Users\Asus\PycharmProjects\pdf_processor\.venv\lib\site-packages\starlette\_exception_handler.py", line 42, in wrapped_app
    await app(scope, receive, sender)
  File "C:\Users\Asus\PycharmProjects\pdf_processor\.venv\lib\site-packages\fastapi\routing.py", line 144, in app
    response = await f(request)
  File "C:\Users\Asus\PycharmProjects\pdf_processor\.venv\lib\site-packages\fastapi\routing.py", line 755, in app
    raise validation_error
fastapi.exceptions.RequestValidationError: 1 validation error:
  {'type': 'value_error', 'loc': ('body', 'request_id'), 'msg': "Value error, Invalid request_id '2': must be a unique identifier, not simple sequential numbers like 1, 2, 3...", 'input': '2', 'ctx': {'error': ValueError("Invalid request_id '2': must be a unique identifier, not simple sequential numbers like 1, 2, 3...")}}

  File "C:\Users\Asus\PycharmProjects\pdf_processor\app.py", line 159, in process_pdf
    POST /process-pdf
[2026-09-07 11:22:56] [ERROR] [3] [app.py:138] RequestValidationError: body -> request_id: Value error, Invalid request_id '3': must be a unique identifier, not simple sequential numbers like 1, 2, 3...
Traceback (most recent call last):
  File "C:\Users\Asus\PycharmProjects\pdf_processor\.venv\lib\site-packages\starlette\_exception_handler.py", line 42, in wrapped_app
    await app(scope, receive, sender)
  File "C:\Users\Asus\PycharmProjects\pdf_processor\.venv\lib\site-packages\fastapi\routing.py", line 144, in app
    response = await f(request)
  File "C:\Users\Asus\PycharmProjects\pdf_processor\.venv\lib\site-packages\fastapi\routing.py", line 755, in app
    raise validation_error
fastapi.exceptions.RequestValidationError: 1 validation error:
  {'type': 'value_error', 'loc': ('body', 'request_id'), 'msg': "Value error, Invalid request_id '3': must be a unique identifier, not simple sequential numbers like 1, 2, 3...", 'input': '3', 'ctx': {'error': ValueError("Invalid request_id '3': must be a unique identifier, not simple sequential numbers like 1, 2, 3...")}}

  File "C:\Users\Asus\PycharmProjects\pdf_processor\app.py", line 159, in process_pdf
    POST /process-pdf
[2026-09-07 11:22:56] [ERROR] [007] [app.py:138] RequestValidationError: body -> request_id: Value error, Invalid request_id '007': must be a unique identifier, not simple sequential numbers like 1, 2, 3...
Traceback (most recent call last):
  File "C:\Users\Asus\PycharmProjects\pdf_processor\.venv\lib\site-packages\starlette\_exception_handler.py", line 42, in wrapped_app
    await app(scope, receive, sender)
  File "C:\Users\Asus\PycharmProjects\pdf_processor\.venv\lib\site-packages\fastapi\routing.py", line 144, in app
    response = await f(request)
  File "C:\Users\Asus\PycharmProjects\pdf_processor\.venv\lib\site-packages\fastapi\routing.py", line 755, in app
    raise validation_error
fastapi.exceptions.RequestValidationError: 1 validation error:
  {'type': 'value_error', 'loc': ('body', 'request_id'), 'msg': "Value error, Invalid request_id '007': must be a unique identifier, not simple sequential numbers like 1, 2, 3...", 'input': '007', 'ctx': {'error': ValueError("Invalid request_id '007': must be a unique identifier, not simple sequential numbers like 1, 2, 3...")}}

  File "C:\Users\Asus\PycharmProjects\pdf_processor\app.py", line 159, in process_pdf
    POST /process-pdf
[2026-09-07 11:31:52] [ERROR] [req-test-not-found-404] [app.py:481] FileNotFoundError: The PDF file does not exist at 'non_existent_file_12345.pdf'
[2026-09-07 11:31:52] [ERROR] [req-test-invalid-ext] [app.py:493] ValueError: Invalid file extension '.md'. Expected a '.pdf' file.
[2026-09-07 11:31:52] [ERROR] [req-test-corrupt-001] [app.py:506] Failed to open PDF file 'C:\Users\Asus\AppData\Local\Temp\pytest-of-Asus\pytest-3\test_corrupted_pdf0\corrupted.pdf': PdfStreamError: Stream has ended unexpectedly
Traceback (most recent call last):
  File "C:\Users\Asus\PycharmProjects\pdf_processor\app.py", line 502, in process_pdf
    reader = PdfReader(str(file_path.resolve()))
  File "C:\Users\Asus\PycharmProjects\pdf_processor\.venv\lib\site-packages\pypdf\_reader.py", line 149, in __init__
    self._initialize_stream(stream)
  File "C:\Users\Asus\PycharmProjects\pdf_processor\.venv\lib\site-packages\pypdf\_reader.py", line 173, in _initialize_stream
    self.read(stream)
  File "C:\Users\Asus\PycharmProjects\pdf_processor\.venv\lib\site-packages\pypdf\_reader.py", line 680, in read
    self._find_eof_marker(stream)
  File "C:\Users\Asus\PycharmProjects\pdf_processor\.venv\lib\site-packages\pypdf\_reader.py", line 793, in _find_eof_marker
    line = read_previous_line(stream)
  File "C:\Users\Asus\PycharmProjects\pdf_processor\.venv\lib\site-packages\pypdf\_utils.py", line 370, in read_previous_line
    raise PdfStreamError(STREAM_TRUNCATED_PREMATURELY)
pypdf.errors.PdfStreamError: Stream has ended unexpectedly
[2026-09-07 11:31:52] [ERROR] [req-unique-id-999] [app.py:470] ConflictError: Duplicate request_id: 'req-unique-id-999' has already been processed. Each request must have a unique request_id.
[2026-09-07 11:31:52] [ERROR] [1] [app.py:143] RequestValidationError: body -> request_id: Value error, Invalid request_id '1': must be a unique identifier, not simple sequential numbers like 1, 2, 3...
Traceback (most recent call last):
  File "C:\Users\Asus\PycharmProjects\pdf_processor\.venv\lib\site-packages\starlette\_exception_handler.py", line 42, in wrapped_app
    await app(scope, receive, sender)
  File "C:\Users\Asus\PycharmProjects\pdf_processor\.venv\lib\site-packages\fastapi\routing.py", line 144, in app
    response = await f(request)
  File "C:\Users\Asus\PycharmProjects\pdf_processor\.venv\lib\site-packages\fastapi\routing.py", line 755, in app
    raise validation_error
fastapi.exceptions.RequestValidationError: 1 validation error:
  {'type': 'value_error', 'loc': ('body', 'request_id'), 'msg': "Value error, Invalid request_id '1': must be a unique identifier, not simple sequential numbers like 1, 2, 3...", 'input': '1', 'ctx': {'error': ValueError("Invalid request_id '1': must be a unique identifier, not simple sequential numbers like 1, 2, 3...")}}

  File "C:\Users\Asus\PycharmProjects\pdf_processor\app.py", line 452, in process_pdf
    POST /process-pdf
[2026-09-07 11:31:52] [ERROR] [2] [app.py:143] RequestValidationError: body -> request_id: Value error, Invalid request_id '2': must be a unique identifier, not simple sequential numbers like 1, 2, 3...
Traceback (most recent call last):
  File "C:\Users\Asus\PycharmProjects\pdf_processor\.venv\lib\site-packages\starlette\_exception_handler.py", line 42, in wrapped_app
    await app(scope, receive, sender)
  File "C:\Users\Asus\PycharmProjects\pdf_processor\.venv\lib\site-packages\fastapi\routing.py", line 144, in app
    response = await f(request)
  File "C:\Users\Asus\PycharmProjects\pdf_processor\.venv\lib\site-packages\fastapi\routing.py", line 755, in app
    raise validation_error
fastapi.exceptions.RequestValidationError: 1 validation error:
  {'type': 'value_error', 'loc': ('body', 'request_id'), 'msg': "Value error, Invalid request_id '2': must be a unique identifier, not simple sequential numbers like 1, 2, 3...", 'input': '2', 'ctx': {'error': ValueError("Invalid request_id '2': must be a unique identifier, not simple sequential numbers like 1, 2, 3...")}}

  File "C:\Users\Asus\PycharmProjects\pdf_processor\app.py", line 452, in process_pdf
    POST /process-pdf
[2026-09-07 11:31:52] [ERROR] [3] [app.py:143] RequestValidationError: body -> request_id: Value error, Invalid request_id '3': must be a unique identifier, not simple sequential numbers like 1, 2, 3...
Traceback (most recent call last):
  File "C:\Users\Asus\PycharmProjects\pdf_processor\.venv\lib\site-packages\starlette\_exception_handler.py", line 42, in wrapped_app
    await app(scope, receive, sender)
  File "C:\Users\Asus\PycharmProjects\pdf_processor\.venv\lib\site-packages\fastapi\routing.py", line 144, in app
    response = await f(request)
  File "C:\Users\Asus\PycharmProjects\pdf_processor\.venv\lib\site-packages\fastapi\routing.py", line 755, in app
    raise validation_error
fastapi.exceptions.RequestValidationError: 1 validation error:
  {'type': 'value_error', 'loc': ('body', 'request_id'), 'msg': "Value error, Invalid request_id '3': must be a unique identifier, not simple sequential numbers like 1, 2, 3...", 'input': '3', 'ctx': {'error': ValueError("Invalid request_id '3': must be a unique identifier, not simple sequential numbers like 1, 2, 3...")}}

  File "C:\Users\Asus\PycharmProjects\pdf_processor\app.py", line 452, in process_pdf
    POST /process-pdf
[2026-09-07 11:31:52] [ERROR] [007] [app.py:143] RequestValidationError: body -> request_id: Value error, Invalid request_id '007': must be a unique identifier, not simple sequential numbers like 1, 2, 3...
Traceback (most recent call last):
  File "C:\Users\Asus\PycharmProjects\pdf_processor\.venv\lib\site-packages\starlette\_exception_handler.py", line 42, in wrapped_app
    await app(scope, receive, sender)
  File "C:\Users\Asus\PycharmProjects\pdf_processor\.venv\lib\site-packages\fastapi\routing.py", line 144, in app
    response = await f(request)
  File "C:\Users\Asus\PycharmProjects\pdf_processor\.venv\lib\site-packages\fastapi\routing.py", line 755, in app
    raise validation_error
fastapi.exceptions.RequestValidationError: 1 validation error:
  {'type': 'value_error', 'loc': ('body', 'request_id'), 'msg': "Value error, Invalid request_id '007': must be a unique identifier, not simple sequential numbers like 1, 2, 3...", 'input': '007', 'ctx': {'error': ValueError("Invalid request_id '007': must be a unique identifier, not simple sequential numbers like 1, 2, 3...")}}

  File "C:\Users\Asus\PycharmProjects\pdf_processor\app.py", line 452, in process_pdf
    POST /process-pdf
[2026-09-07 11:32:13] [ERROR] [req-test-not-found-404] [app.py:481] FileNotFoundError: The PDF file does not exist at 'non_existent_file_12345.pdf'
[2026-09-07 11:32:13] [ERROR] [req-test-invalid-ext] [app.py:493] ValueError: Invalid file extension '.md'. Expected a '.pdf' file.
[2026-09-07 11:32:13] [ERROR] [req-test-corrupt-001] [app.py:506] Failed to open PDF file 'C:\Users\Asus\AppData\Local\Temp\pytest-of-Asus\pytest-4\test_corrupted_pdf0\corrupted.pdf': PdfStreamError: Stream has ended unexpectedly
Traceback (most recent call last):
  File "C:\Users\Asus\PycharmProjects\pdf_processor\app.py", line 502, in process_pdf
    reader = PdfReader(str(file_path.resolve()))
  File "C:\Users\Asus\PycharmProjects\pdf_processor\.venv\lib\site-packages\pypdf\_reader.py", line 149, in __init__
    self._initialize_stream(stream)
  File "C:\Users\Asus\PycharmProjects\pdf_processor\.venv\lib\site-packages\pypdf\_reader.py", line 173, in _initialize_stream
    self.read(stream)
  File "C:\Users\Asus\PycharmProjects\pdf_processor\.venv\lib\site-packages\pypdf\_reader.py", line 680, in read
    self._find_eof_marker(stream)
  File "C:\Users\Asus\PycharmProjects\pdf_processor\.venv\lib\site-packages\pypdf\_reader.py", line 793, in _find_eof_marker
    line = read_previous_line(stream)
  File "C:\Users\Asus\PycharmProjects\pdf_processor\.venv\lib\site-packages\pypdf\_utils.py", line 370, in read_previous_line
    raise PdfStreamError(STREAM_TRUNCATED_PREMATURELY)
pypdf.errors.PdfStreamError: Stream has ended unexpectedly
[2026-09-07 11:32:13] [ERROR] [req-unique-id-999] [app.py:470] ConflictError: Duplicate request_id: 'req-unique-id-999' has already been processed. Each request must have a unique request_id.
[2026-09-07 11:32:14] [ERROR] [1] [app.py:143] RequestValidationError: body -> request_id: Value error, Invalid request_id '1': must be a unique identifier, not simple sequential numbers like 1, 2, 3...
Traceback (most recent call last):
  File "C:\Users\Asus\PycharmProjects\pdf_processor\.venv\lib\site-packages\starlette\_exception_handler.py", line 42, in wrapped_app
    await app(scope, receive, sender)
  File "C:\Users\Asus\PycharmProjects\pdf_processor\.venv\lib\site-packages\fastapi\routing.py", line 144, in app
    response = await f(request)
  File "C:\Users\Asus\PycharmProjects\pdf_processor\.venv\lib\site-packages\fastapi\routing.py", line 755, in app
    raise validation_error
fastapi.exceptions.RequestValidationError: 1 validation error:
  {'type': 'value_error', 'loc': ('body', 'request_id'), 'msg': "Value error, Invalid request_id '1': must be a unique identifier, not simple sequential numbers like 1, 2, 3...", 'input': '1', 'ctx': {'error': ValueError("Invalid request_id '1': must be a unique identifier, not simple sequential numbers like 1, 2, 3...")}}

  File "C:\Users\Asus\PycharmProjects\pdf_processor\app.py", line 452, in process_pdf
    POST /process-pdf
[2026-09-07 11:32:14] [ERROR] [2] [app.py:143] RequestValidationError: body -> request_id: Value error, Invalid request_id '2': must be a unique identifier, not simple sequential numbers like 1, 2, 3...
Traceback (most recent call last):
  File "C:\Users\Asus\PycharmProjects\pdf_processor\.venv\lib\site-packages\starlette\_exception_handler.py", line 42, in wrapped_app
    await app(scope, receive, sender)
  File "C:\Users\Asus\PycharmProjects\pdf_processor\.venv\lib\site-packages\fastapi\routing.py", line 144, in app
    response = await f(request)
  File "C:\Users\Asus\PycharmProjects\pdf_processor\.venv\lib\site-packages\fastapi\routing.py", line 755, in app
    raise validation_error
fastapi.exceptions.RequestValidationError: 1 validation error:
  {'type': 'value_error', 'loc': ('body', 'request_id'), 'msg': "Value error, Invalid request_id '2': must be a unique identifier, not simple sequential numbers like 1, 2, 3...", 'input': '2', 'ctx': {'error': ValueError("Invalid request_id '2': must be a unique identifier, not simple sequential numbers like 1, 2, 3...")}}

  File "C:\Users\Asus\PycharmProjects\pdf_processor\app.py", line 452, in process_pdf
    POST /process-pdf
[2026-09-07 11:32:14] [ERROR] [3] [app.py:143] RequestValidationError: body -> request_id: Value error, Invalid request_id '3': must be a unique identifier, not simple sequential numbers like 1, 2, 3...
Traceback (most recent call last):
  File "C:\Users\Asus\PycharmProjects\pdf_processor\.venv\lib\site-packages\starlette\_exception_handler.py", line 42, in wrapped_app
    await app(scope, receive, sender)
  File "C:\Users\Asus\PycharmProjects\pdf_processor\.venv\lib\site-packages\fastapi\routing.py", line 144, in app
    response = await f(request)
  File "C:\Users\Asus\PycharmProjects\pdf_processor\.venv\lib\site-packages\fastapi\routing.py", line 755, in app
    raise validation_error
fastapi.exceptions.RequestValidationError: 1 validation error:
  {'type': 'value_error', 'loc': ('body', 'request_id'), 'msg': "Value error, Invalid request_id '3': must be a unique identifier, not simple sequential numbers like 1, 2, 3...", 'input': '3', 'ctx': {'error': ValueError("Invalid request_id '3': must be a unique identifier, not simple sequential numbers like 1, 2, 3...")}}

  File "C:\Users\Asus\PycharmProjects\pdf_processor\app.py", line 452, in process_pdf
    POST /process-pdf
[2026-09-07 11:32:14] [ERROR] [007] [app.py:143] RequestValidationError: body -> request_id: Value error, Invalid request_id '007': must be a unique identifier, not simple sequential numbers like 1, 2, 3...
Traceback (most recent call last):
  File "C:\Users\Asus\PycharmProjects\pdf_processor\.venv\lib\site-packages\starlette\_exception_handler.py", line 42, in wrapped_app
    await app(scope, receive, sender)
  File "C:\Users\Asus\PycharmProjects\pdf_processor\.venv\lib\site-packages\fastapi\routing.py", line 144, in app
    response = await f(request)
  File "C:\Users\Asus\PycharmProjects\pdf_processor\.venv\lib\site-packages\fastapi\routing.py", line 755, in app
    raise validation_error
fastapi.exceptions.RequestValidationError: 1 validation error:
  {'type': 'value_error', 'loc': ('body', 'request_id'), 'msg': "Value error, Invalid request_id '007': must be a unique identifier, not simple sequential numbers like 1, 2, 3...", 'input': '007', 'ctx': {'error': ValueError("Invalid request_id '007': must be a unique identifier, not simple sequential numbers like 1, 2, 3...")}}

  File "C:\Users\Asus\PycharmProjects\pdf_processor\app.py", line 452, in process_pdf
    POST /process-pdf
[2026-09-07 12:23:27] [ERROR] [req-mtqvvfhr-f7usyh] [app.py:470] ConflictError: Duplicate request_id: 'req-mtqvvfhr-f7usyh' has already been processed. Each request must have a unique request_id.
[2026-09-07 12:27:22] [ERROR] [req-789a-bc12] [app.py:470] ConflictError: Duplicate request_id: 'req-789a-bc12' has already been processed. Each request must have a unique request_id.
[2026-09-07 12:36:26] [ERROR] [req-mtqw2cq0-o98axn] [app.py:470] ConflictError: Duplicate request_id: 'req-mtqw2cq0-o98axn' has already been processed. Each request must have a unique request_id.
[2026-09-07 13:47:02] [ERROR] [req-mtqw2cq0-o98sdj] [app.py:470] ConflictError: Duplicate request_id: 'req-mtqw2cq0-o98sdj' has already been processed. Each request must have a unique request_id.
[2026-09-07 13:58:54] [ERROR] [req-789a-bc12] [app.py:470] ConflictError: Duplicate request_id: 'req-789a-bc12' has already been processed. Each request must have a unique request_id.
[2026-09-07 13:58:56] [ERROR] [req-789a-bc12] [app.py:470] ConflictError: Duplicate request_id: 'req-789a-bc12' has already been processed. Each request must have a unique request_id.
[2026-09-07 14:08:25] [ERROR] [req-test-not-found-404] [app.py:192] FileNotFoundError: The PDF file does not exist at 'missing_123.pdf'
[2026-09-07 14:08:25] [ERROR] [req-test-invalid-ext] [app.py:204] ValueError: Invalid file extension '.md'. Expected a '.pdf' file.
[2026-09-07 14:08:25] [ERROR] [req-test-corrupt-001] [app.py:217] Failed to open PDF file 'C:\Users\Asus\AppData\Local\Temp\pytest-of-Asus\pytest-5\test_corrupted_pdf0\corrupted.pdf': PdfStreamError: Stream has ended unexpectedly
Traceback (most recent call last):
  File "C:\Users\Asus\PycharmProjects\pdf_processor\app.py", line 213, in process_pdf
    reader = PdfReader(str(file_path.resolve()))
  File "C:\Users\Asus\PycharmProjects\pdf_processor\.venv\lib\site-packages\pypdf\_reader.py", line 149, in __init__
    self._initialize_stream(stream)
  File "C:\Users\Asus\PycharmProjects\pdf_processor\.venv\lib\site-packages\pypdf\_reader.py", line 173, in _initialize_stream
    self.read(stream)
  File "C:\Users\Asus\PycharmProjects\pdf_processor\.venv\lib\site-packages\pypdf\_reader.py", line 680, in read
    self._find_eof_marker(stream)
  File "C:\Users\Asus\PycharmProjects\pdf_processor\.venv\lib\site-packages\pypdf\_reader.py", line 793, in _find_eof_marker
    line = read_previous_line(stream)
  File "C:\Users\Asus\PycharmProjects\pdf_processor\.venv\lib\site-packages\pypdf\_utils.py", line 370, in read_previous_line
    raise PdfStreamError(STREAM_TRUNCATED_PREMATURELY)
pypdf.errors.PdfStreamError: Stream has ended unexpectedly
[2026-09-07 14:08:25] [ERROR] [req-unique-id-999] [app.py:181] ConflictError: Duplicate request_id: 'req-unique-id-999' has already been processed. Each request must have a unique request_id.
[2026-09-07 14:08:25] [ERROR] [1] [app.py:75] RequestValidationError: body -> request_id: Value error, Invalid request_id '1': must be a unique identifier, not simple sequential numbers like 1, 2, 3...
Traceback (most recent call last):
  File "C:\Users\Asus\PycharmProjects\pdf_processor\.venv\lib\site-packages\starlette\_exception_handler.py", line 42, in wrapped_app
    await app(scope, receive, sender)
  File "C:\Users\Asus\PycharmProjects\pdf_processor\.venv\lib\site-packages\fastapi\routing.py", line 144, in app
    response = await f(request)
  File "C:\Users\Asus\PycharmProjects\pdf_processor\.venv\lib\site-packages\fastapi\routing.py", line 755, in app
    raise validation_error
fastapi.exceptions.RequestValidationError: 1 validation error:
  {'type': 'value_error', 'loc': ('body', 'request_id'), 'msg': "Value error, Invalid request_id '1': must be a unique identifier, not simple sequential numbers like 1, 2, 3...", 'input': '1', 'ctx': {'error': ValueError("Invalid request_id '1': must be a unique identifier, not simple sequential numbers like 1, 2, 3...")}}

  File "C:\Users\Asus\PycharmProjects\pdf_processor\app.py", line 169, in process_pdf
    POST /process-pdf
[2026-09-07 14:08:26] [ERROR] [2] [app.py:75] RequestValidationError: body -> request_id: Value error, Invalid request_id '2': must be a unique identifier, not simple sequential numbers like 1, 2, 3...
Traceback (most recent call last):
  File "C:\Users\Asus\PycharmProjects\pdf_processor\.venv\lib\site-packages\starlette\_exception_handler.py", line 42, in wrapped_app
    await app(scope, receive, sender)
  File "C:\Users\Asus\PycharmProjects\pdf_processor\.venv\lib\site-packages\fastapi\routing.py", line 144, in app
    response = await f(request)
  File "C:\Users\Asus\PycharmProjects\pdf_processor\.venv\lib\site-packages\fastapi\routing.py", line 755, in app
    raise validation_error
fastapi.exceptions.RequestValidationError: 1 validation error:
  {'type': 'value_error', 'loc': ('body', 'request_id'), 'msg': "Value error, Invalid request_id '2': must be a unique identifier, not simple sequential numbers like 1, 2, 3...", 'input': '2', 'ctx': {'error': ValueError("Invalid request_id '2': must be a unique identifier, not simple sequential numbers like 1, 2, 3...")}}

  File "C:\Users\Asus\PycharmProjects\pdf_processor\app.py", line 169, in process_pdf
    POST /process-pdf
[2026-09-07 14:08:26] [ERROR] [3] [app.py:75] RequestValidationError: body -> request_id: Value error, Invalid request_id '3': must be a unique identifier, not simple sequential numbers like 1, 2, 3...
Traceback (most recent call last):
  File "C:\Users\Asus\PycharmProjects\pdf_processor\.venv\lib\site-packages\starlette\_exception_handler.py", line 42, in wrapped_app
    await app(scope, receive, sender)
  File "C:\Users\Asus\PycharmProjects\pdf_processor\.venv\lib\site-packages\fastapi\routing.py", line 144, in app
    response = await f(request)
  File "C:\Users\Asus\PycharmProjects\pdf_processor\.venv\lib\site-packages\fastapi\routing.py", line 755, in app
    raise validation_error
fastapi.exceptions.RequestValidationError: 1 validation error:
  {'type': 'value_error', 'loc': ('body', 'request_id'), 'msg': "Value error, Invalid request_id '3': must be a unique identifier, not simple sequential numbers like 1, 2, 3...", 'input': '3', 'ctx': {'error': ValueError("Invalid request_id '3': must be a unique identifier, not simple sequential numbers like 1, 2, 3...")}}

  File "C:\Users\Asus\PycharmProjects\pdf_processor\app.py", line 169, in process_pdf
    POST /process-pdf
[2026-09-07 14:08:26] [ERROR] [007] [app.py:75] RequestValidationError: body -> request_id: Value error, Invalid request_id '007': must be a unique identifier, not simple sequential numbers like 1, 2, 3...
Traceback (most recent call last):
  File "C:\Users\Asus\PycharmProjects\pdf_processor\.venv\lib\site-packages\starlette\_exception_handler.py", line 42, in wrapped_app
    await app(scope, receive, sender)
  File "C:\Users\Asus\PycharmProjects\pdf_processor\.venv\lib\site-packages\fastapi\routing.py", line 144, in app
    response = await f(request)
  File "C:\Users\Asus\PycharmProjects\pdf_processor\.venv\lib\site-packages\fastapi\routing.py", line 755, in app
    raise validation_error
fastapi.exceptions.RequestValidationError: 1 validation error:
  {'type': 'value_error', 'loc': ('body', 'request_id'), 'msg': "Value error, Invalid request_id '007': must be a unique identifier, not simple sequential numbers like 1, 2, 3...", 'input': '007', 'ctx': {'error': ValueError("Invalid request_id '007': must be a unique identifier, not simple sequential numbers like 1, 2, 3...")}}

  File "C:\Users\Asus\PycharmProjects\pdf_processor\app.py", line 169, in process_pdf
    POST /process-pdf
[2026-09-07 15:04:38] [ERROR] [req-test-not-found-404] [app.py:366] FileNotFoundError: The PDF file does not exist at 'missing_123.pdf'
[2026-09-07 15:04:38] [ERROR] [req-test-invalid-ext] [app.py:378] ValueError: Invalid file extension '.md'. Expected a '.pdf' file.
[2026-09-07 15:04:38] [ERROR] [req-test-corrupt-001] [app.py:391] Failed to open PDF file 'C:\Users\Asus\AppData\Local\Temp\pytest-of-Asus\pytest-6\test_corrupted_pdf0\corrupted.pdf': PdfStreamError: Stream has ended unexpectedly
Traceback (most recent call last):
  File "C:\Users\Asus\PycharmProjects\pdf_processor\app.py", line 387, in process_pdf
    reader = PdfReader(str(file_path.resolve()))
  File "C:\Users\Asus\PycharmProjects\pdf_processor\.venv\lib\site-packages\pypdf\_reader.py", line 149, in __init__
    self._initialize_stream(stream)
  File "C:\Users\Asus\PycharmProjects\pdf_processor\.venv\lib\site-packages\pypdf\_reader.py", line 173, in _initialize_stream
    self.read(stream)
  File "C:\Users\Asus\PycharmProjects\pdf_processor\.venv\lib\site-packages\pypdf\_reader.py", line 680, in read
    self._find_eof_marker(stream)
  File "C:\Users\Asus\PycharmProjects\pdf_processor\.venv\lib\site-packages\pypdf\_reader.py", line 793, in _find_eof_marker
    line = read_previous_line(stream)
  File "C:\Users\Asus\PycharmProjects\pdf_processor\.venv\lib\site-packages\pypdf\_utils.py", line 370, in read_previous_line
    raise PdfStreamError(STREAM_TRUNCATED_PREMATURELY)
pypdf.errors.PdfStreamError: Stream has ended unexpectedly
[2026-09-07 15:04:38] [ERROR] [req-unique-id-999] [app.py:355] ConflictError: Duplicate request_id: 'req-unique-id-999' has already been processed. Each request must have a unique request_id.
[2026-09-07 15:04:38] [ERROR] [1] [app.py:76] RequestValidationError: body -> request_id: Value error, Invalid request_id '1': must be a unique identifier, not simple sequential numbers like 1, 2, 3...
Traceback (most recent call last):
  File "C:\Users\Asus\PycharmProjects\pdf_processor\.venv\lib\site-packages\starlette\_exception_handler.py", line 42, in wrapped_app
    await app(scope, receive, sender)
  File "C:\Users\Asus\PycharmProjects\pdf_processor\.venv\lib\site-packages\fastapi\routing.py", line 144, in app
    response = await f(request)
  File "C:\Users\Asus\PycharmProjects\pdf_processor\.venv\lib\site-packages\fastapi\routing.py", line 755, in app
    raise validation_error
fastapi.exceptions.RequestValidationError: 1 validation error:
  {'type': 'value_error', 'loc': ('body', 'request_id'), 'msg': "Value error, Invalid request_id '1': must be a unique identifier, not simple sequential numbers like 1, 2, 3...", 'input': '1', 'ctx': {'error': ValueError("Invalid request_id '1': must be a unique identifier, not simple sequential numbers like 1, 2, 3...")}}

  File "C:\Users\Asus\PycharmProjects\pdf_processor\app.py", line 343, in process_pdf
    POST /process-pdf
[2026-09-07 15:04:38] [ERROR] [2] [app.py:76] RequestValidationError: body -> request_id: Value error, Invalid request_id '2': must be a unique identifier, not simple sequential numbers like 1, 2, 3...
Traceback (most recent call last):
  File "C:\Users\Asus\PycharmProjects\pdf_processor\.venv\lib\site-packages\starlette\_exception_handler.py", line 42, in wrapped_app
    await app(scope, receive, sender)
  File "C:\Users\Asus\PycharmProjects\pdf_processor\.venv\lib\site-packages\fastapi\routing.py", line 144, in app
    response = await f(request)
  File "C:\Users\Asus\PycharmProjects\pdf_processor\.venv\lib\site-packages\fastapi\routing.py", line 755, in app
    raise validation_error
fastapi.exceptions.RequestValidationError: 1 validation error:
  {'type': 'value_error', 'loc': ('body', 'request_id'), 'msg': "Value error, Invalid request_id '2': must be a unique identifier, not simple sequential numbers like 1, 2, 3...", 'input': '2', 'ctx': {'error': ValueError("Invalid request_id '2': must be a unique identifier, not simple sequential numbers like 1, 2, 3...")}}

  File "C:\Users\Asus\PycharmProjects\pdf_processor\app.py", line 343, in process_pdf
    POST /process-pdf
[2026-09-07 15:04:38] [ERROR] [3] [app.py:76] RequestValidationError: body -> request_id: Value error, Invalid request_id '3': must be a unique identifier, not simple sequential numbers like 1, 2, 3...
Traceback (most recent call last):
  File "C:\Users\Asus\PycharmProjects\pdf_processor\.venv\lib\site-packages\starlette\_exception_handler.py", line 42, in wrapped_app
    await app(scope, receive, sender)
  File "C:\Users\Asus\PycharmProjects\pdf_processor\.venv\lib\site-packages\fastapi\routing.py", line 144, in app
    response = await f(request)
  File "C:\Users\Asus\PycharmProjects\pdf_processor\.venv\lib\site-packages\fastapi\routing.py", line 755, in app
    raise validation_error
fastapi.exceptions.RequestValidationError: 1 validation error:
  {'type': 'value_error', 'loc': ('body', 'request_id'), 'msg': "Value error, Invalid request_id '3': must be a unique identifier, not simple sequential numbers like 1, 2, 3...", 'input': '3', 'ctx': {'error': ValueError("Invalid request_id '3': must be a unique identifier, not simple sequential numbers like 1, 2, 3...")}}

  File "C:\Users\Asus\PycharmProjects\pdf_processor\app.py", line 343, in process_pdf
    POST /process-pdf
[2026-09-07 15:04:38] [ERROR] [007] [app.py:76] RequestValidationError: body -> request_id: Value error, Invalid request_id '007': must be a unique identifier, not simple sequential numbers like 1, 2, 3...
Traceback (most recent call last):
  File "C:\Users\Asus\PycharmProjects\pdf_processor\.venv\lib\site-packages\starlette\_exception_handler.py", line 42, in wrapped_app
    await app(scope, receive, sender)
  File "C:\Users\Asus\PycharmProjects\pdf_processor\.venv\lib\site-packages\fastapi\routing.py", line 144, in app
    response = await f(request)
  File "C:\Users\Asus\PycharmProjects\pdf_processor\.venv\lib\site-packages\fastapi\routing.py", line 755, in app
    raise validation_error
fastapi.exceptions.RequestValidationError: 1 validation error:
  {'type': 'value_error', 'loc': ('body', 'request_id'), 'msg': "Value error, Invalid request_id '007': must be a unique identifier, not simple sequential numbers like 1, 2, 3...", 'input': '007', 'ctx': {'error': ValueError("Invalid request_id '007': must be a unique identifier, not simple sequential numbers like 1, 2, 3...")}}

  File "C:\Users\Asus\PycharmProjects\pdf_processor\app.py", line 343, in process_pdf
    POST /process-pdf
[2026-09-07 15:18:01] [ERROR] [req-test-not-found-404] [app.py:388] FileNotFoundError: The PDF file does not exist at 'missing_123.pdf'
[2026-09-07 15:18:01] [ERROR] [req-test-invalid-ext] [app.py:400] ValueError: Invalid file extension '.md'. Expected a '.pdf' file.
[2026-09-07 15:18:01] [ERROR] [req-test-corrupt-001] [app.py:413] Failed to open PDF file 'C:\Users\Asus\AppData\Local\Temp\pytest-of-Asus\pytest-7\test_corrupted_pdf0\corrupted.pdf': PdfStreamError: Stream has ended unexpectedly
Traceback (most recent call last):
  File "C:\Users\Asus\PycharmProjects\pdf_processor\app.py", line 409, in process_pdf
    reader = PdfReader(str(file_path.resolve()))
  File "C:\Users\Asus\PycharmProjects\pdf_processor\.venv\lib\site-packages\pypdf\_reader.py", line 149, in __init__
    self._initialize_stream(stream)
  File "C:\Users\Asus\PycharmProjects\pdf_processor\.venv\lib\site-packages\pypdf\_reader.py", line 173, in _initialize_stream
    self.read(stream)
  File "C:\Users\Asus\PycharmProjects\pdf_processor\.venv\lib\site-packages\pypdf\_reader.py", line 680, in read
    self._find_eof_marker(stream)
  File "C:\Users\Asus\PycharmProjects\pdf_processor\.venv\lib\site-packages\pypdf\_reader.py", line 793, in _find_eof_marker
    line = read_previous_line(stream)
  File "C:\Users\Asus\PycharmProjects\pdf_processor\.venv\lib\site-packages\pypdf\_utils.py", line 370, in read_previous_line
    raise PdfStreamError(STREAM_TRUNCATED_PREMATURELY)
pypdf.errors.PdfStreamError: Stream has ended unexpectedly
[2026-09-07 15:18:01] [ERROR] [req-unique-id-999] [app.py:377] ConflictError: Duplicate request_id: 'req-unique-id-999' has already been processed. Each request must have a unique request_id.
[2026-09-07 15:18:01] [ERROR] [1] [app.py:99] RequestValidationError: body -> request_id: Value error, Invalid request_id '1': must be a unique identifier, not simple sequential numbers like 1, 2, 3...
Traceback (most recent call last):
  File "C:\Users\Asus\PycharmProjects\pdf_processor\.venv\lib\site-packages\starlette\_exception_handler.py", line 42, in wrapped_app
    await app(scope, receive, sender)
  File "C:\Users\Asus\PycharmProjects\pdf_processor\.venv\lib\site-packages\fastapi\routing.py", line 144, in app
    response = await f(request)
  File "C:\Users\Asus\PycharmProjects\pdf_processor\.venv\lib\site-packages\fastapi\routing.py", line 755, in app
    raise validation_error
fastapi.exceptions.RequestValidationError: 1 validation error:
  {'type': 'value_error', 'loc': ('body', 'request_id'), 'msg': "Value error, Invalid request_id '1': must be a unique identifier, not simple sequential numbers like 1, 2, 3...", 'input': '1', 'ctx': {'error': ValueError("Invalid request_id '1': must be a unique identifier, not simple sequential numbers like 1, 2, 3...")}}

  File "C:\Users\Asus\PycharmProjects\pdf_processor\app.py", line 365, in process_pdf
    POST /process-pdf
[2026-09-07 15:18:01] [ERROR] [2] [app.py:99] RequestValidationError: body -> request_id: Value error, Invalid request_id '2': must be a unique identifier, not simple sequential numbers like 1, 2, 3...
Traceback (most recent call last):
  File "C:\Users\Asus\PycharmProjects\pdf_processor\.venv\lib\site-packages\starlette\_exception_handler.py", line 42, in wrapped_app
    await app(scope, receive, sender)
  File "C:\Users\Asus\PycharmProjects\pdf_processor\.venv\lib\site-packages\fastapi\routing.py", line 144, in app
    response = await f(request)
  File "C:\Users\Asus\PycharmProjects\pdf_processor\.venv\lib\site-packages\fastapi\routing.py", line 755, in app
    raise validation_error
fastapi.exceptions.RequestValidationError: 1 validation error:
  {'type': 'value_error', 'loc': ('body', 'request_id'), 'msg': "Value error, Invalid request_id '2': must be a unique identifier, not simple sequential numbers like 1, 2, 3...", 'input': '2', 'ctx': {'error': ValueError("Invalid request_id '2': must be a unique identifier, not simple sequential numbers like 1, 2, 3...")}}

  File "C:\Users\Asus\PycharmProjects\pdf_processor\app.py", line 365, in process_pdf
    POST /process-pdf
[2026-09-07 15:18:01] [ERROR] [3] [app.py:99] RequestValidationError: body -> request_id: Value error, Invalid request_id '3': must be a unique identifier, not simple sequential numbers like 1, 2, 3...
Traceback (most recent call last):
  File "C:\Users\Asus\PycharmProjects\pdf_processor\.venv\lib\site-packages\starlette\_exception_handler.py", line 42, in wrapped_app
    await app(scope, receive, sender)
  File "C:\Users\Asus\PycharmProjects\pdf_processor\.venv\lib\site-packages\fastapi\routing.py", line 144, in app
    response = await f(request)
  File "C:\Users\Asus\PycharmProjects\pdf_processor\.venv\lib\site-packages\fastapi\routing.py", line 755, in app
    raise validation_error
fastapi.exceptions.RequestValidationError: 1 validation error:
  {'type': 'value_error', 'loc': ('body', 'request_id'), 'msg': "Value error, Invalid request_id '3': must be a unique identifier, not simple sequential numbers like 1, 2, 3...", 'input': '3', 'ctx': {'error': ValueError("Invalid request_id '3': must be a unique identifier, not simple sequential numbers like 1, 2, 3...")}}

  File "C:\Users\Asus\PycharmProjects\pdf_processor\app.py", line 365, in process_pdf
    POST /process-pdf
[2026-09-07 15:18:01] [ERROR] [007] [app.py:99] RequestValidationError: body -> request_id: Value error, Invalid request_id '007': must be a unique identifier, not simple sequential numbers like 1, 2, 3...
Traceback (most recent call last):
  File "C:\Users\Asus\PycharmProjects\pdf_processor\.venv\lib\site-packages\starlette\_exception_handler.py", line 42, in wrapped_app
    await app(scope, receive, sender)
  File "C:\Users\Asus\PycharmProjects\pdf_processor\.venv\lib\site-packages\fastapi\routing.py", line 144, in app
    response = await f(request)
  File "C:\Users\Asus\PycharmProjects\pdf_processor\.venv\lib\site-packages\fastapi\routing.py", line 755, in app
    raise validation_error
fastapi.exceptions.RequestValidationError: 1 validation error:
  {'type': 'value_error', 'loc': ('body', 'request_id'), 'msg': "Value error, Invalid request_id '007': must be a unique identifier, not simple sequential numbers like 1, 2, 3...", 'input': '007', 'ctx': {'error': ValueError("Invalid request_id '007': must be a unique identifier, not simple sequential numbers like 1, 2, 3...")}}

  File "C:\Users\Asus\PycharmProjects\pdf_processor\app.py", line 365, in process_pdf
    POST /process-pdf
[2026-09-07 16:38:21] [ERROR] [req-mtr4zdbc-ym6k] [app.py:377] ConflictError: Duplicate request_id: 'req-mtr4zdbc-ym6k' has already been processed. Each request must have a unique request_id.
[2026-09-07 16:39:46] [ERROR] [string] [app.py:388] FileNotFoundError: The PDF file does not exist at 'string'
[2026-09-07 16:39:48] [ERROR] [string] [app.py:377] ConflictError: Duplicate request_id: 'string' has already been processed. Each request must have a unique request_id.
[2026-09-07 16:46:26] [ERROR] [152655] [app.py:99] RequestValidationError: body -> request_id: Value error, Invalid request_id '152655': must be a unique identifier, not simple sequential numbers like 1, 2, 3...
Traceback (most recent call last):
  File "C:\Users\Asus\PycharmProjects\pdf_processor\.venv\lib\site-packages\starlette\_exception_handler.py", line 42, in wrapped_app
    await app(scope, receive, sender)
  File "C:\Users\Asus\PycharmProjects\pdf_processor\.venv\lib\site-packages\fastapi\routing.py", line 144, in app
    response = await f(request)
  File "C:\Users\Asus\PycharmProjects\pdf_processor\.venv\lib\site-packages\fastapi\routing.py", line 755, in app
    raise validation_error
fastapi.exceptions.RequestValidationError: 1 validation error:
  {'type': 'value_error', 'loc': ('body', 'request_id'), 'msg': "Value error, Invalid request_id '152655': must be a unique identifier, not simple sequential numbers like 1, 2, 3...", 'input': '152655', 'ctx': {'error': ValueError("Invalid request_id '152655': must be a unique identifier, not simple sequential numbers like 1, 2, 3...")}}

  File "C:\Users\Asus\PycharmProjects\pdf_processor\app.py", line 365, in process_pdf
    POST /process-pdf
[2026-09-07 16:46:41] [ERROR] [152655] [app.py:99] RequestValidationError: body -> request_id: Value error, Invalid request_id '152655': must be a unique identifier, not simple sequential numbers like 1, 2, 3...
Traceback (most recent call last):
  File "C:\Users\Asus\PycharmProjects\pdf_processor\.venv\lib\site-packages\starlette\_exception_handler.py", line 42, in wrapped_app
    await app(scope, receive, sender)
  File "C:\Users\Asus\PycharmProjects\pdf_processor\.venv\lib\site-packages\fastapi\routing.py", line 144, in app
    response = await f(request)
  File "C:\Users\Asus\PycharmProjects\pdf_processor\.venv\lib\site-packages\fastapi\routing.py", line 755, in app
    raise validation_error
fastapi.exceptions.RequestValidationError: 1 validation error:
  {'type': 'value_error', 'loc': ('body', 'request_id'), 'msg': "Value error, Invalid request_id '152655': must be a unique identifier, not simple sequential numbers like 1, 2, 3...", 'input': '152655', 'ctx': {'error': ValueError("Invalid request_id '152655': must be a unique identifier, not simple sequential numbers like 1, 2, 3...")}}

  File "C:\Users\Asus\PycharmProjects\pdf_processor\app.py", line 365, in process_pdf
    POST /process-pdf
[2026-09-07 16:46:55] [ERROR] [INVALID_REQUEST] [app.py:99] RequestValidationError: body -> 45: JSON decode error
Traceback (most recent call last):
  File "C:\Users\Asus\PycharmProjects\pdf_processor\.venv\lib\site-packages\fastapi\routing.py", line 446, in app
    json_body = await request.json()
  File "C:\Users\Asus\PycharmProjects\pdf_processor\.venv\lib\site-packages\starlette\requests.py", line 265, in json
    self._json = json.loads(body)
  File "C:\Users\Asus\AppData\Local\Programs\Python\Python310\lib\json\__init__.py", line 346, in loads
    return _default_decoder.decode(s)
  File "C:\Users\Asus\AppData\Local\Programs\Python\Python310\lib\json\decoder.py", line 337, in decode
    obj, end = self.raw_decode(s, idx=_w(s, 0).end())
  File "C:\Users\Asus\AppData\Local\Programs\Python\Python310\lib\json\decoder.py", line 353, in raw_decode
    obj, end = self.scan_once(s, idx)
json.decoder.JSONDecodeError: Invalid \escape: line 3 column 18 (char 45)

The above exception was the direct cause of the following exception:

Traceback (most recent call last):
  File "C:\Users\Asus\PycharmProjects\pdf_processor\.venv\lib\site-packages\starlette\_exception_handler.py", line 42, in wrapped_app
    await app(scope, receive, sender)
  File "C:\Users\Asus\PycharmProjects\pdf_processor\.venv\lib\site-packages\fastapi\routing.py", line 144, in app
    response = await f(request)
  File "C:\Users\Asus\PycharmProjects\pdf_processor\.venv\lib\site-packages\fastapi\routing.py", line 465, in app
    raise validation_error from e
fastapi.exceptions.RequestValidationError: 1 validation error:
  {'type': 'json_invalid', 'loc': ('body', 45), 'msg': 'JSON decode error', 'input': {}, 'ctx': {'error': 'Invalid \\escape'}}

  File "C:\Users\Asus\PycharmProjects\pdf_processor\app.py", line 365, in process_pdf
    POST /process-pdf
[2026-09-07 16:56:48] [ERROR] [INVALID_REQUEST] [app.py:99] RequestValidationError: body -> 40: JSON decode error
Traceback (most recent call last):
  File "C:\Users\Asus\PycharmProjects\pdf_processor\.venv\lib\site-packages\fastapi\routing.py", line 446, in app
    json_body = await request.json()
  File "C:\Users\Asus\PycharmProjects\pdf_processor\.venv\lib\site-packages\starlette\requests.py", line 265, in json
    self._json = json.loads(body)
  File "C:\Users\Asus\AppData\Local\Programs\Python\Python310\lib\json\__init__.py", line 346, in loads
    return _default_decoder.decode(s)
  File "C:\Users\Asus\AppData\Local\Programs\Python\Python310\lib\json\decoder.py", line 337, in decode
    obj, end = self.raw_decode(s, idx=_w(s, 0).end())
  File "C:\Users\Asus\AppData\Local\Programs\Python\Python310\lib\json\decoder.py", line 353, in raw_decode
    obj, end = self.scan_once(s, idx)
json.decoder.JSONDecodeError: Invalid \escape: line 3 column 18 (char 40)

The above exception was the direct cause of the following exception:

Traceback (most recent call last):
  File "C:\Users\Asus\PycharmProjects\pdf_processor\.venv\lib\site-packages\starlette\_exception_handler.py", line 42, in wrapped_app
    await app(scope, receive, sender)
  File "C:\Users\Asus\PycharmProjects\pdf_processor\.venv\lib\site-packages\fastapi\routing.py", line 144, in app
    response = await f(request)
  File "C:\Users\Asus\PycharmProjects\pdf_processor\.venv\lib\site-packages\fastapi\routing.py", line 465, in app
    raise validation_error from e
fastapi.exceptions.RequestValidationError: 1 validation error:
  {'type': 'json_invalid', 'loc': ('body', 40), 'msg': 'JSON decode error', 'input': {}, 'ctx': {'error': 'Invalid \\escape'}}

  File "C:\Users\Asus\PycharmProjects\pdf_processor\app.py", line 365, in process_pdf
    POST /process-pdf
[2026-09-07 17:08:14] [ERROR] [req-test-not-found-404] [app.py:474] FileNotFoundError: The PDF file does not exist at 'missing_123.pdf'
[2026-09-07 17:08:14] [ERROR] [req-test-invalid-ext] [app.py:486] ValueError: Invalid file extension '.md'. Expected a '.pdf' file.
[2026-09-07 17:08:14] [ERROR] [req-test-corrupt-001] [app.py:499] Failed to open PDF file 'C:\Users\Asus\AppData\Local\Temp\pytest-of-Asus\pytest-8\test_corrupted_pdf0\corrupted.pdf': PdfStreamError: Stream has ended unexpectedly
Traceback (most recent call last):
  File "C:\Users\Asus\PycharmProjects\pdf_processor\app.py", line 495, in process_pdf
    reader = PdfReader(str(file_path.resolve()))
  File "C:\Users\Asus\PycharmProjects\pdf_processor\.venv\lib\site-packages\pypdf\_reader.py", line 149, in __init__
    self._initialize_stream(stream)
  File "C:\Users\Asus\PycharmProjects\pdf_processor\.venv\lib\site-packages\pypdf\_reader.py", line 173, in _initialize_stream
    self.read(stream)
  File "C:\Users\Asus\PycharmProjects\pdf_processor\.venv\lib\site-packages\pypdf\_reader.py", line 680, in read
    self._find_eof_marker(stream)
  File "C:\Users\Asus\PycharmProjects\pdf_processor\.venv\lib\site-packages\pypdf\_reader.py", line 793, in _find_eof_marker
    line = read_previous_line(stream)
  File "C:\Users\Asus\PycharmProjects\pdf_processor\.venv\lib\site-packages\pypdf\_utils.py", line 370, in read_previous_line
    raise PdfStreamError(STREAM_TRUNCATED_PREMATURELY)
pypdf.errors.PdfStreamError: Stream has ended unexpectedly
[2026-09-07 17:08:14] [ERROR] [req-unique-id-999] [app.py:463] ConflictError: Duplicate request_id: 'req-unique-id-999' has already been processed. Each request must have a unique request_id.
[2026-09-07 17:08:14] [ERROR] [1] [app.py:185] RequestValidationError: body -> request_id: Value error, Invalid request_id '1': must be a unique identifier, not simple sequential numbers like 1, 2, 3...
Traceback (most recent call last):
  File "C:\Users\Asus\PycharmProjects\pdf_processor\.venv\lib\site-packages\starlette\_exception_handler.py", line 42, in wrapped_app
    await app(scope, receive, sender)
  File "C:\Users\Asus\PycharmProjects\pdf_processor\.venv\lib\site-packages\fastapi\routing.py", line 144, in app
    response = await f(request)
  File "C:\Users\Asus\PycharmProjects\pdf_processor\.venv\lib\site-packages\fastapi\routing.py", line 755, in app
    raise validation_error
fastapi.exceptions.RequestValidationError: 1 validation error:
  {'type': 'value_error', 'loc': ('body', 'request_id'), 'msg': "Value error, Invalid request_id '1': must be a unique identifier, not simple sequential numbers like 1, 2, 3...", 'input': '1', 'ctx': {'error': ValueError("Invalid request_id '1': must be a unique identifier, not simple sequential numbers like 1, 2, 3...")}}

  File "C:\Users\Asus\PycharmProjects\pdf_processor\app.py", line 451, in process_pdf
    POST /process-pdf
[2026-09-07 17:08:14] [ERROR] [2] [app.py:185] RequestValidationError: body -> request_id: Value error, Invalid request_id '2': must be a unique identifier, not simple sequential numbers like 1, 2, 3...
Traceback (most recent call last):
  File "C:\Users\Asus\PycharmProjects\pdf_processor\.venv\lib\site-packages\starlette\_exception_handler.py", line 42, in wrapped_app
    await app(scope, receive, sender)
  File "C:\Users\Asus\PycharmProjects\pdf_processor\.venv\lib\site-packages\fastapi\routing.py", line 144, in app
    response = await f(request)
  File "C:\Users\Asus\PycharmProjects\pdf_processor\.venv\lib\site-packages\fastapi\routing.py", line 755, in app
    raise validation_error
fastapi.exceptions.RequestValidationError: 1 validation error:
  {'type': 'value_error', 'loc': ('body', 'request_id'), 'msg': "Value error, Invalid request_id '2': must be a unique identifier, not simple sequential numbers like 1, 2, 3...", 'input': '2', 'ctx': {'error': ValueError("Invalid request_id '2': must be a unique identifier, not simple sequential numbers like 1, 2, 3...")}}

  File "C:\Users\Asus\PycharmProjects\pdf_processor\app.py", line 451, in process_pdf
    POST /process-pdf
[2026-09-07 17:08:14] [ERROR] [3] [app.py:185] RequestValidationError: body -> request_id: Value error, Invalid request_id '3': must be a unique identifier, not simple sequential numbers like 1, 2, 3...
Traceback (most recent call last):
  File "C:\Users\Asus\PycharmProjects\pdf_processor\.venv\lib\site-packages\starlette\_exception_handler.py", line 42, in wrapped_app
    await app(scope, receive, sender)
  File "C:\Users\Asus\PycharmProjects\pdf_processor\.venv\lib\site-packages\fastapi\routing.py", line 144, in app
    response = await f(request)
  File "C:\Users\Asus\PycharmProjects\pdf_processor\.venv\lib\site-packages\fastapi\routing.py", line 755, in app
    raise validation_error
fastapi.exceptions.RequestValidationError: 1 validation error:
  {'type': 'value_error', 'loc': ('body', 'request_id'), 'msg': "Value error, Invalid request_id '3': must be a unique identifier, not simple sequential numbers like 1, 2, 3...", 'input': '3', 'ctx': {'error': ValueError("Invalid request_id '3': must be a unique identifier, not simple sequential numbers like 1, 2, 3...")}}

  File "C:\Users\Asus\PycharmProjects\pdf_processor\app.py", line 451, in process_pdf
    POST /process-pdf
[2026-09-07 17:08:14] [ERROR] [007] [app.py:185] RequestValidationError: body -> request_id: Value error, Invalid request_id '007': must be a unique identifier, not simple sequential numbers like 1, 2, 3...
Traceback (most recent call last):
  File "C:\Users\Asus\PycharmProjects\pdf_processor\.venv\lib\site-packages\starlette\_exception_handler.py", line 42, in wrapped_app
    await app(scope, receive, sender)
  File "C:\Users\Asus\PycharmProjects\pdf_processor\.venv\lib\site-packages\fastapi\routing.py", line 144, in app
    response = await f(request)
  File "C:\Users\Asus\PycharmProjects\pdf_processor\.venv\lib\site-packages\fastapi\routing.py", line 755, in app
    raise validation_error
fastapi.exceptions.RequestValidationError: 1 validation error:
  {'type': 'value_error', 'loc': ('body', 'request_id'), 'msg': "Value error, Invalid request_id '007': must be a unique identifier, not simple sequential numbers like 1, 2, 3...", 'input': '007', 'ctx': {'error': ValueError("Invalid request_id '007': must be a unique identifier, not simple sequential numbers like 1, 2, 3...")}}

  File "C:\Users\Asus\PycharmProjects\pdf_processor\app.py", line 451, in process_pdf
    POST /process-pdf
[2026-09-07 17:08:14] [ERROR] [INVALID_REQUEST] [app.py:185] RequestValidationError: body -> 46: JSON decode error
Traceback (most recent call last):
  File "C:\Users\Asus\PycharmProjects\pdf_processor\.venv\lib\site-packages\fastapi\routing.py", line 446, in app
    json_body = await request.json()
  File "C:\Users\Asus\PycharmProjects\pdf_processor\.venv\lib\site-packages\starlette\requests.py", line 265, in json
    self._json = json.loads(body)
  File "C:\Users\Asus\AppData\Local\Programs\Python\Python310\lib\json\__init__.py", line 346, in loads
    return _default_decoder.decode(s)
  File "C:\Users\Asus\AppData\Local\Programs\Python\Python310\lib\json\decoder.py", line 337, in decode
    obj, end = self.raw_decode(s, idx=_w(s, 0).end())
  File "C:\Users\Asus\AppData\Local\Programs\Python\Python310\lib\json\decoder.py", line 355, in raw_decode
    raise JSONDecodeError("Expecting value", s, err.value) from None
json.decoder.JSONDecodeError: Expecting value: line 1 column 47 (char 46)

The above exception was the direct cause of the following exception:

Traceback (most recent call last):
  File "C:\Users\Asus\PycharmProjects\pdf_processor\.venv\lib\site-packages\starlette\_exception_handler.py", line 42, in wrapped_app
    await app(scope, receive, sender)
  File "C:\Users\Asus\PycharmProjects\pdf_processor\.venv\lib\site-packages\fastapi\routing.py", line 144, in app
    response = await f(request)
  File "C:\Users\Asus\PycharmProjects\pdf_processor\.venv\lib\site-packages\fastapi\routing.py", line 465, in app
    raise validation_error from e
fastapi.exceptions.RequestValidationError: 1 validation error:
  {'type': 'json_invalid', 'loc': ('body', 46), 'msg': 'JSON decode error', 'input': {}, 'ctx': {'error': 'Expecting value'}}

  File "C:\Users\Asus\PycharmProjects\pdf_processor\app.py", line 451, in process_pdf
    POST /process-pdf
[2026-09-07 17:11:16] [ERROR] [req-test-not-found-404] [app.py:475] FileNotFoundError: The PDF file does not exist at 'missing_123.pdf'
[2026-09-07 17:11:16] [ERROR] [req-test-invalid-ext] [app.py:487] ValueError: Invalid file extension '.md'. Expected a '.pdf' file.
[2026-09-07 17:11:16] [ERROR] [req-test-corrupt-001] [app.py:500] Failed to open PDF file 'C:\Users\Asus\AppData\Local\Temp\pytest-of-Asus\pytest-9\test_corrupted_pdf0\corrupted.pdf': PdfStreamError: Stream has ended unexpectedly
Traceback (most recent call last):
  File "C:\Users\Asus\PycharmProjects\pdf_processor\app.py", line 496, in process_pdf
    reader = PdfReader(str(file_path.resolve()))
  File "C:\Users\Asus\PycharmProjects\pdf_processor\.venv\lib\site-packages\pypdf\_reader.py", line 149, in __init__
    self._initialize_stream(stream)
  File "C:\Users\Asus\PycharmProjects\pdf_processor\.venv\lib\site-packages\pypdf\_reader.py", line 173, in _initialize_stream
    self.read(stream)
  File "C:\Users\Asus\PycharmProjects\pdf_processor\.venv\lib\site-packages\pypdf\_reader.py", line 680, in read
    self._find_eof_marker(stream)
  File "C:\Users\Asus\PycharmProjects\pdf_processor\.venv\lib\site-packages\pypdf\_reader.py", line 793, in _find_eof_marker
    line = read_previous_line(stream)
  File "C:\Users\Asus\PycharmProjects\pdf_processor\.venv\lib\site-packages\pypdf\_utils.py", line 370, in read_previous_line
    raise PdfStreamError(STREAM_TRUNCATED_PREMATURELY)
pypdf.errors.PdfStreamError: Stream has ended unexpectedly
[2026-09-07 17:11:17] [ERROR] [req-unique-id-999] [app.py:464] ConflictError: Duplicate request_id: 'req-unique-id-999' has already been processed. Each request must have a unique request_id.
[2026-09-07 17:11:17] [ERROR] [1] [app.py:186] RequestValidationError: body -> request_id: Value error, Invalid request_id '1': must be a unique identifier, not simple sequential numbers like 1, 2, 3...
Traceback (most recent call last):
  File "C:\Users\Asus\PycharmProjects\pdf_processor\.venv\lib\site-packages\starlette\_exception_handler.py", line 42, in wrapped_app
    await app(scope, receive, sender)
  File "C:\Users\Asus\PycharmProjects\pdf_processor\.venv\lib\site-packages\fastapi\routing.py", line 144, in app
    response = await f(request)
  File "C:\Users\Asus\PycharmProjects\pdf_processor\.venv\lib\site-packages\fastapi\routing.py", line 755, in app
    raise validation_error
fastapi.exceptions.RequestValidationError: 1 validation error:
  {'type': 'value_error', 'loc': ('body', 'request_id'), 'msg': "Value error, Invalid request_id '1': must be a unique identifier, not simple sequential numbers like 1, 2, 3...", 'input': '1', 'ctx': {'error': ValueError("Invalid request_id '1': must be a unique identifier, not simple sequential numbers like 1, 2, 3...")}}

  File "C:\Users\Asus\PycharmProjects\pdf_processor\app.py", line 452, in process_pdf
    POST /process-pdf
[2026-09-07 17:11:17] [ERROR] [2] [app.py:186] RequestValidationError: body -> request_id: Value error, Invalid request_id '2': must be a unique identifier, not simple sequential numbers like 1, 2, 3...
Traceback (most recent call last):
  File "C:\Users\Asus\PycharmProjects\pdf_processor\.venv\lib\site-packages\starlette\_exception_handler.py", line 42, in wrapped_app
    await app(scope, receive, sender)
  File "C:\Users\Asus\PycharmProjects\pdf_processor\.venv\lib\site-packages\fastapi\routing.py", line 144, in app
    response = await f(request)
  File "C:\Users\Asus\PycharmProjects\pdf_processor\.venv\lib\site-packages\fastapi\routing.py", line 755, in app
    raise validation_error
fastapi.exceptions.RequestValidationError: 1 validation error:
  {'type': 'value_error', 'loc': ('body', 'request_id'), 'msg': "Value error, Invalid request_id '2': must be a unique identifier, not simple sequential numbers like 1, 2, 3...", 'input': '2', 'ctx': {'error': ValueError("Invalid request_id '2': must be a unique identifier, not simple sequential numbers like 1, 2, 3...")}}

  File "C:\Users\Asus\PycharmProjects\pdf_processor\app.py", line 452, in process_pdf
    POST /process-pdf
[2026-09-07 17:11:17] [ERROR] [3] [app.py:186] RequestValidationError: body -> request_id: Value error, Invalid request_id '3': must be a unique identifier, not simple sequential numbers like 1, 2, 3...
Traceback (most recent call last):
  File "C:\Users\Asus\PycharmProjects\pdf_processor\.venv\lib\site-packages\starlette\_exception_handler.py", line 42, in wrapped_app
    await app(scope, receive, sender)
  File "C:\Users\Asus\PycharmProjects\pdf_processor\.venv\lib\site-packages\fastapi\routing.py", line 144, in app
    response = await f(request)
  File "C:\Users\Asus\PycharmProjects\pdf_processor\.venv\lib\site-packages\fastapi\routing.py", line 755, in app
    raise validation_error
fastapi.exceptions.RequestValidationError: 1 validation error:
  {'type': 'value_error', 'loc': ('body', 'request_id'), 'msg': "Value error, Invalid request_id '3': must be a unique identifier, not simple sequential numbers like 1, 2, 3...", 'input': '3', 'ctx': {'error': ValueError("Invalid request_id '3': must be a unique identifier, not simple sequential numbers like 1, 2, 3...")}}

  File "C:\Users\Asus\PycharmProjects\pdf_processor\app.py", line 452, in process_pdf
    POST /process-pdf
[2026-09-07 17:11:17] [ERROR] [007] [app.py:186] RequestValidationError: body -> request_id: Value error, Invalid request_id '007': must be a unique identifier, not simple sequential numbers like 1, 2, 3...
Traceback (most recent call last):
  File "C:\Users\Asus\PycharmProjects\pdf_processor\.venv\lib\site-packages\starlette\_exception_handler.py", line 42, in wrapped_app
    await app(scope, receive, sender)
  File "C:\Users\Asus\PycharmProjects\pdf_processor\.venv\lib\site-packages\fastapi\routing.py", line 144, in app
    response = await f(request)
  File "C:\Users\Asus\PycharmProjects\pdf_processor\.venv\lib\site-packages\fastapi\routing.py", line 755, in app
    raise validation_error
fastapi.exceptions.RequestValidationError: 1 validation error:
  {'type': 'value_error', 'loc': ('body', 'request_id'), 'msg': "Value error, Invalid request_id '007': must be a unique identifier, not simple sequential numbers like 1, 2, 3...", 'input': '007', 'ctx': {'error': ValueError("Invalid request_id '007': must be a unique identifier, not simple sequential numbers like 1, 2, 3...")}}

  File "C:\Users\Asus\PycharmProjects\pdf_processor\app.py", line 452, in process_pdf
    POST /process-pdf
[2026-09-07 17:11:17] [ERROR] [INVALID_REQUEST] [app.py:186] RequestValidationError: body -> 46: JSON decode error
Traceback (most recent call last):
  File "C:\Users\Asus\PycharmProjects\pdf_processor\.venv\lib\site-packages\fastapi\routing.py", line 446, in app
    json_body = await request.json()
  File "C:\Users\Asus\PycharmProjects\pdf_processor\.venv\lib\site-packages\starlette\requests.py", line 265, in json
    self._json = json.loads(body)
  File "C:\Users\Asus\AppData\Local\Programs\Python\Python310\lib\json\__init__.py", line 346, in loads
    return _default_decoder.decode(s)
  File "C:\Users\Asus\AppData\Local\Programs\Python\Python310\lib\json\decoder.py", line 337, in decode
    obj, end = self.raw_decode(s, idx=_w(s, 0).end())
  File "C:\Users\Asus\AppData\Local\Programs\Python\Python310\lib\json\decoder.py", line 355, in raw_decode
    raise JSONDecodeError("Expecting value", s, err.value) from None
json.decoder.JSONDecodeError: Expecting value: line 1 column 47 (char 46)

The above exception was the direct cause of the following exception:

Traceback (most recent call last):
  File "C:\Users\Asus\PycharmProjects\pdf_processor\.venv\lib\site-packages\starlette\_exception_handler.py", line 42, in wrapped_app
    await app(scope, receive, sender)
  File "C:\Users\Asus\PycharmProjects\pdf_processor\.venv\lib\site-packages\fastapi\routing.py", line 144, in app
    response = await f(request)
  File "C:\Users\Asus\PycharmProjects\pdf_processor\.venv\lib\site-packages\fastapi\routing.py", line 465, in app
    raise validation_error from e
fastapi.exceptions.RequestValidationError: 1 validation error:
  {'type': 'json_invalid', 'loc': ('body', 46), 'msg': 'JSON decode error', 'input': {}, 'ctx': {'error': 'Expecting value'}}

  File "C:\Users\Asus\PycharmProjects\pdf_processor\app.py", line 452, in process_pdf
    POST /process-pdf
[2026-09-07 17:11:55] [ERROR] [req-test-not-found-404] [app.py:475] FileNotFoundError: The PDF file does not exist at 'missing_123.pdf'
[2026-09-07 17:11:55] [ERROR] [req-test-invalid-ext] [app.py:487] ValueError: Invalid file extension '.md'. Expected a '.pdf' file.
[2026-09-07 17:11:55] [ERROR] [req-test-corrupt-001] [app.py:500] Failed to open PDF file 'C:\Users\Asus\AppData\Local\Temp\pytest-of-Asus\pytest-10\test_corrupted_pdf0\corrupted.pdf': PdfStreamError: Stream has ended unexpectedly
Traceback (most recent call last):
  File "C:\Users\Asus\PycharmProjects\pdf_processor\app.py", line 496, in process_pdf
    reader = PdfReader(str(file_path.resolve()))
  File "C:\Users\Asus\PycharmProjects\pdf_processor\.venv\lib\site-packages\pypdf\_reader.py", line 149, in __init__
    self._initialize_stream(stream)
  File "C:\Users\Asus\PycharmProjects\pdf_processor\.venv\lib\site-packages\pypdf\_reader.py", line 173, in _initialize_stream
    self.read(stream)
  File "C:\Users\Asus\PycharmProjects\pdf_processor\.venv\lib\site-packages\pypdf\_reader.py", line 680, in read
    self._find_eof_marker(stream)
  File "C:\Users\Asus\PycharmProjects\pdf_processor\.venv\lib\site-packages\pypdf\_reader.py", line 793, in _find_eof_marker
    line = read_previous_line(stream)
  File "C:\Users\Asus\PycharmProjects\pdf_processor\.venv\lib\site-packages\pypdf\_utils.py", line 370, in read_previous_line
    raise PdfStreamError(STREAM_TRUNCATED_PREMATURELY)
pypdf.errors.PdfStreamError: Stream has ended unexpectedly
[2026-09-07 17:11:56] [ERROR] [req-unique-id-999] [app.py:464] ConflictError: Duplicate request_id: 'req-unique-id-999' has already been processed. Each request must have a unique request_id.
[2026-09-07 17:11:56] [ERROR] [1] [app.py:186] RequestValidationError: body -> request_id: Value error, Invalid request_id '1': must be a unique identifier, not simple sequential numbers like 1, 2, 3...
Traceback (most recent call last):
  File "C:\Users\Asus\PycharmProjects\pdf_processor\.venv\lib\site-packages\starlette\_exception_handler.py", line 42, in wrapped_app
    await app(scope, receive, sender)
  File "C:\Users\Asus\PycharmProjects\pdf_processor\.venv\lib\site-packages\fastapi\routing.py", line 144, in app
    response = await f(request)
  File "C:\Users\Asus\PycharmProjects\pdf_processor\.venv\lib\site-packages\fastapi\routing.py", line 755, in app
    raise validation_error
fastapi.exceptions.RequestValidationError: 1 validation error:
  {'type': 'value_error', 'loc': ('body', 'request_id'), 'msg': "Value error, Invalid request_id '1': must be a unique identifier, not simple sequential numbers like 1, 2, 3...", 'input': '1', 'ctx': {'error': ValueError("Invalid request_id '1': must be a unique identifier, not simple sequential numbers like 1, 2, 3...")}}

  File "C:\Users\Asus\PycharmProjects\pdf_processor\app.py", line 452, in process_pdf
    POST /process-pdf
[2026-09-07 17:11:56] [ERROR] [2] [app.py:186] RequestValidationError: body -> request_id: Value error, Invalid request_id '2': must be a unique identifier, not simple sequential numbers like 1, 2, 3...
Traceback (most recent call last):
  File "C:\Users\Asus\PycharmProjects\pdf_processor\.venv\lib\site-packages\starlette\_exception_handler.py", line 42, in wrapped_app
    await app(scope, receive, sender)
  File "C:\Users\Asus\PycharmProjects\pdf_processor\.venv\lib\site-packages\fastapi\routing.py", line 144, in app
    response = await f(request)
  File "C:\Users\Asus\PycharmProjects\pdf_processor\.venv\lib\site-packages\fastapi\routing.py", line 755, in app
    raise validation_error
fastapi.exceptions.RequestValidationError: 1 validation error:
  {'type': 'value_error', 'loc': ('body', 'request_id'), 'msg': "Value error, Invalid request_id '2': must be a unique identifier, not simple sequential numbers like 1, 2, 3...", 'input': '2', 'ctx': {'error': ValueError("Invalid request_id '2': must be a unique identifier, not simple sequential numbers like 1, 2, 3...")}}

  File "C:\Users\Asus\PycharmProjects\pdf_processor\app.py", line 452, in process_pdf
    POST /process-pdf
[2026-09-07 17:11:56] [ERROR] [3] [app.py:186] RequestValidationError: body -> request_id: Value error, Invalid request_id '3': must be a unique identifier, not simple sequential numbers like 1, 2, 3...
Traceback (most recent call last):
  File "C:\Users\Asus\PycharmProjects\pdf_processor\.venv\lib\site-packages\starlette\_exception_handler.py", line 42, in wrapped_app
    await app(scope, receive, sender)
  File "C:\Users\Asus\PycharmProjects\pdf_processor\.venv\lib\site-packages\fastapi\routing.py", line 144, in app
    response = await f(request)
  File "C:\Users\Asus\PycharmProjects\pdf_processor\.venv\lib\site-packages\fastapi\routing.py", line 755, in app
    raise validation_error
fastapi.exceptions.RequestValidationError: 1 validation error:
  {'type': 'value_error', 'loc': ('body', 'request_id'), 'msg': "Value error, Invalid request_id '3': must be a unique identifier, not simple sequential numbers like 1, 2, 3...", 'input': '3', 'ctx': {'error': ValueError("Invalid request_id '3': must be a unique identifier, not simple sequential numbers like 1, 2, 3...")}}

  File "C:\Users\Asus\PycharmProjects\pdf_processor\app.py", line 452, in process_pdf
    POST /process-pdf
[2026-09-07 17:11:56] [ERROR] [007] [app.py:186] RequestValidationError: body -> request_id: Value error, Invalid request_id '007': must be a unique identifier, not simple sequential numbers like 1, 2, 3...
Traceback (most recent call last):
  File "C:\Users\Asus\PycharmProjects\pdf_processor\.venv\lib\site-packages\starlette\_exception_handler.py", line 42, in wrapped_app
    await app(scope, receive, sender)
  File "C:\Users\Asus\PycharmProjects\pdf_processor\.venv\lib\site-packages\fastapi\routing.py", line 144, in app
    response = await f(request)
  File "C:\Users\Asus\PycharmProjects\pdf_processor\.venv\lib\site-packages\fastapi\routing.py", line 755, in app
    raise validation_error
fastapi.exceptions.RequestValidationError: 1 validation error:
  {'type': 'value_error', 'loc': ('body', 'request_id'), 'msg': "Value error, Invalid request_id '007': must be a unique identifier, not simple sequential numbers like 1, 2, 3...", 'input': '007', 'ctx': {'error': ValueError("Invalid request_id '007': must be a unique identifier, not simple sequential numbers like 1, 2, 3...")}}

  File "C:\Users\Asus\PycharmProjects\pdf_processor\app.py", line 452, in process_pdf
    POST /process-pdf
[2026-09-07 17:11:56] [ERROR] [INVALID_REQUEST] [app.py:186] RequestValidationError: body -> 46: JSON decode error
Traceback (most recent call last):
  File "C:\Users\Asus\PycharmProjects\pdf_processor\.venv\lib\site-packages\fastapi\routing.py", line 446, in app
    json_body = await request.json()
  File "C:\Users\Asus\PycharmProjects\pdf_processor\.venv\lib\site-packages\starlette\requests.py", line 265, in json
    self._json = json.loads(body)
  File "C:\Users\Asus\AppData\Local\Programs\Python\Python310\lib\json\__init__.py", line 346, in loads
    return _default_decoder.decode(s)
  File "C:\Users\Asus\AppData\Local\Programs\Python\Python310\lib\json\decoder.py", line 337, in decode
    obj, end = self.raw_decode(s, idx=_w(s, 0).end())
  File "C:\Users\Asus\AppData\Local\Programs\Python\Python310\lib\json\decoder.py", line 355, in raw_decode
    raise JSONDecodeError("Expecting value", s, err.value) from None
json.decoder.JSONDecodeError: Expecting value: line 1 column 47 (char 46)

The above exception was the direct cause of the following exception:

Traceback (most recent call last):
  File "C:\Users\Asus\PycharmProjects\pdf_processor\.venv\lib\site-packages\starlette\_exception_handler.py", line 42, in wrapped_app
    await app(scope, receive, sender)
  File "C:\Users\Asus\PycharmProjects\pdf_processor\.venv\lib\site-packages\fastapi\routing.py", line 144, in app
    response = await f(request)
  File "C:\Users\Asus\PycharmProjects\pdf_processor\.venv\lib\site-packages\fastapi\routing.py", line 465, in app
    raise validation_error from e
fastapi.exceptions.RequestValidationError: 1 validation error:
  {'type': 'json_invalid', 'loc': ('body', 46), 'msg': 'JSON decode error', 'input': {}, 'ctx': {'error': 'Expecting value'}}

  File "C:\Users\Asus\PycharmProjects\pdf_processor\app.py", line 452, in process_pdf
    POST /process-pdf
[2026-09-07 17:16:27] [ERROR] [req-demo-001] [app.py:464] ConflictError: Duplicate request_id: 'req-demo-001' has already been processed. Each request must have a unique request_id.
[2026-09-08 10:23:57] [ERROR] [req-demo-001] [app.py:464] ConflictError: Duplicate request_id: 'req-demo-001' has already been processed. Each request must have a unique request_id.
[2026-09-08 10:24:08] [ERROR] [req-demo-001] [app.py:464] ConflictError: Duplicate request_id: 'req-demo-001' has already been processed. Each request must have a unique request_id.
[2026-09-08 10:24:11] [ERROR] [req-demo-001] [app.py:464] ConflictError: Duplicate request_id: 'req-demo-001' has already been processed. Each request must have a unique request_id.
[2026-09-08 10:24:49] [ERROR] [req-demo-001] [app.py:464] ConflictError: Duplicate request_id: 'req-demo-001' has already been processed. Each request must have a unique request_id.
[2026-09-08 10:24:53] [ERROR] [req-demo-001] [app.py:464] ConflictError: Duplicate request_id: 'req-demo-001' has already been processed. Each request must have a unique request_id.
[2026-09-08 11:26:01] [ERROR] [req-test-not-found-404] [app.py:513] FileNotFoundError: The PDF file does not exist at 'missing_123.pdf'
[2026-09-08 11:26:01] [ERROR] [req-test-invalid-ext] [app.py:525] ValueError: Invalid file extension '.md'. Expected a '.pdf' file.
[2026-09-08 11:26:01] [ERROR] [req-test-corrupt-001] [app.py:538] Failed to open PDF file 'C:\Users\Asus\AppData\Local\Temp\pytest-of-Asus\pytest-11\test_corrupted_pdf0\corrupted.pdf': PdfStreamError: Stream has ended unexpectedly
Traceback (most recent call last):
  File "C:\Users\Asus\PycharmProjects\pdf_processor\app.py", line 534, in process_pdf
    reader = PdfReader(str(file_path.resolve()))
  File "C:\Users\Asus\PycharmProjects\pdf_processor\.venv\lib\site-packages\pypdf\_reader.py", line 149, in __init__
    self._initialize_stream(stream)
  File "C:\Users\Asus\PycharmProjects\pdf_processor\.venv\lib\site-packages\pypdf\_reader.py", line 173, in _initialize_stream
    self.read(stream)
  File "C:\Users\Asus\PycharmProjects\pdf_processor\.venv\lib\site-packages\pypdf\_reader.py", line 680, in read
    self._find_eof_marker(stream)
  File "C:\Users\Asus\PycharmProjects\pdf_processor\.venv\lib\site-packages\pypdf\_reader.py", line 793, in _find_eof_marker
    line = read_previous_line(stream)
  File "C:\Users\Asus\PycharmProjects\pdf_processor\.venv\lib\site-packages\pypdf\_utils.py", line 370, in read_previous_line
    raise PdfStreamError(STREAM_TRUNCATED_PREMATURELY)
pypdf.errors.PdfStreamError: Stream has ended unexpectedly
[2026-09-08 11:26:01] [ERROR] [req-unique-id-999] [app.py:502] ConflictError: Duplicate request_id: 'req-unique-id-999' has already been processed. Each request must have a unique request_id.
[2026-09-08 11:26:01] [ERROR] [1] [app.py:213] RequestValidationError: body -> request_id: Value error, Invalid request_id '1': must be a unique identifier, not simple sequential numbers like 1, 2, 3...
Traceback (most recent call last):
  File "C:\Users\Asus\PycharmProjects\pdf_processor\.venv\lib\site-packages\starlette\_exception_handler.py", line 42, in wrapped_app
    await app(scope, receive, sender)
  File "C:\Users\Asus\PycharmProjects\pdf_processor\.venv\lib\site-packages\fastapi\routing.py", line 144, in app
    response = await f(request)
  File "C:\Users\Asus\PycharmProjects\pdf_processor\.venv\lib\site-packages\fastapi\routing.py", line 755, in app
    raise validation_error
fastapi.exceptions.RequestValidationError: 1 validation error:
  {'type': 'value_error', 'loc': ('body', 'request_id'), 'msg': "Value error, Invalid request_id '1': must be a unique identifier, not simple sequential numbers like 1, 2, 3...", 'input': '1', 'ctx': {'error': ValueError("Invalid request_id '1': must be a unique identifier, not simple sequential numbers like 1, 2, 3...")}}

  File "C:\Users\Asus\PycharmProjects\pdf_processor\app.py", line 490, in process_pdf
    POST /process-pdf
[2026-09-08 11:26:01] [ERROR] [2] [app.py:213] RequestValidationError: body -> request_id: Value error, Invalid request_id '2': must be a unique identifier, not simple sequential numbers like 1, 2, 3...
Traceback (most recent call last):
  File "C:\Users\Asus\PycharmProjects\pdf_processor\.venv\lib\site-packages\starlette\_exception_handler.py", line 42, in wrapped_app
    await app(scope, receive, sender)
  File "C:\Users\Asus\PycharmProjects\pdf_processor\.venv\lib\site-packages\fastapi\routing.py", line 144, in app
    response = await f(request)
  File "C:\Users\Asus\PycharmProjects\pdf_processor\.venv\lib\site-packages\fastapi\routing.py", line 755, in app
    raise validation_error
fastapi.exceptions.RequestValidationError: 1 validation error:
  {'type': 'value_error', 'loc': ('body', 'request_id'), 'msg': "Value error, Invalid request_id '2': must be a unique identifier, not simple sequential numbers like 1, 2, 3...", 'input': '2', 'ctx': {'error': ValueError("Invalid request_id '2': must be a unique identifier, not simple sequential numbers like 1, 2, 3...")}}

  File "C:\Users\Asus\PycharmProjects\pdf_processor\app.py", line 490, in process_pdf
    POST /process-pdf
[2026-09-08 11:26:01] [ERROR] [3] [app.py:213] RequestValidationError: body -> request_id: Value error, Invalid request_id '3': must be a unique identifier, not simple sequential numbers like 1, 2, 3...
Traceback (most recent call last):
  File "C:\Users\Asus\PycharmProjects\pdf_processor\.venv\lib\site-packages\starlette\_exception_handler.py", line 42, in wrapped_app
    await app(scope, receive, sender)
  File "C:\Users\Asus\PycharmProjects\pdf_processor\.venv\lib\site-packages\fastapi\routing.py", line 144, in app
    response = await f(request)
  File "C:\Users\Asus\PycharmProjects\pdf_processor\.venv\lib\site-packages\fastapi\routing.py", line 755, in app
    raise validation_error
fastapi.exceptions.RequestValidationError: 1 validation error:
  {'type': 'value_error', 'loc': ('body', 'request_id'), 'msg': "Value error, Invalid request_id '3': must be a unique identifier, not simple sequential numbers like 1, 2, 3...", 'input': '3', 'ctx': {'error': ValueError("Invalid request_id '3': must be a unique identifier, not simple sequential numbers like 1, 2, 3...")}}

  File "C:\Users\Asus\PycharmProjects\pdf_processor\app.py", line 490, in process_pdf
    POST /process-pdf
[2026-09-08 11:26:02] [ERROR] [007] [app.py:213] RequestValidationError: body -> request_id: Value error, Invalid request_id '007': must be a unique identifier, not simple sequential numbers like 1, 2, 3...
Traceback (most recent call last):
  File "C:\Users\Asus\PycharmProjects\pdf_processor\.venv\lib\site-packages\starlette\_exception_handler.py", line 42, in wrapped_app
    await app(scope, receive, sender)
  File "C:\Users\Asus\PycharmProjects\pdf_processor\.venv\lib\site-packages\fastapi\routing.py", line 144, in app
    response = await f(request)
  File "C:\Users\Asus\PycharmProjects\pdf_processor\.venv\lib\site-packages\fastapi\routing.py", line 755, in app
    raise validation_error
fastapi.exceptions.RequestValidationError: 1 validation error:
  {'type': 'value_error', 'loc': ('body', 'request_id'), 'msg': "Value error, Invalid request_id '007': must be a unique identifier, not simple sequential numbers like 1, 2, 3...", 'input': '007', 'ctx': {'error': ValueError("Invalid request_id '007': must be a unique identifier, not simple sequential numbers like 1, 2, 3...")}}

  File "C:\Users\Asus\PycharmProjects\pdf_processor\app.py", line 490, in process_pdf
    POST /process-pdf
[2026-09-08 11:26:02] [ERROR] [req-history-miss] [app.py:513] FileNotFoundError: The PDF file does not exist at 'missing.pdf'
[2026-09-08 11:26:02] [ERROR] [INVALID_REQUEST] [app.py:213] RequestValidationError: body -> 46: JSON decode error
Traceback (most recent call last):
  File "C:\Users\Asus\PycharmProjects\pdf_processor\.venv\lib\site-packages\fastapi\routing.py", line 446, in app
    json_body = await request.json()
  File "C:\Users\Asus\PycharmProjects\pdf_processor\.venv\lib\site-packages\starlette\requests.py", line 265, in json
    self._json = json.loads(body)
  File "C:\Users\Asus\AppData\Local\Programs\Python\Python310\lib\json\__init__.py", line 346, in loads
    return _default_decoder.decode(s)
  File "C:\Users\Asus\AppData\Local\Programs\Python\Python310\lib\json\decoder.py", line 337, in decode
    obj, end = self.raw_decode(s, idx=_w(s, 0).end())
  File "C:\Users\Asus\AppData\Local\Programs\Python\Python310\lib\json\decoder.py", line 355, in raw_decode
    raise JSONDecodeError("Expecting value", s, err.value) from None
json.decoder.JSONDecodeError: Expecting value: line 1 column 47 (char 46)

The above exception was the direct cause of the following exception:

Traceback (most recent call last):
  File "C:\Users\Asus\PycharmProjects\pdf_processor\.venv\lib\site-packages\starlette\_exception_handler.py", line 42, in wrapped_app
    await app(scope, receive, sender)
  File "C:\Users\Asus\PycharmProjects\pdf_processor\.venv\lib\site-packages\fastapi\routing.py", line 144, in app
    response = await f(request)
  File "C:\Users\Asus\PycharmProjects\pdf_processor\.venv\lib\site-packages\fastapi\routing.py", line 465, in app
    raise validation_error from e
fastapi.exceptions.RequestValidationError: 1 validation error:
  {'type': 'json_invalid', 'loc': ('body', 46), 'msg': 'JSON decode error', 'input': {}, 'ctx': {'error': 'Expecting value'}}

  File "C:\Users\Asus\PycharmProjects\pdf_processor\app.py", line 490, in process_pdf
    POST /process-pdf
[2026-09-08 11:29:35] [ERROR] [req-mts9dbdh-l66g] [app.py:502] ConflictError: Duplicate request_id: 'req-mts9dbdh-l66g' has already been processed. Each request must have a unique request_id.
[2026-09-08 11:30:01] [ERROR] [req-mts9dbdh-l66g] [app.py:502] ConflictError: Duplicate request_id: 'req-mts9dbdh-l66g' has already been processed. Each request must have a unique request_id.
[2026-09-08 14:01:07] [ERROR] [req-test-not-found-404] [app.py:416] FileNotFoundError: The PDF file does not exist at 'missing_123.pdf'
[2026-09-08 14:01:07] [ERROR] [req-test-invalid-ext] [app.py:428] ValueError: Invalid file extension '.md'. Expected a '.pdf' file.
[2026-09-08 14:01:07] [ERROR] [req-test-corrupt-001] [app.py:441] Failed to open PDF file 'C:\Users\Asus\AppData\Local\Temp\pytest-of-Asus\pytest-12\test_corrupted_pdf0\corrupted.pdf': PdfStreamError: Stream has ended unexpectedly
Traceback (most recent call last):
  File "C:\Users\Asus\PycharmProjects\pdf_processor\app.py", line 437, in process_pdf
    reader = PdfReader(str(file_path.resolve()))
  File "C:\Users\Asus\PycharmProjects\pdf_processor\.venv\lib\site-packages\pypdf\_reader.py", line 149, in __init__
    self._initialize_stream(stream)
  File "C:\Users\Asus\PycharmProjects\pdf_processor\.venv\lib\site-packages\pypdf\_reader.py", line 173, in _initialize_stream
    self.read(stream)
  File "C:\Users\Asus\PycharmProjects\pdf_processor\.venv\lib\site-packages\pypdf\_reader.py", line 680, in read
    self._find_eof_marker(stream)
  File "C:\Users\Asus\PycharmProjects\pdf_processor\.venv\lib\site-packages\pypdf\_reader.py", line 793, in _find_eof_marker
    line = read_previous_line(stream)
  File "C:\Users\Asus\PycharmProjects\pdf_processor\.venv\lib\site-packages\pypdf\_utils.py", line 370, in read_previous_line
    raise PdfStreamError(STREAM_TRUNCATED_PREMATURELY)
pypdf.errors.PdfStreamError: Stream has ended unexpectedly
[2026-09-08 14:01:07] [ERROR] [req-unique-id-999] [app.py:405] ConflictError: Duplicate request_id: 'req-unique-id-999' has already been processed. Each request must have a unique request_id.
[2026-09-08 14:01:07] [ERROR] [1] [app.py:212] RequestValidationError: body -> request_id: Value error, Invalid request_id '1': must be a unique identifier, not simple sequential numbers like 1, 2, 3...
Traceback (most recent call last):
  File "C:\Users\Asus\PycharmProjects\pdf_processor\.venv\lib\site-packages\starlette\_exception_handler.py", line 42, in wrapped_app
    await app(scope, receive, sender)
  File "C:\Users\Asus\PycharmProjects\pdf_processor\.venv\lib\site-packages\fastapi\routing.py", line 144, in app
    response = await f(request)
  File "C:\Users\Asus\PycharmProjects\pdf_processor\.venv\lib\site-packages\fastapi\routing.py", line 755, in app
    raise validation_error
fastapi.exceptions.RequestValidationError: 1 validation error:
  {'type': 'value_error', 'loc': ('body', 'request_id'), 'msg': "Value error, Invalid request_id '1': must be a unique identifier, not simple sequential numbers like 1, 2, 3...", 'input': '1', 'ctx': {'error': ValueError("Invalid request_id '1': must be a unique identifier, not simple sequential numbers like 1, 2, 3...")}}

  File "C:\Users\Asus\PycharmProjects\pdf_processor\app.py", line 393, in process_pdf
    POST /process-pdf
[2026-09-08 14:01:07] [ERROR] [2] [app.py:212] RequestValidationError: body -> request_id: Value error, Invalid request_id '2': must be a unique identifier, not simple sequential numbers like 1, 2, 3...
Traceback (most recent call last):
  File "C:\Users\Asus\PycharmProjects\pdf_processor\.venv\lib\site-packages\starlette\_exception_handler.py", line 42, in wrapped_app
    await app(scope, receive, sender)
  File "C:\Users\Asus\PycharmProjects\pdf_processor\.venv\lib\site-packages\fastapi\routing.py", line 144, in app
    response = await f(request)
  File "C:\Users\Asus\PycharmProjects\pdf_processor\.venv\lib\site-packages\fastapi\routing.py", line 755, in app
    raise validation_error
fastapi.exceptions.RequestValidationError: 1 validation error:
  {'type': 'value_error', 'loc': ('body', 'request_id'), 'msg': "Value error, Invalid request_id '2': must be a unique identifier, not simple sequential numbers like 1, 2, 3...", 'input': '2', 'ctx': {'error': ValueError("Invalid request_id '2': must be a unique identifier, not simple sequential numbers like 1, 2, 3...")}}

  File "C:\Users\Asus\PycharmProjects\pdf_processor\app.py", line 393, in process_pdf
    POST /process-pdf
[2026-09-08 14:01:07] [ERROR] [3] [app.py:212] RequestValidationError: body -> request_id: Value error, Invalid request_id '3': must be a unique identifier, not simple sequential numbers like 1, 2, 3...
Traceback (most recent call last):
  File "C:\Users\Asus\PycharmProjects\pdf_processor\.venv\lib\site-packages\starlette\_exception_handler.py", line 42, in wrapped_app
    await app(scope, receive, sender)
  File "C:\Users\Asus\PycharmProjects\pdf_processor\.venv\lib\site-packages\fastapi\routing.py", line 144, in app
    response = await f(request)
  File "C:\Users\Asus\PycharmProjects\pdf_processor\.venv\lib\site-packages\fastapi\routing.py", line 755, in app
    raise validation_error
fastapi.exceptions.RequestValidationError: 1 validation error:
  {'type': 'value_error', 'loc': ('body', 'request_id'), 'msg': "Value error, Invalid request_id '3': must be a unique identifier, not simple sequential numbers like 1, 2, 3...", 'input': '3', 'ctx': {'error': ValueError("Invalid request_id '3': must be a unique identifier, not simple sequential numbers like 1, 2, 3...")}}

  File "C:\Users\Asus\PycharmProjects\pdf_processor\app.py", line 393, in process_pdf
    POST /process-pdf
[2026-09-08 14:01:07] [ERROR] [007] [app.py:212] RequestValidationError: body -> request_id: Value error, Invalid request_id '007': must be a unique identifier, not simple sequential numbers like 1, 2, 3...
Traceback (most recent call last):
  File "C:\Users\Asus\PycharmProjects\pdf_processor\.venv\lib\site-packages\starlette\_exception_handler.py", line 42, in wrapped_app
    await app(scope, receive, sender)
  File "C:\Users\Asus\PycharmProjects\pdf_processor\.venv\lib\site-packages\fastapi\routing.py", line 144, in app
    response = await f(request)
  File "C:\Users\Asus\PycharmProjects\pdf_processor\.venv\lib\site-packages\fastapi\routing.py", line 755, in app
    raise validation_error
fastapi.exceptions.RequestValidationError: 1 validation error:
  {'type': 'value_error', 'loc': ('body', 'request_id'), 'msg': "Value error, Invalid request_id '007': must be a unique identifier, not simple sequential numbers like 1, 2, 3...", 'input': '007', 'ctx': {'error': ValueError("Invalid request_id '007': must be a unique identifier, not simple sequential numbers like 1, 2, 3...")}}

  File "C:\Users\Asus\PycharmProjects\pdf_processor\app.py", line 393, in process_pdf
    POST /process-pdf
[2026-09-08 14:01:07] [ERROR] [req-history-miss] [app.py:416] FileNotFoundError: The PDF file does not exist at 'missing.pdf'
[2026-09-08 14:01:07] [ERROR] [INVALID_REQUEST] [app.py:212] RequestValidationError: body -> 46: JSON decode error
Traceback (most recent call last):
  File "C:\Users\Asus\PycharmProjects\pdf_processor\.venv\lib\site-packages\fastapi\routing.py", line 446, in app
    json_body = await request.json()
  File "C:\Users\Asus\PycharmProjects\pdf_processor\.venv\lib\site-packages\starlette\requests.py", line 265, in json
    self._json = json.loads(body)
  File "C:\Users\Asus\AppData\Local\Programs\Python\Python310\lib\json\__init__.py", line 346, in loads
    return _default_decoder.decode(s)
  File "C:\Users\Asus\AppData\Local\Programs\Python\Python310\lib\json\decoder.py", line 337, in decode
    obj, end = self.raw_decode(s, idx=_w(s, 0).end())
  File "C:\Users\Asus\AppData\Local\Programs\Python\Python310\lib\json\decoder.py", line 355, in raw_decode
    raise JSONDecodeError("Expecting value", s, err.value) from None
json.decoder.JSONDecodeError: Expecting value: line 1 column 47 (char 46)

The above exception was the direct cause of the following exception:

Traceback (most recent call last):
  File "C:\Users\Asus\PycharmProjects\pdf_processor\.venv\lib\site-packages\starlette\_exception_handler.py", line 42, in wrapped_app
    await app(scope, receive, sender)
  File "C:\Users\Asus\PycharmProjects\pdf_processor\.venv\lib\site-packages\fastapi\routing.py", line 144, in app
    response = await f(request)
  File "C:\Users\Asus\PycharmProjects\pdf_processor\.venv\lib\site-packages\fastapi\routing.py", line 465, in app
    raise validation_error from e
fastapi.exceptions.RequestValidationError: 1 validation error:
  {'type': 'json_invalid', 'loc': ('body', 46), 'msg': 'JSON decode error', 'input': {}, 'ctx': {'error': 'Expecting value'}}

  File "C:\Users\Asus\PycharmProjects\pdf_processor\app.py", line 393, in process_pdf
    POST /process-pdf
[2026-09-08 14:02:15] [ERROR] [req-test-not-found-404] [app.py:416] FileNotFoundError: The PDF file does not exist at 'missing_123.pdf'
[2026-09-08 14:02:15] [ERROR] [req-test-invalid-ext] [app.py:428] ValueError: Invalid file extension '.md'. Expected a '.pdf' file.
[2026-09-08 14:02:15] [ERROR] [req-test-corrupt-001] [app.py:441] Failed to open PDF file 'C:\Users\Asus\AppData\Local\Temp\pytest-of-Asus\pytest-13\test_corrupted_pdf0\corrupted.pdf': PdfStreamError: Stream has ended unexpectedly
Traceback (most recent call last):
  File "C:\Users\Asus\PycharmProjects\pdf_processor\app.py", line 437, in process_pdf
    reader = PdfReader(str(file_path.resolve()))
  File "C:\Users\Asus\PycharmProjects\pdf_processor\.venv\lib\site-packages\pypdf\_reader.py", line 149, in __init__
    self._initialize_stream(stream)
  File "C:\Users\Asus\PycharmProjects\pdf_processor\.venv\lib\site-packages\pypdf\_reader.py", line 173, in _initialize_stream
    self.read(stream)
  File "C:\Users\Asus\PycharmProjects\pdf_processor\.venv\lib\site-packages\pypdf\_reader.py", line 680, in read
    self._find_eof_marker(stream)
  File "C:\Users\Asus\PycharmProjects\pdf_processor\.venv\lib\site-packages\pypdf\_reader.py", line 793, in _find_eof_marker
    line = read_previous_line(stream)
  File "C:\Users\Asus\PycharmProjects\pdf_processor\.venv\lib\site-packages\pypdf\_utils.py", line 370, in read_previous_line
    raise PdfStreamError(STREAM_TRUNCATED_PREMATURELY)
pypdf.errors.PdfStreamError: Stream has ended unexpectedly
[2026-09-08 14:02:15] [ERROR] [req-unique-id-999] [app.py:405] ConflictError: Duplicate request_id: 'req-unique-id-999' has already been processed. Each request must have a unique request_id.
[2026-09-08 14:02:15] [ERROR] [1] [app.py:212] RequestValidationError: body -> request_id: Value error, Invalid request_id '1': must be a unique identifier, not simple sequential numbers like 1, 2, 3...
Traceback (most recent call last):
  File "C:\Users\Asus\PycharmProjects\pdf_processor\.venv\lib\site-packages\starlette\_exception_handler.py", line 42, in wrapped_app
    await app(scope, receive, sender)
  File "C:\Users\Asus\PycharmProjects\pdf_processor\.venv\lib\site-packages\fastapi\routing.py", line 144, in app
    response = await f(request)
  File "C:\Users\Asus\PycharmProjects\pdf_processor\.venv\lib\site-packages\fastapi\routing.py", line 755, in app
    raise validation_error
fastapi.exceptions.RequestValidationError: 1 validation error:
  {'type': 'value_error', 'loc': ('body', 'request_id'), 'msg': "Value error, Invalid request_id '1': must be a unique identifier, not simple sequential numbers like 1, 2, 3...", 'input': '1', 'ctx': {'error': ValueError("Invalid request_id '1': must be a unique identifier, not simple sequential numbers like 1, 2, 3...")}}

  File "C:\Users\Asus\PycharmProjects\pdf_processor\app.py", line 393, in process_pdf
    POST /process-pdf
[2026-09-08 14:02:15] [ERROR] [2] [app.py:212] RequestValidationError: body -> request_id: Value error, Invalid request_id '2': must be a unique identifier, not simple sequential numbers like 1, 2, 3...
Traceback (most recent call last):
  File "C:\Users\Asus\PycharmProjects\pdf_processor\.venv\lib\site-packages\starlette\_exception_handler.py", line 42, in wrapped_app
    await app(scope, receive, sender)
  File "C:\Users\Asus\PycharmProjects\pdf_processor\.venv\lib\site-packages\fastapi\routing.py", line 144, in app
    response = await f(request)
  File "C:\Users\Asus\PycharmProjects\pdf_processor\.venv\lib\site-packages\fastapi\routing.py", line 755, in app
    raise validation_error
fastapi.exceptions.RequestValidationError: 1 validation error:
  {'type': 'value_error', 'loc': ('body', 'request_id'), 'msg': "Value error, Invalid request_id '2': must be a unique identifier, not simple sequential numbers like 1, 2, 3...", 'input': '2', 'ctx': {'error': ValueError("Invalid request_id '2': must be a unique identifier, not simple sequential numbers like 1, 2, 3...")}}

  File "C:\Users\Asus\PycharmProjects\pdf_processor\app.py", line 393, in process_pdf
    POST /process-pdf
[2026-09-08 14:02:15] [ERROR] [3] [app.py:212] RequestValidationError: body -> request_id: Value error, Invalid request_id '3': must be a unique identifier, not simple sequential numbers like 1, 2, 3...
Traceback (most recent call last):
  File "C:\Users\Asus\PycharmProjects\pdf_processor\.venv\lib\site-packages\starlette\_exception_handler.py", line 42, in wrapped_app
    await app(scope, receive, sender)
  File "C:\Users\Asus\PycharmProjects\pdf_processor\.venv\lib\site-packages\fastapi\routing.py", line 144, in app
    response = await f(request)
  File "C:\Users\Asus\PycharmProjects\pdf_processor\.venv\lib\site-packages\fastapi\routing.py", line 755, in app
    raise validation_error
fastapi.exceptions.RequestValidationError: 1 validation error:
  {'type': 'value_error', 'loc': ('body', 'request_id'), 'msg': "Value error, Invalid request_id '3': must be a unique identifier, not simple sequential numbers like 1, 2, 3...", 'input': '3', 'ctx': {'error': ValueError("Invalid request_id '3': must be a unique identifier, not simple sequential numbers like 1, 2, 3...")}}

  File "C:\Users\Asus\PycharmProjects\pdf_processor\app.py", line 393, in process_pdf
    POST /process-pdf
[2026-09-08 14:02:15] [ERROR] [007] [app.py:212] RequestValidationError: body -> request_id: Value error, Invalid request_id '007': must be a unique identifier, not simple sequential numbers like 1, 2, 3...
Traceback (most recent call last):
  File "C:\Users\Asus\PycharmProjects\pdf_processor\.venv\lib\site-packages\starlette\_exception_handler.py", line 42, in wrapped_app
    await app(scope, receive, sender)
  File "C:\Users\Asus\PycharmProjects\pdf_processor\.venv\lib\site-packages\fastapi\routing.py", line 144, in app
    response = await f(request)
  File "C:\Users\Asus\PycharmProjects\pdf_processor\.venv\lib\site-packages\fastapi\routing.py", line 755, in app
    raise validation_error
fastapi.exceptions.RequestValidationError: 1 validation error:
  {'type': 'value_error', 'loc': ('body', 'request_id'), 'msg': "Value error, Invalid request_id '007': must be a unique identifier, not simple sequential numbers like 1, 2, 3...", 'input': '007', 'ctx': {'error': ValueError("Invalid request_id '007': must be a unique identifier, not simple sequential numbers like 1, 2, 3...")}}

  File "C:\Users\Asus\PycharmProjects\pdf_processor\app.py", line 393, in process_pdf
    POST /process-pdf
[2026-09-08 14:02:15] [ERROR] [req-history-miss] [app.py:416] FileNotFoundError: The PDF file does not exist at 'missing.pdf'
[2026-09-08 14:02:15] [ERROR] [INVALID_REQUEST] [app.py:212] RequestValidationError: body -> 46: JSON decode error
Traceback (most recent call last):
  File "C:\Users\Asus\PycharmProjects\pdf_processor\.venv\lib\site-packages\fastapi\routing.py", line 446, in app
    json_body = await request.json()
  File "C:\Users\Asus\PycharmProjects\pdf_processor\.venv\lib\site-packages\starlette\requests.py", line 265, in json
    self._json = json.loads(body)
  File "C:\Users\Asus\AppData\Local\Programs\Python\Python310\lib\json\__init__.py", line 346, in loads
    return _default_decoder.decode(s)
  File "C:\Users\Asus\AppData\Local\Programs\Python\Python310\lib\json\decoder.py", line 337, in decode
    obj, end = self.raw_decode(s, idx=_w(s, 0).end())
  File "C:\Users\Asus\AppData\Local\Programs\Python\Python310\lib\json\decoder.py", line 355, in raw_decode
    raise JSONDecodeError("Expecting value", s, err.value) from None
json.decoder.JSONDecodeError: Expecting value: line 1 column 47 (char 46)

The above exception was the direct cause of the following exception:

Traceback (most recent call last):
  File "C:\Users\Asus\PycharmProjects\pdf_processor\.venv\lib\site-packages\starlette\_exception_handler.py", line 42, in wrapped_app
    await app(scope, receive, sender)
  File "C:\Users\Asus\PycharmProjects\pdf_processor\.venv\lib\site-packages\fastapi\routing.py", line 144, in app
    response = await f(request)
  File "C:\Users\Asus\PycharmProjects\pdf_processor\.venv\lib\site-packages\fastapi\routing.py", line 465, in app
    raise validation_error from e
fastapi.exceptions.RequestValidationError: 1 validation error:
  {'type': 'json_invalid', 'loc': ('body', 46), 'msg': 'JSON decode error', 'input': {}, 'ctx': {'error': 'Expecting value'}}

  File "C:\Users\Asus\PycharmProjects\pdf_processor\app.py", line 393, in process_pdf
    POST /process-pdf
[2026-09-08 14:10:08] [ERROR] [req-mtsf5gzq-u6ee] [app.py:405] ConflictError: Duplicate request_id: 'req-mtsf5gzq-u6ee' has already been processed. Each request must have a unique request_id.
[2026-09-08 15:25:05] [ERROR] [1a08596d-2d4b-43f3-9143-2e0add2bdf98] [app.py:407] ConflictError: Duplicate request_id: '1a08596d-2d4b-43f3-9143-2e0add2bdf98' has already been processed. Each request must have a unique request_id.
[2026-09-08 16:06:31] [ERROR] [req-demo-947] [app.py:406] ConflictError: Duplicate request_id: 'req-demo-947' has already been processed. Each request must have a unique request_id.
[2026-09-08 17:10:48] [ERROR] [req-test-not-found-404] [app.py:417] FileNotFoundError: The PDF file does not exist at 'missing_123.pdf'
[2026-09-08 17:10:48] [ERROR] [req-test-invalid-ext] [app.py:429] ValueError: Invalid file extension '.md'. Expected a '.pdf' file.
[2026-09-08 17:10:48] [ERROR] [req-test-corrupt-001] [app.py:442] Failed to open PDF file 'C:\Users\Asus\AppData\Local\Temp\pytest-of-Asus\pytest-14\test_corrupted_pdf0\corrupted.pdf': PdfStreamError: Stream has ended unexpectedly
Traceback (most recent call last):
  File "C:\Users\Asus\PycharmProjects\pdf_processor\app.py", line 438, in process_pdf
    reader = PdfReader(str(file_path.resolve()))
  File "C:\Users\Asus\PycharmProjects\pdf_processor\.venv\lib\site-packages\pypdf\_reader.py", line 149, in __init__
    self._initialize_stream(stream)
  File "C:\Users\Asus\PycharmProjects\pdf_processor\.venv\lib\site-packages\pypdf\_reader.py", line 173, in _initialize_stream
    self.read(stream)
  File "C:\Users\Asus\PycharmProjects\pdf_processor\.venv\lib\site-packages\pypdf\_reader.py", line 680, in read
    self._find_eof_marker(stream)
  File "C:\Users\Asus\PycharmProjects\pdf_processor\.venv\lib\site-packages\pypdf\_reader.py", line 793, in _find_eof_marker
    line = read_previous_line(stream)
  File "C:\Users\Asus\PycharmProjects\pdf_processor\.venv\lib\site-packages\pypdf\_utils.py", line 370, in read_previous_line
    raise PdfStreamError(STREAM_TRUNCATED_PREMATURELY)
pypdf.errors.PdfStreamError: Stream has ended unexpectedly
[2026-09-08 17:10:48] [ERROR] [req-unique-id-999] [app.py:406] ConflictError: Duplicate request_id: 'req-unique-id-999' has already been processed. Each request must have a unique request_id.
[2026-09-08 17:10:48] [ERROR] [1] [app.py:212] RequestValidationError: body -> request_id: Value error, Invalid request_id '1': must be a unique identifier, not simple sequential numbers like 1, 2, 3...
Traceback (most recent call last):
  File "C:\Users\Asus\PycharmProjects\pdf_processor\.venv\lib\site-packages\starlette\_exception_handler.py", line 42, in wrapped_app
    await app(scope, receive, sender)
  File "C:\Users\Asus\PycharmProjects\pdf_processor\.venv\lib\site-packages\fastapi\routing.py", line 144, in app
    response = await f(request)
  File "C:\Users\Asus\PycharmProjects\pdf_processor\.venv\lib\site-packages\fastapi\routing.py", line 755, in app
    raise validation_error
fastapi.exceptions.RequestValidationError: 1 validation error:
  {'type': 'value_error', 'loc': ('body', 'request_id'), 'msg': "Value error, Invalid request_id '1': must be a unique identifier, not simple sequential numbers like 1, 2, 3...", 'input': '1', 'ctx': {'error': ValueError("Invalid request_id '1': must be a unique identifier, not simple sequential numbers like 1, 2, 3...")}}

  File "C:\Users\Asus\PycharmProjects\pdf_processor\app.py", line 394, in process_pdf
    POST /process-pdf
[2026-09-08 17:10:48] [ERROR] [2] [app.py:212] RequestValidationError: body -> request_id: Value error, Invalid request_id '2': must be a unique identifier, not simple sequential numbers like 1, 2, 3...
Traceback (most recent call last):
  File "C:\Users\Asus\PycharmProjects\pdf_processor\.venv\lib\site-packages\starlette\_exception_handler.py", line 42, in wrapped_app
    await app(scope, receive, sender)
  File "C:\Users\Asus\PycharmProjects\pdf_processor\.venv\lib\site-packages\fastapi\routing.py", line 144, in app
    response = await f(request)
  File "C:\Users\Asus\PycharmProjects\pdf_processor\.venv\lib\site-packages\fastapi\routing.py", line 755, in app
    raise validation_error
fastapi.exceptions.RequestValidationError: 1 validation error:
  {'type': 'value_error', 'loc': ('body', 'request_id'), 'msg': "Value error, Invalid request_id '2': must be a unique identifier, not simple sequential numbers like 1, 2, 3...", 'input': '2', 'ctx': {'error': ValueError("Invalid request_id '2': must be a unique identifier, not simple sequential numbers like 1, 2, 3...")}}

  File "C:\Users\Asus\PycharmProjects\pdf_processor\app.py", line 394, in process_pdf
    POST /process-pdf
[2026-09-08 17:10:48] [ERROR] [3] [app.py:212] RequestValidationError: body -> request_id: Value error, Invalid request_id '3': must be a unique identifier, not simple sequential numbers like 1, 2, 3...
Traceback (most recent call last):
  File "C:\Users\Asus\PycharmProjects\pdf_processor\.venv\lib\site-packages\starlette\_exception_handler.py", line 42, in wrapped_app
    await app(scope, receive, sender)
  File "C:\Users\Asus\PycharmProjects\pdf_processor\.venv\lib\site-packages\fastapi\routing.py", line 144, in app
    response = await f(request)
  File "C:\Users\Asus\PycharmProjects\pdf_processor\.venv\lib\site-packages\fastapi\routing.py", line 755, in app
    raise validation_error
fastapi.exceptions.RequestValidationError: 1 validation error:
  {'type': 'value_error', 'loc': ('body', 'request_id'), 'msg': "Value error, Invalid request_id '3': must be a unique identifier, not simple sequential numbers like 1, 2, 3...", 'input': '3', 'ctx': {'error': ValueError("Invalid request_id '3': must be a unique identifier, not simple sequential numbers like 1, 2, 3...")}}

  File "C:\Users\Asus\PycharmProjects\pdf_processor\app.py", line 394, in process_pdf
    POST /process-pdf
[2026-09-08 17:10:48] [ERROR] [007] [app.py:212] RequestValidationError: body -> request_id: Value error, Invalid request_id '007': must be a unique identifier, not simple sequential numbers like 1, 2, 3...
Traceback (most recent call last):
  File "C:\Users\Asus\PycharmProjects\pdf_processor\.venv\lib\site-packages\starlette\_exception_handler.py", line 42, in wrapped_app
    await app(scope, receive, sender)
  File "C:\Users\Asus\PycharmProjects\pdf_processor\.venv\lib\site-packages\fastapi\routing.py", line 144, in app
    response = await f(request)
  File "C:\Users\Asus\PycharmProjects\pdf_processor\.venv\lib\site-packages\fastapi\routing.py", line 755, in app
    raise validation_error
fastapi.exceptions.RequestValidationError: 1 validation error:
  {'type': 'value_error', 'loc': ('body', 'request_id'), 'msg': "Value error, Invalid request_id '007': must be a unique identifier, not simple sequential numbers like 1, 2, 3...", 'input': '007', 'ctx': {'error': ValueError("Invalid request_id '007': must be a unique identifier, not simple sequential numbers like 1, 2, 3...")}}

  File "C:\Users\Asus\PycharmProjects\pdf_processor\app.py", line 394, in process_pdf
    POST /process-pdf
[2026-09-08 17:10:48] [ERROR] [req-history-miss] [app.py:417] FileNotFoundError: The PDF file does not exist at 'missing.pdf'
[2026-09-08 17:10:48] [ERROR] [INVALID_REQUEST] [app.py:212] RequestValidationError: body -> 46: JSON decode error
Traceback (most recent call last):
  File "C:\Users\Asus\PycharmProjects\pdf_processor\.venv\lib\site-packages\fastapi\routing.py", line 446, in app
    json_body = await request.json()
  File "C:\Users\Asus\PycharmProjects\pdf_processor\.venv\lib\site-packages\starlette\requests.py", line 265, in json
    self._json = json.loads(body)
  File "C:\Users\Asus\AppData\Local\Programs\Python\Python310\lib\json\__init__.py", line 346, in loads
    return _default_decoder.decode(s)
  File "C:\Users\Asus\AppData\Local\Programs\Python\Python310\lib\json\decoder.py", line 337, in decode
    obj, end = self.raw_decode(s, idx=_w(s, 0).end())
  File "C:\Users\Asus\AppData\Local\Programs\Python\Python310\lib\json\decoder.py", line 355, in raw_decode
    raise JSONDecodeError("Expecting value", s, err.value) from None
json.decoder.JSONDecodeError: Expecting value: line 1 column 47 (char 46)

The above exception was the direct cause of the following exception:

Traceback (most recent call last):
  File "C:\Users\Asus\PycharmProjects\pdf_processor\.venv\lib\site-packages\starlette\_exception_handler.py", line 42, in wrapped_app
    await app(scope, receive, sender)
  File "C:\Users\Asus\PycharmProjects\pdf_processor\.venv\lib\site-packages\fastapi\routing.py", line 144, in app
    response = await f(request)
  File "C:\Users\Asus\PycharmProjects\pdf_processor\.venv\lib\site-packages\fastapi\routing.py", line 465, in app
    raise validation_error from e
fastapi.exceptions.RequestValidationError: 1 validation error:
  {'type': 'json_invalid', 'loc': ('body', 46), 'msg': 'JSON decode error', 'input': {}, 'ctx': {'error': 'Expecting value'}}

  File "C:\Users\Asus\PycharmProjects\pdf_processor\app.py", line 394, in process_pdf
    POST /process-pdf
[2026-09-08 17:20:22] [ERROR] [req-test-not-found-404] [app.py:426] FileNotFoundError: The PDF file does not exist at 'missing_123.pdf'
[2026-09-08 17:20:22] [ERROR] [req-test-invalid-ext] [app.py:438] ValueError: Invalid file extension '.md'. Expected a '.pdf' file.
[2026-09-08 17:20:23] [ERROR] [req-test-corrupt-001] [app.py:451] Failed to open PDF file 'C:\Users\Asus\AppData\Local\Temp\pytest-of-Asus\pytest-15\test_corrupted_pdf0\corrupted.pdf': PdfStreamError: Stream has ended unexpectedly
Traceback (most recent call last):
  File "C:\Users\Asus\PycharmProjects\pdf_processor\app.py", line 447, in process_pdf
    reader = PdfReader(str(file_path.resolve()))
  File "C:\Users\Asus\PycharmProjects\pdf_processor\.venv\lib\site-packages\pypdf\_reader.py", line 149, in __init__
    self._initialize_stream(stream)
  File "C:\Users\Asus\PycharmProjects\pdf_processor\.venv\lib\site-packages\pypdf\_reader.py", line 173, in _initialize_stream
    self.read(stream)
  File "C:\Users\Asus\PycharmProjects\pdf_processor\.venv\lib\site-packages\pypdf\_reader.py", line 680, in read
    self._find_eof_marker(stream)
  File "C:\Users\Asus\PycharmProjects\pdf_processor\.venv\lib\site-packages\pypdf\_reader.py", line 793, in _find_eof_marker
    line = read_previous_line(stream)
  File "C:\Users\Asus\PycharmProjects\pdf_processor\.venv\lib\site-packages\pypdf\_utils.py", line 370, in read_previous_line
    raise PdfStreamError(STREAM_TRUNCATED_PREMATURELY)
pypdf.errors.PdfStreamError: Stream has ended unexpectedly
[2026-09-08 17:20:23] [ERROR] [req-unique-id-999] [app.py:415] ConflictError: Duplicate request_id: 'req-unique-id-999' has already been processed. Each request must have a unique request_id.
[2026-09-08 17:20:23] [ERROR] [1] [app.py:212] RequestValidationError: body -> request_id: Value error, Invalid request_id '1': must be a unique identifier, not simple sequential numbers like 1, 2, 3...
Traceback (most recent call last):
  File "C:\Users\Asus\PycharmProjects\pdf_processor\.venv\lib\site-packages\starlette\_exception_handler.py", line 42, in wrapped_app
    await app(scope, receive, sender)
  File "C:\Users\Asus\PycharmProjects\pdf_processor\.venv\lib\site-packages\fastapi\routing.py", line 144, in app
    response = await f(request)
  File "C:\Users\Asus\PycharmProjects\pdf_processor\.venv\lib\site-packages\fastapi\routing.py", line 755, in app
    raise validation_error
fastapi.exceptions.RequestValidationError: 1 validation error:
  {'type': 'value_error', 'loc': ('body', 'request_id'), 'msg': "Value error, Invalid request_id '1': must be a unique identifier, not simple sequential numbers like 1, 2, 3...", 'input': '1', 'ctx': {'error': ValueError("Invalid request_id '1': must be a unique identifier, not simple sequential numbers like 1, 2, 3...")}}

  File "C:\Users\Asus\PycharmProjects\pdf_processor\app.py", line 403, in process_pdf
    POST /process-pdf
[2026-09-08 17:20:23] [ERROR] [2] [app.py:212] RequestValidationError: body -> request_id: Value error, Invalid request_id '2': must be a unique identifier, not simple sequential numbers like 1, 2, 3...
Traceback (most recent call last):
  File "C:\Users\Asus\PycharmProjects\pdf_processor\.venv\lib\site-packages\starlette\_exception_handler.py", line 42, in wrapped_app
    await app(scope, receive, sender)
  File "C:\Users\Asus\PycharmProjects\pdf_processor\.venv\lib\site-packages\fastapi\routing.py", line 144, in app
    response = await f(request)
  File "C:\Users\Asus\PycharmProjects\pdf_processor\.venv\lib\site-packages\fastapi\routing.py", line 755, in app
    raise validation_error
fastapi.exceptions.RequestValidationError: 1 validation error:
  {'type': 'value_error', 'loc': ('body', 'request_id'), 'msg': "Value error, Invalid request_id '2': must be a unique identifier, not simple sequential numbers like 1, 2, 3...", 'input': '2', 'ctx': {'error': ValueError("Invalid request_id '2': must be a unique identifier, not simple sequential numbers like 1, 2, 3...")}}

  File "C:\Users\Asus\PycharmProjects\pdf_processor\app.py", line 403, in process_pdf
    POST /process-pdf
[2026-09-08 17:20:23] [ERROR] [3] [app.py:212] RequestValidationError: body -> request_id: Value error, Invalid request_id '3': must be a unique identifier, not simple sequential numbers like 1, 2, 3...
Traceback (most recent call last):
  File "C:\Users\Asus\PycharmProjects\pdf_processor\.venv\lib\site-packages\starlette\_exception_handler.py", line 42, in wrapped_app
    await app(scope, receive, sender)
  File "C:\Users\Asus\PycharmProjects\pdf_processor\.venv\lib\site-packages\fastapi\routing.py", line 144, in app
    response = await f(request)
  File "C:\Users\Asus\PycharmProjects\pdf_processor\.venv\lib\site-packages\fastapi\routing.py", line 755, in app
    raise validation_error
fastapi.exceptions.RequestValidationError: 1 validation error:
  {'type': 'value_error', 'loc': ('body', 'request_id'), 'msg': "Value error, Invalid request_id '3': must be a unique identifier, not simple sequential numbers like 1, 2, 3...", 'input': '3', 'ctx': {'error': ValueError("Invalid request_id '3': must be a unique identifier, not simple sequential numbers like 1, 2, 3...")}}

  File "C:\Users\Asus\PycharmProjects\pdf_processor\app.py", line 403, in process_pdf
    POST /process-pdf
[2026-09-08 17:20:23] [ERROR] [007] [app.py:212] RequestValidationError: body -> request_id: Value error, Invalid request_id '007': must be a unique identifier, not simple sequential numbers like 1, 2, 3...
Traceback (most recent call last):
  File "C:\Users\Asus\PycharmProjects\pdf_processor\.venv\lib\site-packages\starlette\_exception_handler.py", line 42, in wrapped_app
    await app(scope, receive, sender)
  File "C:\Users\Asus\PycharmProjects\pdf_processor\.venv\lib\site-packages\fastapi\routing.py", line 144, in app
    response = await f(request)
  File "C:\Users\Asus\PycharmProjects\pdf_processor\.venv\lib\site-packages\fastapi\routing.py", line 755, in app
    raise validation_error
fastapi.exceptions.RequestValidationError: 1 validation error:
  {'type': 'value_error', 'loc': ('body', 'request_id'), 'msg': "Value error, Invalid request_id '007': must be a unique identifier, not simple sequential numbers like 1, 2, 3...", 'input': '007', 'ctx': {'error': ValueError("Invalid request_id '007': must be a unique identifier, not simple sequential numbers like 1, 2, 3...")}}

  File "C:\Users\Asus\PycharmProjects\pdf_processor\app.py", line 403, in process_pdf
    POST /process-pdf
[2026-09-08 17:20:23] [ERROR] [req-history-miss] [app.py:426] FileNotFoundError: The PDF file does not exist at 'missing.pdf'
[2026-09-08 17:20:23] [ERROR] [INVALID_REQUEST] [app.py:212] RequestValidationError: body -> 46: JSON decode error
Traceback (most recent call last):
  File "C:\Users\Asus\PycharmProjects\pdf_processor\.venv\lib\site-packages\fastapi\routing.py", line 446, in app
    json_body = await request.json()
  File "C:\Users\Asus\PycharmProjects\pdf_processor\.venv\lib\site-packages\starlette\requests.py", line 265, in json
    self._json = json.loads(body)
  File "C:\Users\Asus\AppData\Local\Programs\Python\Python310\lib\json\__init__.py", line 346, in loads
    return _default_decoder.decode(s)
  File "C:\Users\Asus\AppData\Local\Programs\Python\Python310\lib\json\decoder.py", line 337, in decode
    obj, end = self.raw_decode(s, idx=_w(s, 0).end())
  File "C:\Users\Asus\AppData\Local\Programs\Python\Python310\lib\json\decoder.py", line 355, in raw_decode
    raise JSONDecodeError("Expecting value", s, err.value) from None
json.decoder.JSONDecodeError: Expecting value: line 1 column 47 (char 46)

The above exception was the direct cause of the following exception:

Traceback (most recent call last):
  File "C:\Users\Asus\PycharmProjects\pdf_processor\.venv\lib\site-packages\starlette\_exception_handler.py", line 42, in wrapped_app
    await app(scope, receive, sender)
  File "C:\Users\Asus\PycharmProjects\pdf_processor\.venv\lib\site-packages\fastapi\routing.py", line 144, in app
    response = await f(request)
  File "C:\Users\Asus\PycharmProjects\pdf_processor\.venv\lib\site-packages\fastapi\routing.py", line 465, in app
    raise validation_error from e
fastapi.exceptions.RequestValidationError: 1 validation error:
  {'type': 'json_invalid', 'loc': ('body', 46), 'msg': 'JSON decode error', 'input': {}, 'ctx': {'error': 'Expecting value'}}

  File "C:\Users\Asus\PycharmProjects\pdf_processor\app.py", line 403, in process_pdf
    POST /process-pdf
[2026-09-09 11:21:42] [ERROR] [req-demo-001] [app.py:415] ConflictError: Duplicate request_id: 'req-demo-001' has already been processed. Each request must have a unique request_id.
[2026-09-09 11:22:02] [ERROR] [req-demo-453] [app.py:415] ConflictError: Duplicate request_id: 'req-demo-453' has already been processed. Each request must have a unique request_id.
[2026-09-09 11:25:27] [ERROR] [req-test-not-found-404] [app.py:511] FileNotFoundError: The PDF file does not exist at 'missing_123.pdf'
[2026-09-09 11:25:27] [ERROR] [req-test-invalid-ext] [app.py:523] ValueError: Invalid file extension '.md'. Expected a '.pdf' file.
[2026-09-09 11:25:27] [ERROR] [req-test-corrupt-001] [app.py:536] Failed to open PDF file 'C:\Users\Asus\AppData\Local\Temp\pytest-of-Asus\pytest-16\test_corrupted_pdf0\corrupted.pdf': PdfStreamError: Stream has ended unexpectedly
Traceback (most recent call last):
  File "C:\Users\Asus\PycharmProjects\pdf_processor\app.py", line 532, in process_pdf
    reader = PdfReader(str(file_path.resolve()))
  File "C:\Users\Asus\PycharmProjects\pdf_processor\.venv\lib\site-packages\pypdf\_reader.py", line 149, in __init__
    self._initialize_stream(stream)
  File "C:\Users\Asus\PycharmProjects\pdf_processor\.venv\lib\site-packages\pypdf\_reader.py", line 173, in _initialize_stream
    self.read(stream)
  File "C:\Users\Asus\PycharmProjects\pdf_processor\.venv\lib\site-packages\pypdf\_reader.py", line 680, in read
    self._find_eof_marker(stream)
  File "C:\Users\Asus\PycharmProjects\pdf_processor\.venv\lib\site-packages\pypdf\_reader.py", line 793, in _find_eof_marker
    line = read_previous_line(stream)
  File "C:\Users\Asus\PycharmProjects\pdf_processor\.venv\lib\site-packages\pypdf\_utils.py", line 370, in read_previous_line
    raise PdfStreamError(STREAM_TRUNCATED_PREMATURELY)
pypdf.errors.PdfStreamError: Stream has ended unexpectedly
[2026-09-09 11:25:27] [ERROR] [req-unique-id-999] [app.py:500] ConflictError: Duplicate request_id: 'req-unique-id-999' has already been processed. Each request must have a unique request_id.
[2026-09-09 11:25:27] [ERROR] [1] [app.py:214] RequestValidationError: body -> request_id: Value error, Invalid request_id '1': must be a unique identifier, not simple sequential numbers like 1, 2, 3...
Traceback (most recent call last):
  File "C:\Users\Asus\PycharmProjects\pdf_processor\.venv\lib\site-packages\starlette\_exception_handler.py", line 42, in wrapped_app
    await app(scope, receive, sender)
  File "C:\Users\Asus\PycharmProjects\pdf_processor\.venv\lib\site-packages\fastapi\routing.py", line 144, in app
    response = await f(request)
  File "C:\Users\Asus\PycharmProjects\pdf_processor\.venv\lib\site-packages\fastapi\routing.py", line 755, in app
    raise validation_error
fastapi.exceptions.RequestValidationError: 1 validation error:
  {'type': 'value_error', 'loc': ('body', 'request_id'), 'msg': "Value error, Invalid request_id '1': must be a unique identifier, not simple sequential numbers like 1, 2, 3...", 'input': '1', 'ctx': {'error': ValueError("Invalid request_id '1': must be a unique identifier, not simple sequential numbers like 1, 2, 3...")}}

  File "C:\Users\Asus\PycharmProjects\pdf_processor\app.py", line 488, in process_pdf
    POST /process-pdf
[2026-09-09 11:25:27] [ERROR] [2] [app.py:214] RequestValidationError: body -> request_id: Value error, Invalid request_id '2': must be a unique identifier, not simple sequential numbers like 1, 2, 3...
Traceback (most recent call last):
  File "C:\Users\Asus\PycharmProjects\pdf_processor\.venv\lib\site-packages\starlette\_exception_handler.py", line 42, in wrapped_app
    await app(scope, receive, sender)
  File "C:\Users\Asus\PycharmProjects\pdf_processor\.venv\lib\site-packages\fastapi\routing.py", line 144, in app
    response = await f(request)
  File "C:\Users\Asus\PycharmProjects\pdf_processor\.venv\lib\site-packages\fastapi\routing.py", line 755, in app
    raise validation_error
fastapi.exceptions.RequestValidationError: 1 validation error:
  {'type': 'value_error', 'loc': ('body', 'request_id'), 'msg': "Value error, Invalid request_id '2': must be a unique identifier, not simple sequential numbers like 1, 2, 3...", 'input': '2', 'ctx': {'error': ValueError("Invalid request_id '2': must be a unique identifier, not simple sequential numbers like 1, 2, 3...")}}

  File "C:\Users\Asus\PycharmProjects\pdf_processor\app.py", line 488, in process_pdf
    POST /process-pdf
[2026-09-09 11:25:27] [ERROR] [3] [app.py:214] RequestValidationError: body -> request_id: Value error, Invalid request_id '3': must be a unique identifier, not simple sequential numbers like 1, 2, 3...
Traceback (most recent call last):
  File "C:\Users\Asus\PycharmProjects\pdf_processor\.venv\lib\site-packages\starlette\_exception_handler.py", line 42, in wrapped_app
    await app(scope, receive, sender)
  File "C:\Users\Asus\PycharmProjects\pdf_processor\.venv\lib\site-packages\fastapi\routing.py", line 144, in app
    response = await f(request)
  File "C:\Users\Asus\PycharmProjects\pdf_processor\.venv\lib\site-packages\fastapi\routing.py", line 755, in app
    raise validation_error
fastapi.exceptions.RequestValidationError: 1 validation error:
  {'type': 'value_error', 'loc': ('body', 'request_id'), 'msg': "Value error, Invalid request_id '3': must be a unique identifier, not simple sequential numbers like 1, 2, 3...", 'input': '3', 'ctx': {'error': ValueError("Invalid request_id '3': must be a unique identifier, not simple sequential numbers like 1, 2, 3...")}}

  File "C:\Users\Asus\PycharmProjects\pdf_processor\app.py", line 488, in process_pdf
    POST /process-pdf
[2026-09-09 11:25:28] [ERROR] [007] [app.py:214] RequestValidationError: body -> request_id: Value error, Invalid request_id '007': must be a unique identifier, not simple sequential numbers like 1, 2, 3...
Traceback (most recent call last):
  File "C:\Users\Asus\PycharmProjects\pdf_processor\.venv\lib\site-packages\starlette\_exception_handler.py", line 42, in wrapped_app
    await app(scope, receive, sender)
  File "C:\Users\Asus\PycharmProjects\pdf_processor\.venv\lib\site-packages\fastapi\routing.py", line 144, in app
    response = await f(request)
  File "C:\Users\Asus\PycharmProjects\pdf_processor\.venv\lib\site-packages\fastapi\routing.py", line 755, in app
    raise validation_error
fastapi.exceptions.RequestValidationError: 1 validation error:
  {'type': 'value_error', 'loc': ('body', 'request_id'), 'msg': "Value error, Invalid request_id '007': must be a unique identifier, not simple sequential numbers like 1, 2, 3...", 'input': '007', 'ctx': {'error': ValueError("Invalid request_id '007': must be a unique identifier, not simple sequential numbers like 1, 2, 3...")}}

  File "C:\Users\Asus\PycharmProjects\pdf_processor\app.py", line 488, in process_pdf
    POST /process-pdf
[2026-09-09 11:25:28] [ERROR] [req-history-miss] [app.py:511] FileNotFoundError: The PDF file does not exist at 'missing.pdf'
[2026-09-09 11:25:28] [ERROR] [INVALID_REQUEST] [app.py:214] RequestValidationError: body -> 46: JSON decode error
Traceback (most recent call last):
  File "C:\Users\Asus\PycharmProjects\pdf_processor\.venv\lib\site-packages\fastapi\routing.py", line 446, in app
    json_body = await request.json()
  File "C:\Users\Asus\PycharmProjects\pdf_processor\.venv\lib\site-packages\starlette\requests.py", line 265, in json
    self._json = json.loads(body)
  File "C:\Users\Asus\AppData\Local\Programs\Python\Python310\lib\json\__init__.py", line 346, in loads
    return _default_decoder.decode(s)
  File "C:\Users\Asus\AppData\Local\Programs\Python\Python310\lib\json\decoder.py", line 337, in decode
    obj, end = self.raw_decode(s, idx=_w(s, 0).end())
  File "C:\Users\Asus\AppData\Local\Programs\Python\Python310\lib\json\decoder.py", line 355, in raw_decode
    raise JSONDecodeError("Expecting value", s, err.value) from None
json.decoder.JSONDecodeError: Expecting value: line 1 column 47 (char 46)

The above exception was the direct cause of the following exception:

Traceback (most recent call last):
  File "C:\Users\Asus\PycharmProjects\pdf_processor\.venv\lib\site-packages\starlette\_exception_handler.py", line 42, in wrapped_app
    await app(scope, receive, sender)
  File "C:\Users\Asus\PycharmProjects\pdf_processor\.venv\lib\site-packages\fastapi\routing.py", line 144, in app
    response = await f(request)
  File "C:\Users\Asus\PycharmProjects\pdf_processor\.venv\lib\site-packages\fastapi\routing.py", line 465, in app
    raise validation_error from e
fastapi.exceptions.RequestValidationError: 1 validation error:
  {'type': 'json_invalid', 'loc': ('body', 46), 'msg': 'JSON decode error', 'input': {}, 'ctx': {'error': 'Expecting value'}}

  File "C:\Users\Asus\PycharmProjects\pdf_processor\app.py", line 488, in process_pdf
    POST /process-pdf
[2026-09-09 11:25:55] [ERROR] [req-up-5a4988aa-x] [app.py:467] ValueError: Only .pdf files can be uploaded.
[2026-09-09 12:40:03] [ERROR] [req-test-not-found-404] [app.py:520] FileNotFoundError: The PDF file does not exist at 'missing_123.pdf'
[2026-09-09 12:40:03] [ERROR] [req-test-invalid-ext] [app.py:532] ValueError: Invalid file extension '.md'. Expected a '.pdf' file.
[2026-09-09 12:40:03] [ERROR] [req-test-corrupt-001] [app.py:545] Failed to open PDF file 'C:\Users\Asus\AppData\Local\Temp\pytest-of-Asus\pytest-17\test_corrupted_pdf0\corrupted.pdf': PdfStreamError: Stream has ended unexpectedly
Traceback (most recent call last):
  File "C:\Users\Asus\PycharmProjects\pdf_processor\app.py", line 541, in process_pdf
    reader = PdfReader(str(file_path.resolve()))
  File "C:\Users\Asus\PycharmProjects\pdf_processor\.venv\lib\site-packages\pypdf\_reader.py", line 149, in __init__
    self._initialize_stream(stream)
  File "C:\Users\Asus\PycharmProjects\pdf_processor\.venv\lib\site-packages\pypdf\_reader.py", line 173, in _initialize_stream
    self.read(stream)
  File "C:\Users\Asus\PycharmProjects\pdf_processor\.venv\lib\site-packages\pypdf\_reader.py", line 680, in read
    self._find_eof_marker(stream)
  File "C:\Users\Asus\PycharmProjects\pdf_processor\.venv\lib\site-packages\pypdf\_reader.py", line 793, in _find_eof_marker
    line = read_previous_line(stream)
  File "C:\Users\Asus\PycharmProjects\pdf_processor\.venv\lib\site-packages\pypdf\_utils.py", line 370, in read_previous_line
    raise PdfStreamError(STREAM_TRUNCATED_PREMATURELY)
pypdf.errors.PdfStreamError: Stream has ended unexpectedly
[2026-09-09 12:40:03] [ERROR] [req-unique-id-999] [app.py:509] ConflictError: Duplicate request_id: 'req-unique-id-999' has already been processed. Each request must have a unique request_id.
[2026-09-09 12:40:03] [ERROR] [1] [app.py:221] RequestValidationError: body -> request_id: Value error, Invalid request_id '1': must be a unique identifier, not simple sequential numbers like 1, 2, 3...
Traceback (most recent call last):
  File "C:\Users\Asus\PycharmProjects\pdf_processor\.venv\lib\site-packages\starlette\_exception_handler.py", line 42, in wrapped_app
    await app(scope, receive, sender)
  File "C:\Users\Asus\PycharmProjects\pdf_processor\.venv\lib\site-packages\fastapi\routing.py", line 144, in app
    response = await f(request)
  File "C:\Users\Asus\PycharmProjects\pdf_processor\.venv\lib\site-packages\fastapi\routing.py", line 755, in app
    raise validation_error
fastapi.exceptions.RequestValidationError: 1 validation error:
  {'type': 'value_error', 'loc': ('body', 'request_id'), 'msg': "Value error, Invalid request_id '1': must be a unique identifier, not simple sequential numbers like 1, 2, 3...", 'input': '1', 'ctx': {'error': ValueError("Invalid request_id '1': must be a unique identifier, not simple sequential numbers like 1, 2, 3...")}}

  File "C:\Users\Asus\PycharmProjects\pdf_processor\app.py", line 497, in process_pdf
    POST /process-pdf
[2026-09-09 12:40:03] [ERROR] [2] [app.py:221] RequestValidationError: body -> request_id: Value error, Invalid request_id '2': must be a unique identifier, not simple sequential numbers like 1, 2, 3...
Traceback (most recent call last):
  File "C:\Users\Asus\PycharmProjects\pdf_processor\.venv\lib\site-packages\starlette\_exception_handler.py", line 42, in wrapped_app
    await app(scope, receive, sender)
  File "C:\Users\Asus\PycharmProjects\pdf_processor\.venv\lib\site-packages\fastapi\routing.py", line 144, in app
    response = await f(request)
  File "C:\Users\Asus\PycharmProjects\pdf_processor\.venv\lib\site-packages\fastapi\routing.py", line 755, in app
    raise validation_error
fastapi.exceptions.RequestValidationError: 1 validation error:
  {'type': 'value_error', 'loc': ('body', 'request_id'), 'msg': "Value error, Invalid request_id '2': must be a unique identifier, not simple sequential numbers like 1, 2, 3...", 'input': '2', 'ctx': {'error': ValueError("Invalid request_id '2': must be a unique identifier, not simple sequential numbers like 1, 2, 3...")}}

  File "C:\Users\Asus\PycharmProjects\pdf_processor\app.py", line 497, in process_pdf
    POST /process-pdf
[2026-09-09 12:40:03] [ERROR] [3] [app.py:221] RequestValidationError: body -> request_id: Value error, Invalid request_id '3': must be a unique identifier, not simple sequential numbers like 1, 2, 3...
Traceback (most recent call last):
  File "C:\Users\Asus\PycharmProjects\pdf_processor\.venv\lib\site-packages\starlette\_exception_handler.py", line 42, in wrapped_app
    await app(scope, receive, sender)
  File "C:\Users\Asus\PycharmProjects\pdf_processor\.venv\lib\site-packages\fastapi\routing.py", line 144, in app
    response = await f(request)
  File "C:\Users\Asus\PycharmProjects\pdf_processor\.venv\lib\site-packages\fastapi\routing.py", line 755, in app
    raise validation_error
fastapi.exceptions.RequestValidationError: 1 validation error:
  {'type': 'value_error', 'loc': ('body', 'request_id'), 'msg': "Value error, Invalid request_id '3': must be a unique identifier, not simple sequential numbers like 1, 2, 3...", 'input': '3', 'ctx': {'error': ValueError("Invalid request_id '3': must be a unique identifier, not simple sequential numbers like 1, 2, 3...")}}

  File "C:\Users\Asus\PycharmProjects\pdf_processor\app.py", line 497, in process_pdf
    POST /process-pdf
[2026-09-09 12:40:03] [ERROR] [007] [app.py:221] RequestValidationError: body -> request_id: Value error, Invalid request_id '007': must be a unique identifier, not simple sequential numbers like 1, 2, 3...
Traceback (most recent call last):
  File "C:\Users\Asus\PycharmProjects\pdf_processor\.venv\lib\site-packages\starlette\_exception_handler.py", line 42, in wrapped_app
    await app(scope, receive, sender)
  File "C:\Users\Asus\PycharmProjects\pdf_processor\.venv\lib\site-packages\fastapi\routing.py", line 144, in app
    response = await f(request)
  File "C:\Users\Asus\PycharmProjects\pdf_processor\.venv\lib\site-packages\fastapi\routing.py", line 755, in app
    raise validation_error
fastapi.exceptions.RequestValidationError: 1 validation error:
  {'type': 'value_error', 'loc': ('body', 'request_id'), 'msg': "Value error, Invalid request_id '007': must be a unique identifier, not simple sequential numbers like 1, 2, 3...", 'input': '007', 'ctx': {'error': ValueError("Invalid request_id '007': must be a unique identifier, not simple sequential numbers like 1, 2, 3...")}}

  File "C:\Users\Asus\PycharmProjects\pdf_processor\app.py", line 497, in process_pdf
    POST /process-pdf
[2026-09-09 12:40:04] [ERROR] [req-history-miss] [app.py:520] FileNotFoundError: The PDF file does not exist at 'missing.pdf'
[2026-09-09 12:40:04] [ERROR] [INVALID_REQUEST] [app.py:221] RequestValidationError: body -> 46: JSON decode error
Traceback (most recent call last):
  File "C:\Users\Asus\PycharmProjects\pdf_processor\.venv\lib\site-packages\fastapi\routing.py", line 446, in app
    json_body = await request.json()
  File "C:\Users\Asus\PycharmProjects\pdf_processor\.venv\lib\site-packages\starlette\requests.py", line 265, in json
    self._json = json.loads(body)
  File "C:\Users\Asus\AppData\Local\Programs\Python\Python310\lib\json\__init__.py", line 346, in loads
    return _default_decoder.decode(s)
  File "C:\Users\Asus\AppData\Local\Programs\Python\Python310\lib\json\decoder.py", line 337, in decode
    obj, end = self.raw_decode(s, idx=_w(s, 0).end())
  File "C:\Users\Asus\AppData\Local\Programs\Python\Python310\lib\json\decoder.py", line 355, in raw_decode
    raise JSONDecodeError("Expecting value", s, err.value) from None
json.decoder.JSONDecodeError: Expecting value: line 1 column 47 (char 46)

The above exception was the direct cause of the following exception:

Traceback (most recent call last):
  File "C:\Users\Asus\PycharmProjects\pdf_processor\.venv\lib\site-packages\starlette\_exception_handler.py", line 42, in wrapped_app
    await app(scope, receive, sender)
  File "C:\Users\Asus\PycharmProjects\pdf_processor\.venv\lib\site-packages\fastapi\routing.py", line 144, in app
    response = await f(request)
  File "C:\Users\Asus\PycharmProjects\pdf_processor\.venv\lib\site-packages\fastapi\routing.py", line 465, in app
    raise validation_error from e
fastapi.exceptions.RequestValidationError: 1 validation error:
  {'type': 'json_invalid', 'loc': ('body', 46), 'msg': 'JSON decode error', 'input': {}, 'ctx': {'error': 'Expecting value'}}

  File "C:\Users\Asus\PycharmProjects\pdf_processor\app.py", line 497, in process_pdf
    POST /process-pdf
[2026-09-09 14:03:21] [ERROR] [req-test-not-found-404] [app.py:528] FileNotFoundError: The PDF file does not exist at 'missing_123.pdf'
[2026-09-09 14:03:21] [ERROR] [req-test-invalid-ext] [app.py:540] ValueError: Invalid file extension '.md'. Expected a '.pdf' file.
[2026-09-09 14:03:22] [ERROR] [req-test-corrupt-001] [app.py:553] Failed to open PDF file 'C:\Users\Asus\AppData\Local\Temp\pytest-of-Asus\pytest-18\test_corrupted_pdf0\corrupted.pdf': PdfStreamError: Stream has ended unexpectedly
Traceback (most recent call last):
  File "C:\Users\Asus\PycharmProjects\pdf_processor\app.py", line 549, in process_pdf
    reader = PdfReader(str(file_path.resolve()))
  File "C:\Users\Asus\PycharmProjects\pdf_processor\.venv\lib\site-packages\pypdf\_reader.py", line 149, in __init__
    self._initialize_stream(stream)
  File "C:\Users\Asus\PycharmProjects\pdf_processor\.venv\lib\site-packages\pypdf\_reader.py", line 173, in _initialize_stream
    self.read(stream)
  File "C:\Users\Asus\PycharmProjects\pdf_processor\.venv\lib\site-packages\pypdf\_reader.py", line 680, in read
    self._find_eof_marker(stream)
  File "C:\Users\Asus\PycharmProjects\pdf_processor\.venv\lib\site-packages\pypdf\_reader.py", line 793, in _find_eof_marker
    line = read_previous_line(stream)
  File "C:\Users\Asus\PycharmProjects\pdf_processor\.venv\lib\site-packages\pypdf\_utils.py", line 370, in read_previous_line
    raise PdfStreamError(STREAM_TRUNCATED_PREMATURELY)
pypdf.errors.PdfStreamError: Stream has ended unexpectedly
[2026-09-09 14:03:22] [ERROR] [req-unique-id-999] [app.py:517] ConflictError: Duplicate request_id: 'req-unique-id-999' has already been processed. Each request must have a unique request_id.
[2026-09-09 14:03:22] [ERROR] [1] [app.py:221] RequestValidationError: body -> request_id: Value error, Invalid request_id '1': must be a unique identifier, not simple sequential numbers like 1, 2, 3...
Traceback (most recent call last):
  File "C:\Users\Asus\PycharmProjects\pdf_processor\.venv\lib\site-packages\starlette\_exception_handler.py", line 42, in wrapped_app
    await app(scope, receive, sender)
  File "C:\Users\Asus\PycharmProjects\pdf_processor\.venv\lib\site-packages\fastapi\routing.py", line 144, in app
    response = await f(request)
  File "C:\Users\Asus\PycharmProjects\pdf_processor\.venv\lib\site-packages\fastapi\routing.py", line 755, in app
    raise validation_error
fastapi.exceptions.RequestValidationError: 1 validation error:
  {'type': 'value_error', 'loc': ('body', 'request_id'), 'msg': "Value error, Invalid request_id '1': must be a unique identifier, not simple sequential numbers like 1, 2, 3...", 'input': '1', 'ctx': {'error': ValueError("Invalid request_id '1': must be a unique identifier, not simple sequential numbers like 1, 2, 3...")}}

  File "C:\Users\Asus\PycharmProjects\pdf_processor\app.py", line 505, in process_pdf
    POST /process-pdf
[2026-09-09 14:03:22] [ERROR] [2] [app.py:221] RequestValidationError: body -> request_id: Value error, Invalid request_id '2': must be a unique identifier, not simple sequential numbers like 1, 2, 3...
Traceback (most recent call last):
  File "C:\Users\Asus\PycharmProjects\pdf_processor\.venv\lib\site-packages\starlette\_exception_handler.py", line 42, in wrapped_app
    await app(scope, receive, sender)
  File "C:\Users\Asus\PycharmProjects\pdf_processor\.venv\lib\site-packages\fastapi\routing.py", line 144, in app
    response = await f(request)
  File "C:\Users\Asus\PycharmProjects\pdf_processor\.venv\lib\site-packages\fastapi\routing.py", line 755, in app
    raise validation_error
fastapi.exceptions.RequestValidationError: 1 validation error:
  {'type': 'value_error', 'loc': ('body', 'request_id'), 'msg': "Value error, Invalid request_id '2': must be a unique identifier, not simple sequential numbers like 1, 2, 3...", 'input': '2', 'ctx': {'error': ValueError("Invalid request_id '2': must be a unique identifier, not simple sequential numbers like 1, 2, 3...")}}

  File "C:\Users\Asus\PycharmProjects\pdf_processor\app.py", line 505, in process_pdf
    POST /process-pdf
[2026-09-09 14:03:22] [ERROR] [3] [app.py:221] RequestValidationError: body -> request_id: Value error, Invalid request_id '3': must be a unique identifier, not simple sequential numbers like 1, 2, 3...
Traceback (most recent call last):
  File "C:\Users\Asus\PycharmProjects\pdf_processor\.venv\lib\site-packages\starlette\_exception_handler.py", line 42, in wrapped_app
    await app(scope, receive, sender)
  File "C:\Users\Asus\PycharmProjects\pdf_processor\.venv\lib\site-packages\fastapi\routing.py", line 144, in app
    response = await f(request)
  File "C:\Users\Asus\PycharmProjects\pdf_processor\.venv\lib\site-packages\fastapi\routing.py", line 755, in app
    raise validation_error
fastapi.exceptions.RequestValidationError: 1 validation error:
  {'type': 'value_error', 'loc': ('body', 'request_id'), 'msg': "Value error, Invalid request_id '3': must be a unique identifier, not simple sequential numbers like 1, 2, 3...", 'input': '3', 'ctx': {'error': ValueError("Invalid request_id '3': must be a unique identifier, not simple sequential numbers like 1, 2, 3...")}}

  File "C:\Users\Asus\PycharmProjects\pdf_processor\app.py", line 505, in process_pdf
    POST /process-pdf
[2026-09-09 14:03:22] [ERROR] [007] [app.py:221] RequestValidationError: body -> request_id: Value error, Invalid request_id '007': must be a unique identifier, not simple sequential numbers like 1, 2, 3...
Traceback (most recent call last):
  File "C:\Users\Asus\PycharmProjects\pdf_processor\.venv\lib\site-packages\starlette\_exception_handler.py", line 42, in wrapped_app
    await app(scope, receive, sender)
  File "C:\Users\Asus\PycharmProjects\pdf_processor\.venv\lib\site-packages\fastapi\routing.py", line 144, in app
    response = await f(request)
  File "C:\Users\Asus\PycharmProjects\pdf_processor\.venv\lib\site-packages\fastapi\routing.py", line 755, in app
    raise validation_error
fastapi.exceptions.RequestValidationError: 1 validation error:
  {'type': 'value_error', 'loc': ('body', 'request_id'), 'msg': "Value error, Invalid request_id '007': must be a unique identifier, not simple sequential numbers like 1, 2, 3...", 'input': '007', 'ctx': {'error': ValueError("Invalid request_id '007': must be a unique identifier, not simple sequential numbers like 1, 2, 3...")}}

  File "C:\Users\Asus\PycharmProjects\pdf_processor\app.py", line 505, in process_pdf
    POST /process-pdf
[2026-09-09 14:03:22] [ERROR] [req-history-miss] [app.py:528] FileNotFoundError: The PDF file does not exist at 'missing.pdf'
[2026-09-09 14:03:22] [ERROR] [INVALID_REQUEST] [app.py:221] RequestValidationError: body -> 46: JSON decode error
Traceback (most recent call last):
  File "C:\Users\Asus\PycharmProjects\pdf_processor\.venv\lib\site-packages\fastapi\routing.py", line 446, in app
    json_body = await request.json()
  File "C:\Users\Asus\PycharmProjects\pdf_processor\.venv\lib\site-packages\starlette\requests.py", line 265, in json
    self._json = json.loads(body)
  File "C:\Users\Asus\AppData\Local\Programs\Python\Python310\lib\json\__init__.py", line 346, in loads
    return _default_decoder.decode(s)
  File "C:\Users\Asus\AppData\Local\Programs\Python\Python310\lib\json\decoder.py", line 337, in decode
    obj, end = self.raw_decode(s, idx=_w(s, 0).end())
  File "C:\Users\Asus\AppData\Local\Programs\Python\Python310\lib\json\decoder.py", line 355, in raw_decode
    raise JSONDecodeError("Expecting value", s, err.value) from None
json.decoder.JSONDecodeError: Expecting value: line 1 column 47 (char 46)

The above exception was the direct cause of the following exception:

Traceback (most recent call last):
  File "C:\Users\Asus\PycharmProjects\pdf_processor\.venv\lib\site-packages\starlette\_exception_handler.py", line 42, in wrapped_app
    await app(scope, receive, sender)
  File "C:\Users\Asus\PycharmProjects\pdf_processor\.venv\lib\site-packages\fastapi\routing.py", line 144, in app
    response = await f(request)
  File "C:\Users\Asus\PycharmProjects\pdf_processor\.venv\lib\site-packages\fastapi\routing.py", line 465, in app
    raise validation_error from e
fastapi.exceptions.RequestValidationError: 1 validation error:
  {'type': 'json_invalid', 'loc': ('body', 46), 'msg': 'JSON decode error', 'input': {}, 'ctx': {'error': 'Expecting value'}}

  File "C:\Users\Asus\PycharmProjects\pdf_processor\app.py", line 505, in process_pdf
    POST /process-pdf
[2026-09-09 14:08:07] [ERROR] [req-test-not-found-404] [app.py:520] FileNotFoundError: The PDF file does not exist at 'missing_123.pdf'
[2026-09-09 14:08:07] [ERROR] [req-test-invalid-ext] [app.py:532] ValueError: Invalid file extension '.md'. Expected a '.pdf' file.
[2026-09-09 14:08:07] [ERROR] [req-test-corrupt-001] [app.py:545] Failed to open PDF file 'C:\Users\Asus\AppData\Local\Temp\pytest-of-Asus\pytest-19\test_corrupted_pdf0\corrupted.pdf': PdfStreamError: Stream has ended unexpectedly
Traceback (most recent call last):
  File "C:\Users\Asus\PycharmProjects\pdf_processor\app.py", line 541, in process_pdf
    reader = PdfReader(str(file_path.resolve()))
  File "C:\Users\Asus\PycharmProjects\pdf_processor\.venv\lib\site-packages\pypdf\_reader.py", line 149, in __init__
    self._initialize_stream(stream)
  File "C:\Users\Asus\PycharmProjects\pdf_processor\.venv\lib\site-packages\pypdf\_reader.py", line 173, in _initialize_stream
    self.read(stream)
  File "C:\Users\Asus\PycharmProjects\pdf_processor\.venv\lib\site-packages\pypdf\_reader.py", line 680, in read
    self._find_eof_marker(stream)
  File "C:\Users\Asus\PycharmProjects\pdf_processor\.venv\lib\site-packages\pypdf\_reader.py", line 793, in _find_eof_marker
    line = read_previous_line(stream)
  File "C:\Users\Asus\PycharmProjects\pdf_processor\.venv\lib\site-packages\pypdf\_utils.py", line 370, in read_previous_line
    raise PdfStreamError(STREAM_TRUNCATED_PREMATURELY)
pypdf.errors.PdfStreamError: Stream has ended unexpectedly
[2026-09-09 14:08:07] [ERROR] [req-unique-id-999] [app.py:509] ConflictError: Duplicate request_id: 'req-unique-id-999' has already been processed. Each request must have a unique request_id.
[2026-09-09 14:08:07] [ERROR] [1] [app.py:221] RequestValidationError: body -> request_id: Value error, Invalid request_id '1': must be a unique identifier, not simple sequential numbers like 1, 2, 3...
Traceback (most recent call last):
  File "C:\Users\Asus\PycharmProjects\pdf_processor\.venv\lib\site-packages\starlette\_exception_handler.py", line 42, in wrapped_app
    await app(scope, receive, sender)
  File "C:\Users\Asus\PycharmProjects\pdf_processor\.venv\lib\site-packages\fastapi\routing.py", line 144, in app
    response = await f(request)
  File "C:\Users\Asus\PycharmProjects\pdf_processor\.venv\lib\site-packages\fastapi\routing.py", line 755, in app
    raise validation_error
fastapi.exceptions.RequestValidationError: 1 validation error:
  {'type': 'value_error', 'loc': ('body', 'request_id'), 'msg': "Value error, Invalid request_id '1': must be a unique identifier, not simple sequential numbers like 1, 2, 3...", 'input': '1', 'ctx': {'error': ValueError("Invalid request_id '1': must be a unique identifier, not simple sequential numbers like 1, 2, 3...")}}

  File "C:\Users\Asus\PycharmProjects\pdf_processor\app.py", line 497, in process_pdf
    POST /process-pdf
[2026-09-09 14:08:07] [ERROR] [2] [app.py:221] RequestValidationError: body -> request_id: Value error, Invalid request_id '2': must be a unique identifier, not simple sequential numbers like 1, 2, 3...
Traceback (most recent call last):
  File "C:\Users\Asus\PycharmProjects\pdf_processor\.venv\lib\site-packages\starlette\_exception_handler.py", line 42, in wrapped_app
    await app(scope, receive, sender)
  File "C:\Users\Asus\PycharmProjects\pdf_processor\.venv\lib\site-packages\fastapi\routing.py", line 144, in app
    response = await f(request)
  File "C:\Users\Asus\PycharmProjects\pdf_processor\.venv\lib\site-packages\fastapi\routing.py", line 755, in app
    raise validation_error
fastapi.exceptions.RequestValidationError: 1 validation error:
  {'type': 'value_error', 'loc': ('body', 'request_id'), 'msg': "Value error, Invalid request_id '2': must be a unique identifier, not simple sequential numbers like 1, 2, 3...", 'input': '2', 'ctx': {'error': ValueError("Invalid request_id '2': must be a unique identifier, not simple sequential numbers like 1, 2, 3...")}}

  File "C:\Users\Asus\PycharmProjects\pdf_processor\app.py", line 497, in process_pdf
    POST /process-pdf
[2026-09-09 14:08:07] [ERROR] [3] [app.py:221] RequestValidationError: body -> request_id: Value error, Invalid request_id '3': must be a unique identifier, not simple sequential numbers like 1, 2, 3...
Traceback (most recent call last):
  File "C:\Users\Asus\PycharmProjects\pdf_processor\.venv\lib\site-packages\starlette\_exception_handler.py", line 42, in wrapped_app
    await app(scope, receive, sender)
  File "C:\Users\Asus\PycharmProjects\pdf_processor\.venv\lib\site-packages\fastapi\routing.py", line 144, in app
    response = await f(request)
  File "C:\Users\Asus\PycharmProjects\pdf_processor\.venv\lib\site-packages\fastapi\routing.py", line 755, in app
    raise validation_error
fastapi.exceptions.RequestValidationError: 1 validation error:
  {'type': 'value_error', 'loc': ('body', 'request_id'), 'msg': "Value error, Invalid request_id '3': must be a unique identifier, not simple sequential numbers like 1, 2, 3...", 'input': '3', 'ctx': {'error': ValueError("Invalid request_id '3': must be a unique identifier, not simple sequential numbers like 1, 2, 3...")}}

  File "C:\Users\Asus\PycharmProjects\pdf_processor\app.py", line 497, in process_pdf
    POST /process-pdf
[2026-09-09 14:08:07] [ERROR] [007] [app.py:221] RequestValidationError: body -> request_id: Value error, Invalid request_id '007': must be a unique identifier, not simple sequential numbers like 1, 2, 3...
Traceback (most recent call last):
  File "C:\Users\Asus\PycharmProjects\pdf_processor\.venv\lib\site-packages\starlette\_exception_handler.py", line 42, in wrapped_app
    await app(scope, receive, sender)
  File "C:\Users\Asus\PycharmProjects\pdf_processor\.venv\lib\site-packages\fastapi\routing.py", line 144, in app
    response = await f(request)
  File "C:\Users\Asus\PycharmProjects\pdf_processor\.venv\lib\site-packages\fastapi\routing.py", line 755, in app
    raise validation_error
fastapi.exceptions.RequestValidationError: 1 validation error:
  {'type': 'value_error', 'loc': ('body', 'request_id'), 'msg': "Value error, Invalid request_id '007': must be a unique identifier, not simple sequential numbers like 1, 2, 3...", 'input': '007', 'ctx': {'error': ValueError("Invalid request_id '007': must be a unique identifier, not simple sequential numbers like 1, 2, 3...")}}

  File "C:\Users\Asus\PycharmProjects\pdf_processor\app.py", line 497, in process_pdf
    POST /process-pdf
[2026-09-09 14:08:07] [ERROR] [req-history-miss] [app.py:520] FileNotFoundError: The PDF file does not exist at 'missing.pdf'
[2026-09-09 14:08:07] [ERROR] [INVALID_REQUEST] [app.py:221] RequestValidationError: body -> 46: JSON decode error
Traceback (most recent call last):
  File "C:\Users\Asus\PycharmProjects\pdf_processor\.venv\lib\site-packages\fastapi\routing.py", line 446, in app
    json_body = await request.json()
  File "C:\Users\Asus\PycharmProjects\pdf_processor\.venv\lib\site-packages\starlette\requests.py", line 265, in json
    self._json = json.loads(body)
  File "C:\Users\Asus\AppData\Local\Programs\Python\Python310\lib\json\__init__.py", line 346, in loads
    return _default_decoder.decode(s)
  File "C:\Users\Asus\AppData\Local\Programs\Python\Python310\lib\json\decoder.py", line 337, in decode
    obj, end = self.raw_decode(s, idx=_w(s, 0).end())
  File "C:\Users\Asus\AppData\Local\Programs\Python\Python310\lib\json\decoder.py", line 355, in raw_decode
    raise JSONDecodeError("Expecting value", s, err.value) from None
json.decoder.JSONDecodeError: Expecting value: line 1 column 47 (char 46)

The above exception was the direct cause of the following exception:

Traceback (most recent call last):
  File "C:\Users\Asus\PycharmProjects\pdf_processor\.venv\lib\site-packages\starlette\_exception_handler.py", line 42, in wrapped_app
    await app(scope, receive, sender)
  File "C:\Users\Asus\PycharmProjects\pdf_processor\.venv\lib\site-packages\fastapi\routing.py", line 144, in app
    response = await f(request)
  File "C:\Users\Asus\PycharmProjects\pdf_processor\.venv\lib\site-packages\fastapi\routing.py", line 465, in app
    raise validation_error from e
fastapi.exceptions.RequestValidationError: 1 validation error:
  {'type': 'json_invalid', 'loc': ('body', 46), 'msg': 'JSON decode error', 'input': {}, 'ctx': {'error': 'Expecting value'}}

  File "C:\Users\Asus\PycharmProjects\pdf_processor\app.py", line 497, in process_pdf
    POST /process-pdf
[2026-09-09 14:13:29] [ERROR] [req-test-not-found-404] [app.py:494] FileNotFoundError: The PDF file does not exist at 'missing_123.pdf'
[2026-09-09 14:13:29] [ERROR] [req-test-invalid-ext] [app.py:506] ValueError: Invalid file extension '.md'. Expected a '.pdf' file.
[2026-09-09 14:13:29] [ERROR] [req-test-corrupt-001] [app.py:519] Failed to open PDF file 'C:\Users\Asus\AppData\Local\Temp\pytest-of-Asus\pytest-20\test_corrupted_pdf0\corrupted.pdf': PdfStreamError: Stream has ended unexpectedly
Traceback (most recent call last):
  File "C:\Users\Asus\PycharmProjects\pdf_processor\app.py", line 515, in process_pdf
    reader = PdfReader(str(file_path.resolve()))
  File "C:\Users\Asus\PycharmProjects\pdf_processor\.venv\lib\site-packages\pypdf\_reader.py", line 149, in __init__
    self._initialize_stream(stream)
  File "C:\Users\Asus\PycharmProjects\pdf_processor\.venv\lib\site-packages\pypdf\_reader.py", line 173, in _initialize_stream
    self.read(stream)
  File "C:\Users\Asus\PycharmProjects\pdf_processor\.venv\lib\site-packages\pypdf\_reader.py", line 680, in read
    self._find_eof_marker(stream)
  File "C:\Users\Asus\PycharmProjects\pdf_processor\.venv\lib\site-packages\pypdf\_reader.py", line 793, in _find_eof_marker
    line = read_previous_line(stream)
  File "C:\Users\Asus\PycharmProjects\pdf_processor\.venv\lib\site-packages\pypdf\_utils.py", line 370, in read_previous_line
    raise PdfStreamError(STREAM_TRUNCATED_PREMATURELY)
pypdf.errors.PdfStreamError: Stream has ended unexpectedly
[2026-09-09 14:13:29] [ERROR] [req-unique-id-999] [app.py:483] ConflictError: Duplicate request_id: 'req-unique-id-999' has already been processed. Each request must have a unique request_id.
[2026-09-09 14:13:29] [ERROR] [1] [app.py:195] RequestValidationError: body -> request_id: Value error, Invalid request_id '1': must be a unique identifier, not simple sequential numbers like 1, 2, 3...
Traceback (most recent call last):
  File "C:\Users\Asus\PycharmProjects\pdf_processor\.venv\lib\site-packages\starlette\_exception_handler.py", line 42, in wrapped_app
    await app(scope, receive, sender)
  File "C:\Users\Asus\PycharmProjects\pdf_processor\.venv\lib\site-packages\fastapi\routing.py", line 144, in app
    response = await f(request)
  File "C:\Users\Asus\PycharmProjects\pdf_processor\.venv\lib\site-packages\fastapi\routing.py", line 755, in app
    raise validation_error
fastapi.exceptions.RequestValidationError: 1 validation error:
  {'type': 'value_error', 'loc': ('body', 'request_id'), 'msg': "Value error, Invalid request_id '1': must be a unique identifier, not simple sequential numbers like 1, 2, 3...", 'input': '1', 'ctx': {'error': ValueError("Invalid request_id '1': must be a unique identifier, not simple sequential numbers like 1, 2, 3...")}}

  File "C:\Users\Asus\PycharmProjects\pdf_processor\app.py", line 471, in process_pdf
    POST /process-pdf
[2026-09-09 14:13:29] [ERROR] [2] [app.py:195] RequestValidationError: body -> request_id: Value error, Invalid request_id '2': must be a unique identifier, not simple sequential numbers like 1, 2, 3...
Traceback (most recent call last):
  File "C:\Users\Asus\PycharmProjects\pdf_processor\.venv\lib\site-packages\starlette\_exception_handler.py", line 42, in wrapped_app
    await app(scope, receive, sender)
  File "C:\Users\Asus\PycharmProjects\pdf_processor\.venv\lib\site-packages\fastapi\routing.py", line 144, in app
    response = await f(request)
  File "C:\Users\Asus\PycharmProjects\pdf_processor\.venv\lib\site-packages\fastapi\routing.py", line 755, in app
    raise validation_error
fastapi.exceptions.RequestValidationError: 1 validation error:
  {'type': 'value_error', 'loc': ('body', 'request_id'), 'msg': "Value error, Invalid request_id '2': must be a unique identifier, not simple sequential numbers like 1, 2, 3...", 'input': '2', 'ctx': {'error': ValueError("Invalid request_id '2': must be a unique identifier, not simple sequential numbers like 1, 2, 3...")}}

  File "C:\Users\Asus\PycharmProjects\pdf_processor\app.py", line 471, in process_pdf
    POST /process-pdf
[2026-09-09 14:13:29] [ERROR] [3] [app.py:195] RequestValidationError: body -> request_id: Value error, Invalid request_id '3': must be a unique identifier, not simple sequential numbers like 1, 2, 3...
Traceback (most recent call last):
  File "C:\Users\Asus\PycharmProjects\pdf_processor\.venv\lib\site-packages\starlette\_exception_handler.py", line 42, in wrapped_app
    await app(scope, receive, sender)
  File "C:\Users\Asus\PycharmProjects\pdf_processor\.venv\lib\site-packages\fastapi\routing.py", line 144, in app
    response = await f(request)
  File "C:\Users\Asus\PycharmProjects\pdf_processor\.venv\lib\site-packages\fastapi\routing.py", line 755, in app
    raise validation_error
fastapi.exceptions.RequestValidationError: 1 validation error:
  {'type': 'value_error', 'loc': ('body', 'request_id'), 'msg': "Value error, Invalid request_id '3': must be a unique identifier, not simple sequential numbers like 1, 2, 3...", 'input': '3', 'ctx': {'error': ValueError("Invalid request_id '3': must be a unique identifier, not simple sequential numbers like 1, 2, 3...")}}

  File "C:\Users\Asus\PycharmProjects\pdf_processor\app.py", line 471, in process_pdf
    POST /process-pdf
[2026-09-09 14:13:29] [ERROR] [007] [app.py:195] RequestValidationError: body -> request_id: Value error, Invalid request_id '007': must be a unique identifier, not simple sequential numbers like 1, 2, 3...
Traceback (most recent call last):
  File "C:\Users\Asus\PycharmProjects\pdf_processor\.venv\lib\site-packages\starlette\_exception_handler.py", line 42, in wrapped_app
    await app(scope, receive, sender)
  File "C:\Users\Asus\PycharmProjects\pdf_processor\.venv\lib\site-packages\fastapi\routing.py", line 144, in app
    response = await f(request)
  File "C:\Users\Asus\PycharmProjects\pdf_processor\.venv\lib\site-packages\fastapi\routing.py", line 755, in app
    raise validation_error
fastapi.exceptions.RequestValidationError: 1 validation error:
  {'type': 'value_error', 'loc': ('body', 'request_id'), 'msg': "Value error, Invalid request_id '007': must be a unique identifier, not simple sequential numbers like 1, 2, 3...", 'input': '007', 'ctx': {'error': ValueError("Invalid request_id '007': must be a unique identifier, not simple sequential numbers like 1, 2, 3...")}}

  File "C:\Users\Asus\PycharmProjects\pdf_processor\app.py", line 471, in process_pdf
    POST /process-pdf
[2026-09-09 14:13:29] [ERROR] [INVALID_REQUEST] [app.py:195] RequestValidationError: body -> 46: JSON decode error
Traceback (most recent call last):
  File "C:\Users\Asus\PycharmProjects\pdf_processor\.venv\lib\site-packages\fastapi\routing.py", line 446, in app
    json_body = await request.json()
  File "C:\Users\Asus\PycharmProjects\pdf_processor\.venv\lib\site-packages\starlette\requests.py", line 265, in json
    self._json = json.loads(body)
  File "C:\Users\Asus\AppData\Local\Programs\Python\Python310\lib\json\__init__.py", line 346, in loads
    return _default_decoder.decode(s)
  File "C:\Users\Asus\AppData\Local\Programs\Python\Python310\lib\json\decoder.py", line 337, in decode
    obj, end = self.raw_decode(s, idx=_w(s, 0).end())
  File "C:\Users\Asus\AppData\Local\Programs\Python\Python310\lib\json\decoder.py", line 355, in raw_decode
    raise JSONDecodeError("Expecting value", s, err.value) from None
json.decoder.JSONDecodeError: Expecting value: line 1 column 47 (char 46)

The above exception was the direct cause of the following exception:

Traceback (most recent call last):
  File "C:\Users\Asus\PycharmProjects\pdf_processor\.venv\lib\site-packages\starlette\_exception_handler.py", line 42, in wrapped_app
    await app(scope, receive, sender)
  File "C:\Users\Asus\PycharmProjects\pdf_processor\.venv\lib\site-packages\fastapi\routing.py", line 144, in app
    response = await f(request)
  File "C:\Users\Asus\PycharmProjects\pdf_processor\.venv\lib\site-packages\fastapi\routing.py", line 465, in app
    raise validation_error from e
fastapi.exceptions.RequestValidationError: 1 validation error:
  {'type': 'json_invalid', 'loc': ('body', 46), 'msg': 'JSON decode error', 'input': {}, 'ctx': {'error': 'Expecting value'}}

  File "C:\Users\Asus\PycharmProjects\pdf_processor\app.py", line 471, in process_pdf
    POST /process-pdf
[2026-09-09 14:24:11] [ERROR] [req-test-not-found-404] [app.py:407] FileNotFoundError: The PDF file does not exist at 'missing_123.pdf'
[2026-09-09 14:24:11] [ERROR] [req-test-invalid-ext] [app.py:419] ValueError: Invalid file extension '.md'. Expected a '.pdf' file.
[2026-09-09 14:24:11] [ERROR] [req-test-corrupt-001] [app.py:432] Failed to open PDF file 'C:\Users\Asus\AppData\Local\Temp\pytest-of-Asus\pytest-21\test_corrupted_pdf0\corrupted.pdf': PdfStreamError: Stream has ended unexpectedly
Traceback (most recent call last):
  File "C:\Users\Asus\PycharmProjects\pdf_processor\app.py", line 428, in process_pdf
    reader = PdfReader(str(file_path.resolve()))
  File "C:\Users\Asus\PycharmProjects\pdf_processor\.venv\lib\site-packages\pypdf\_reader.py", line 149, in __init__
    self._initialize_stream(stream)
  File "C:\Users\Asus\PycharmProjects\pdf_processor\.venv\lib\site-packages\pypdf\_reader.py", line 173, in _initialize_stream
    self.read(stream)
  File "C:\Users\Asus\PycharmProjects\pdf_processor\.venv\lib\site-packages\pypdf\_reader.py", line 680, in read
    self._find_eof_marker(stream)
  File "C:\Users\Asus\PycharmProjects\pdf_processor\.venv\lib\site-packages\pypdf\_reader.py", line 793, in _find_eof_marker
    line = read_previous_line(stream)
  File "C:\Users\Asus\PycharmProjects\pdf_processor\.venv\lib\site-packages\pypdf\_utils.py", line 370, in read_previous_line
    raise PdfStreamError(STREAM_TRUNCATED_PREMATURELY)
pypdf.errors.PdfStreamError: Stream has ended unexpectedly
[2026-09-09 14:24:11] [ERROR] [req-unique-id-999] [app.py:396] ConflictError: Duplicate request_id: 'req-unique-id-999' has already been processed. Each request must have a unique request_id.
[2026-09-09 14:24:11] [ERROR] [1] [app.py:191] RequestValidationError: body -> request_id: Value error, Invalid request_id '1': must be a unique identifier, not simple sequential numbers like 1, 2, 3...
Traceback (most recent call last):
  File "C:\Users\Asus\PycharmProjects\pdf_processor\.venv\lib\site-packages\starlette\_exception_handler.py", line 42, in wrapped_app
    await app(scope, receive, sender)
  File "C:\Users\Asus\PycharmProjects\pdf_processor\.venv\lib\site-packages\fastapi\routing.py", line 144, in app
    response = await f(request)
  File "C:\Users\Asus\PycharmProjects\pdf_processor\.venv\lib\site-packages\fastapi\routing.py", line 755, in app
    raise validation_error
fastapi.exceptions.RequestValidationError: 1 validation error:
  {'type': 'value_error', 'loc': ('body', 'request_id'), 'msg': "Value error, Invalid request_id '1': must be a unique identifier, not simple sequential numbers like 1, 2, 3...", 'input': '1', 'ctx': {'error': ValueError("Invalid request_id '1': must be a unique identifier, not simple sequential numbers like 1, 2, 3...")}}

  File "C:\Users\Asus\PycharmProjects\pdf_processor\app.py", line 384, in process_pdf
    POST /process-pdf
[2026-09-09 14:24:11] [ERROR] [2] [app.py:191] RequestValidationError: body -> request_id: Value error, Invalid request_id '2': must be a unique identifier, not simple sequential numbers like 1, 2, 3...
Traceback (most recent call last):
  File "C:\Users\Asus\PycharmProjects\pdf_processor\.venv\lib\site-packages\starlette\_exception_handler.py", line 42, in wrapped_app
    await app(scope, receive, sender)
  File "C:\Users\Asus\PycharmProjects\pdf_processor\.venv\lib\site-packages\fastapi\routing.py", line 144, in app
    response = await f(request)
  File "C:\Users\Asus\PycharmProjects\pdf_processor\.venv\lib\site-packages\fastapi\routing.py", line 755, in app
    raise validation_error
fastapi.exceptions.RequestValidationError: 1 validation error:
  {'type': 'value_error', 'loc': ('body', 'request_id'), 'msg': "Value error, Invalid request_id '2': must be a unique identifier, not simple sequential numbers like 1, 2, 3...", 'input': '2', 'ctx': {'error': ValueError("Invalid request_id '2': must be a unique identifier, not simple sequential numbers like 1, 2, 3...")}}

  File "C:\Users\Asus\PycharmProjects\pdf_processor\app.py", line 384, in process_pdf
    POST /process-pdf
[2026-09-09 14:24:11] [ERROR] [3] [app.py:191] RequestValidationError: body -> request_id: Value error, Invalid request_id '3': must be a unique identifier, not simple sequential numbers like 1, 2, 3...
Traceback (most recent call last):
  File "C:\Users\Asus\PycharmProjects\pdf_processor\.venv\lib\site-packages\starlette\_exception_handler.py", line 42, in wrapped_app
    await app(scope, receive, sender)
  File "C:\Users\Asus\PycharmProjects\pdf_processor\.venv\lib\site-packages\fastapi\routing.py", line 144, in app
    response = await f(request)
  File "C:\Users\Asus\PycharmProjects\pdf_processor\.venv\lib\site-packages\fastapi\routing.py", line 755, in app
    raise validation_error
fastapi.exceptions.RequestValidationError: 1 validation error:
  {'type': 'value_error', 'loc': ('body', 'request_id'), 'msg': "Value error, Invalid request_id '3': must be a unique identifier, not simple sequential numbers like 1, 2, 3...", 'input': '3', 'ctx': {'error': ValueError("Invalid request_id '3': must be a unique identifier, not simple sequential numbers like 1, 2, 3...")}}

  File "C:\Users\Asus\PycharmProjects\pdf_processor\app.py", line 384, in process_pdf
    POST /process-pdf
[2026-09-09 14:24:11] [ERROR] [007] [app.py:191] RequestValidationError: body -> request_id: Value error, Invalid request_id '007': must be a unique identifier, not simple sequential numbers like 1, 2, 3...
Traceback (most recent call last):
  File "C:\Users\Asus\PycharmProjects\pdf_processor\.venv\lib\site-packages\starlette\_exception_handler.py", line 42, in wrapped_app
    await app(scope, receive, sender)
  File "C:\Users\Asus\PycharmProjects\pdf_processor\.venv\lib\site-packages\fastapi\routing.py", line 144, in app
    response = await f(request)
  File "C:\Users\Asus\PycharmProjects\pdf_processor\.venv\lib\site-packages\fastapi\routing.py", line 755, in app
    raise validation_error
fastapi.exceptions.RequestValidationError: 1 validation error:
  {'type': 'value_error', 'loc': ('body', 'request_id'), 'msg': "Value error, Invalid request_id '007': must be a unique identifier, not simple sequential numbers like 1, 2, 3...", 'input': '007', 'ctx': {'error': ValueError("Invalid request_id '007': must be a unique identifier, not simple sequential numbers like 1, 2, 3...")}}

  File "C:\Users\Asus\PycharmProjects\pdf_processor\app.py", line 384, in process_pdf
    POST /process-pdf
[2026-09-09 14:24:11] [ERROR] [INVALID_REQUEST] [app.py:191] RequestValidationError: body -> 46: JSON decode error
Traceback (most recent call last):
  File "C:\Users\Asus\PycharmProjects\pdf_processor\.venv\lib\site-packages\fastapi\routing.py", line 446, in app
    json_body = await request.json()
  File "C:\Users\Asus\PycharmProjects\pdf_processor\.venv\lib\site-packages\starlette\requests.py", line 265, in json
    self._json = json.loads(body)
  File "C:\Users\Asus\AppData\Local\Programs\Python\Python310\lib\json\__init__.py", line 346, in loads
    return _default_decoder.decode(s)
  File "C:\Users\Asus\AppData\Local\Programs\Python\Python310\lib\json\decoder.py", line 337, in decode
    obj, end = self.raw_decode(s, idx=_w(s, 0).end())
  File "C:\Users\Asus\AppData\Local\Programs\Python\Python310\lib\json\decoder.py", line 355, in raw_decode
    raise JSONDecodeError("Expecting value", s, err.value) from None
json.decoder.JSONDecodeError: Expecting value: line 1 column 47 (char 46)

The above exception was the direct cause of the following exception:

Traceback (most recent call last):
  File "C:\Users\Asus\PycharmProjects\pdf_processor\.venv\lib\site-packages\starlette\_exception_handler.py", line 42, in wrapped_app
    await app(scope, receive, sender)
  File "C:\Users\Asus\PycharmProjects\pdf_processor\.venv\lib\site-packages\fastapi\routing.py", line 144, in app
    response = await f(request)
  File "C:\Users\Asus\PycharmProjects\pdf_processor\.venv\lib\site-packages\fastapi\routing.py", line 465, in app
    raise validation_error from e
fastapi.exceptions.RequestValidationError: 1 validation error:
  {'type': 'json_invalid', 'loc': ('body', 46), 'msg': 'JSON decode error', 'input': {}, 'ctx': {'error': 'Expecting value'}}

  File "C:\Users\Asus\PycharmProjects\pdf_processor\app.py", line 384, in process_pdf
    POST /process-pdf
[2026-09-09 14:26:44] [ERROR] [req-test-not-found-404] [app.py:407] FileNotFoundError: The PDF file does not exist at 'missing_123.pdf'
[2026-09-09 14:26:44] [ERROR] [req-test-invalid-ext] [app.py:419] ValueError: Invalid file extension '.md'. Expected a '.pdf' file.
[2026-09-09 14:26:44] [ERROR] [req-test-corrupt-001] [app.py:432] Failed to open PDF file 'C:\Users\Asus\AppData\Local\Temp\pytest-of-Asus\pytest-22\test_corrupted_pdf0\corrupted.pdf': PdfStreamError: Stream has ended unexpectedly
Traceback (most recent call last):
  File "C:\Users\Asus\PycharmProjects\pdf_processor\app.py", line 428, in process_pdf
    reader = PdfReader(str(file_path.resolve()))
  File "C:\Users\Asus\PycharmProjects\pdf_processor\.venv\lib\site-packages\pypdf\_reader.py", line 149, in __init__
    self._initialize_stream(stream)
  File "C:\Users\Asus\PycharmProjects\pdf_processor\.venv\lib\site-packages\pypdf\_reader.py", line 173, in _initialize_stream
    self.read(stream)
  File "C:\Users\Asus\PycharmProjects\pdf_processor\.venv\lib\site-packages\pypdf\_reader.py", line 680, in read
    self._find_eof_marker(stream)
  File "C:\Users\Asus\PycharmProjects\pdf_processor\.venv\lib\site-packages\pypdf\_reader.py", line 793, in _find_eof_marker
    line = read_previous_line(stream)
  File "C:\Users\Asus\PycharmProjects\pdf_processor\.venv\lib\site-packages\pypdf\_utils.py", line 370, in read_previous_line
    raise PdfStreamError(STREAM_TRUNCATED_PREMATURELY)
pypdf.errors.PdfStreamError: Stream has ended unexpectedly
[2026-09-09 14:26:44] [ERROR] [req-unique-id-999] [app.py:396] ConflictError: Duplicate request_id: 'req-unique-id-999' has already been processed. Each request must have a unique request_id.
[2026-09-09 14:26:44] [ERROR] [1] [app.py:191] RequestValidationError: body -> request_id: Value error, Invalid request_id '1': must be a unique identifier, not simple sequential numbers like 1, 2, 3...
Traceback (most recent call last):
  File "C:\Users\Asus\PycharmProjects\pdf_processor\.venv\lib\site-packages\starlette\_exception_handler.py", line 42, in wrapped_app
    await app(scope, receive, sender)
  File "C:\Users\Asus\PycharmProjects\pdf_processor\.venv\lib\site-packages\fastapi\routing.py", line 144, in app
    response = await f(request)
  File "C:\Users\Asus\PycharmProjects\pdf_processor\.venv\lib\site-packages\fastapi\routing.py", line 755, in app
    raise validation_error
fastapi.exceptions.RequestValidationError: 1 validation error:
  {'type': 'value_error', 'loc': ('body', 'request_id'), 'msg': "Value error, Invalid request_id '1': must be a unique identifier, not simple sequential numbers like 1, 2, 3...", 'input': '1', 'ctx': {'error': ValueError("Invalid request_id '1': must be a unique identifier, not simple sequential numbers like 1, 2, 3...")}}

  File "C:\Users\Asus\PycharmProjects\pdf_processor\app.py", line 384, in process_pdf
    POST /process-pdf
[2026-09-09 14:26:44] [ERROR] [2] [app.py:191] RequestValidationError: body -> request_id: Value error, Invalid request_id '2': must be a unique identifier, not simple sequential numbers like 1, 2, 3...
Traceback (most recent call last):
  File "C:\Users\Asus\PycharmProjects\pdf_processor\.venv\lib\site-packages\starlette\_exception_handler.py", line 42, in wrapped_app
    await app(scope, receive, sender)
  File "C:\Users\Asus\PycharmProjects\pdf_processor\.venv\lib\site-packages\fastapi\routing.py", line 144, in app
    response = await f(request)
  File "C:\Users\Asus\PycharmProjects\pdf_processor\.venv\lib\site-packages\fastapi\routing.py", line 755, in app
    raise validation_error
fastapi.exceptions.RequestValidationError: 1 validation error:
  {'type': 'value_error', 'loc': ('body', 'request_id'), 'msg': "Value error, Invalid request_id '2': must be a unique identifier, not simple sequential numbers like 1, 2, 3...", 'input': '2', 'ctx': {'error': ValueError("Invalid request_id '2': must be a unique identifier, not simple sequential numbers like 1, 2, 3...")}}

  File "C:\Users\Asus\PycharmProjects\pdf_processor\app.py", line 384, in process_pdf
    POST /process-pdf
[2026-09-09 14:26:44] [ERROR] [3] [app.py:191] RequestValidationError: body -> request_id: Value error, Invalid request_id '3': must be a unique identifier, not simple sequential numbers like 1, 2, 3...
Traceback (most recent call last):
  File "C:\Users\Asus\PycharmProjects\pdf_processor\.venv\lib\site-packages\starlette\_exception_handler.py", line 42, in wrapped_app
    await app(scope, receive, sender)
  File "C:\Users\Asus\PycharmProjects\pdf_processor\.venv\lib\site-packages\fastapi\routing.py", line 144, in app
    response = await f(request)
  File "C:\Users\Asus\PycharmProjects\pdf_processor\.venv\lib\site-packages\fastapi\routing.py", line 755, in app
    raise validation_error
fastapi.exceptions.RequestValidationError: 1 validation error:
  {'type': 'value_error', 'loc': ('body', 'request_id'), 'msg': "Value error, Invalid request_id '3': must be a unique identifier, not simple sequential numbers like 1, 2, 3...", 'input': '3', 'ctx': {'error': ValueError("Invalid request_id '3': must be a unique identifier, not simple sequential numbers like 1, 2, 3...")}}

  File "C:\Users\Asus\PycharmProjects\pdf_processor\app.py", line 384, in process_pdf
    POST /process-pdf
[2026-09-09 14:26:44] [ERROR] [007] [app.py:191] RequestValidationError: body -> request_id: Value error, Invalid request_id '007': must be a unique identifier, not simple sequential numbers like 1, 2, 3...
Traceback (most recent call last):
  File "C:\Users\Asus\PycharmProjects\pdf_processor\.venv\lib\site-packages\starlette\_exception_handler.py", line 42, in wrapped_app
    await app(scope, receive, sender)
  File "C:\Users\Asus\PycharmProjects\pdf_processor\.venv\lib\site-packages\fastapi\routing.py", line 144, in app
    response = await f(request)
  File "C:\Users\Asus\PycharmProjects\pdf_processor\.venv\lib\site-packages\fastapi\routing.py", line 755, in app
    raise validation_error
fastapi.exceptions.RequestValidationError: 1 validation error:
  {'type': 'value_error', 'loc': ('body', 'request_id'), 'msg': "Value error, Invalid request_id '007': must be a unique identifier, not simple sequential numbers like 1, 2, 3...", 'input': '007', 'ctx': {'error': ValueError("Invalid request_id '007': must be a unique identifier, not simple sequential numbers like 1, 2, 3...")}}

  File "C:\Users\Asus\PycharmProjects\pdf_processor\app.py", line 384, in process_pdf
    POST /process-pdf
[2026-09-09 14:26:44] [ERROR] [INVALID_REQUEST] [app.py:191] RequestValidationError: body -> 46: JSON decode error
Traceback (most recent call last):
  File "C:\Users\Asus\PycharmProjects\pdf_processor\.venv\lib\site-packages\fastapi\routing.py", line 446, in app
    json_body = await request.json()
  File "C:\Users\Asus\PycharmProjects\pdf_processor\.venv\lib\site-packages\starlette\requests.py", line 265, in json
    self._json = json.loads(body)
  File "C:\Users\Asus\AppData\Local\Programs\Python\Python310\lib\json\__init__.py", line 346, in loads
    return _default_decoder.decode(s)
  File "C:\Users\Asus\AppData\Local\Programs\Python\Python310\lib\json\decoder.py", line 337, in decode
    obj, end = self.raw_decode(s, idx=_w(s, 0).end())
  File "C:\Users\Asus\AppData\Local\Programs\Python\Python310\lib\json\decoder.py", line 355, in raw_decode
    raise JSONDecodeError("Expecting value", s, err.value) from None
json.decoder.JSONDecodeError: Expecting value: line 1 column 47 (char 46)

The above exception was the direct cause of the following exception:

Traceback (most recent call last):
  File "C:\Users\Asus\PycharmProjects\pdf_processor\.venv\lib\site-packages\starlette\_exception_handler.py", line 42, in wrapped_app
    await app(scope, receive, sender)
  File "C:\Users\Asus\PycharmProjects\pdf_processor\.venv\lib\site-packages\fastapi\routing.py", line 144, in app
    response = await f(request)
  File "C:\Users\Asus\PycharmProjects\pdf_processor\.venv\lib\site-packages\fastapi\routing.py", line 465, in app
    raise validation_error from e
fastapi.exceptions.RequestValidationError: 1 validation error:
  {'type': 'json_invalid', 'loc': ('body', 46), 'msg': 'JSON decode error', 'input': {}, 'ctx': {'error': 'Expecting value'}}

  File "C:\Users\Asus\PycharmProjects\pdf_processor\app.py", line 384, in process_pdf
    POST /process-pdf
[2026-09-09 14:35:57] [ERROR] [req-test-not-found-404] [app.py:415] FileNotFoundError: The PDF file does not exist at 'missing_123.pdf'
[2026-09-09 14:35:57] [ERROR] [req-test-invalid-ext] [app.py:427] ValueError: Invalid file extension '.md'. Expected a '.pdf' file.
[2026-09-09 14:35:57] [ERROR] [req-test-corrupt-001] [app.py:440] Failed to open PDF file 'C:\Users\Asus\AppData\Local\Temp\pytest-of-Asus\pytest-23\test_corrupted_pdf0\corrupted.pdf': PdfStreamError: Stream has ended unexpectedly
Traceback (most recent call last):
  File "C:\Users\Asus\PycharmProjects\pdf_processor\app.py", line 436, in process_pdf
    reader = PdfReader(str(file_path.resolve()))
  File "C:\Users\Asus\PycharmProjects\pdf_processor\.venv\lib\site-packages\pypdf\_reader.py", line 149, in __init__
    self._initialize_stream(stream)
  File "C:\Users\Asus\PycharmProjects\pdf_processor\.venv\lib\site-packages\pypdf\_reader.py", line 173, in _initialize_stream
    self.read(stream)
  File "C:\Users\Asus\PycharmProjects\pdf_processor\.venv\lib\site-packages\pypdf\_reader.py", line 680, in read
    self._find_eof_marker(stream)
  File "C:\Users\Asus\PycharmProjects\pdf_processor\.venv\lib\site-packages\pypdf\_reader.py", line 793, in _find_eof_marker
    line = read_previous_line(stream)
  File "C:\Users\Asus\PycharmProjects\pdf_processor\.venv\lib\site-packages\pypdf\_utils.py", line 370, in read_previous_line
    raise PdfStreamError(STREAM_TRUNCATED_PREMATURELY)
pypdf.errors.PdfStreamError: Stream has ended unexpectedly
[2026-09-09 14:35:57] [ERROR] [req-unique-id-999] [app.py:404] ConflictError: Duplicate request_id: 'req-unique-id-999' has already been processed. Each request must have a unique request_id.
[2026-09-09 14:35:57] [ERROR] [1] [app.py:190] RequestValidationError: body -> request_id: Value error, Invalid request_id '1': must be a unique identifier, not simple sequential numbers like 1, 2, 3...
Traceback (most recent call last):
  File "C:\Users\Asus\PycharmProjects\pdf_processor\.venv\lib\site-packages\starlette\_exception_handler.py", line 42, in wrapped_app
    await app(scope, receive, sender)
  File "C:\Users\Asus\PycharmProjects\pdf_processor\.venv\lib\site-packages\fastapi\routing.py", line 144, in app
    response = await f(request)
  File "C:\Users\Asus\PycharmProjects\pdf_processor\.venv\lib\site-packages\fastapi\routing.py", line 755, in app
    raise validation_error
fastapi.exceptions.RequestValidationError: 1 validation error:
  {'type': 'value_error', 'loc': ('body', 'request_id'), 'msg': "Value error, Invalid request_id '1': must be a unique identifier, not simple sequential numbers like 1, 2, 3...", 'input': '1', 'ctx': {'error': ValueError("Invalid request_id '1': must be a unique identifier, not simple sequential numbers like 1, 2, 3...")}}

  File "C:\Users\Asus\PycharmProjects\pdf_processor\app.py", line 392, in process_pdf
    POST /process-pdf
[2026-09-09 14:35:57] [ERROR] [2] [app.py:190] RequestValidationError: body -> request_id: Value error, Invalid request_id '2': must be a unique identifier, not simple sequential numbers like 1, 2, 3...
Traceback (most recent call last):
  File "C:\Users\Asus\PycharmProjects\pdf_processor\.venv\lib\site-packages\starlette\_exception_handler.py", line 42, in wrapped_app
    await app(scope, receive, sender)
  File "C:\Users\Asus\PycharmProjects\pdf_processor\.venv\lib\site-packages\fastapi\routing.py", line 144, in app
    response = await f(request)
  File "C:\Users\Asus\PycharmProjects\pdf_processor\.venv\lib\site-packages\fastapi\routing.py", line 755, in app
    raise validation_error
fastapi.exceptions.RequestValidationError: 1 validation error:
  {'type': 'value_error', 'loc': ('body', 'request_id'), 'msg': "Value error, Invalid request_id '2': must be a unique identifier, not simple sequential numbers like 1, 2, 3...", 'input': '2', 'ctx': {'error': ValueError("Invalid request_id '2': must be a unique identifier, not simple sequential numbers like 1, 2, 3...")}}

  File "C:\Users\Asus\PycharmProjects\pdf_processor\app.py", line 392, in process_pdf
    POST /process-pdf
[2026-09-09 14:35:57] [ERROR] [3] [app.py:190] RequestValidationError: body -> request_id: Value error, Invalid request_id '3': must be a unique identifier, not simple sequential numbers like 1, 2, 3...
Traceback (most recent call last):
  File "C:\Users\Asus\PycharmProjects\pdf_processor\.venv\lib\site-packages\starlette\_exception_handler.py", line 42, in wrapped_app
    await app(scope, receive, sender)
  File "C:\Users\Asus\PycharmProjects\pdf_processor\.venv\lib\site-packages\fastapi\routing.py", line 144, in app
    response = await f(request)
  File "C:\Users\Asus\PycharmProjects\pdf_processor\.venv\lib\site-packages\fastapi\routing.py", line 755, in app
    raise validation_error
fastapi.exceptions.RequestValidationError: 1 validation error:
  {'type': 'value_error', 'loc': ('body', 'request_id'), 'msg': "Value error, Invalid request_id '3': must be a unique identifier, not simple sequential numbers like 1, 2, 3...", 'input': '3', 'ctx': {'error': ValueError("Invalid request_id '3': must be a unique identifier, not simple sequential numbers like 1, 2, 3...")}}

  File "C:\Users\Asus\PycharmProjects\pdf_processor\app.py", line 392, in process_pdf
    POST /process-pdf
[2026-09-09 14:35:57] [ERROR] [007] [app.py:190] RequestValidationError: body -> request_id: Value error, Invalid request_id '007': must be a unique identifier, not simple sequential numbers like 1, 2, 3...
Traceback (most recent call last):
  File "C:\Users\Asus\PycharmProjects\pdf_processor\.venv\lib\site-packages\starlette\_exception_handler.py", line 42, in wrapped_app
    await app(scope, receive, sender)
  File "C:\Users\Asus\PycharmProjects\pdf_processor\.venv\lib\site-packages\fastapi\routing.py", line 144, in app
    response = await f(request)
  File "C:\Users\Asus\PycharmProjects\pdf_processor\.venv\lib\site-packages\fastapi\routing.py", line 755, in app
    raise validation_error
fastapi.exceptions.RequestValidationError: 1 validation error:
  {'type': 'value_error', 'loc': ('body', 'request_id'), 'msg': "Value error, Invalid request_id '007': must be a unique identifier, not simple sequential numbers like 1, 2, 3...", 'input': '007', 'ctx': {'error': ValueError("Invalid request_id '007': must be a unique identifier, not simple sequential numbers like 1, 2, 3...")}}

  File "C:\Users\Asus\PycharmProjects\pdf_processor\app.py", line 392, in process_pdf
    POST /process-pdf
[2026-09-09 14:35:57] [ERROR] [INVALID_REQUEST] [app.py:190] RequestValidationError: body -> 46: JSON decode error
Traceback (most recent call last):
  File "C:\Users\Asus\PycharmProjects\pdf_processor\.venv\lib\site-packages\fastapi\routing.py", line 446, in app
    json_body = await request.json()
  File "C:\Users\Asus\PycharmProjects\pdf_processor\.venv\lib\site-packages\starlette\requests.py", line 265, in json
    self._json = json.loads(body)
  File "C:\Users\Asus\AppData\Local\Programs\Python\Python310\lib\json\__init__.py", line 346, in loads
    return _default_decoder.decode(s)
  File "C:\Users\Asus\AppData\Local\Programs\Python\Python310\lib\json\decoder.py", line 337, in decode
    obj, end = self.raw_decode(s, idx=_w(s, 0).end())
  File "C:\Users\Asus\AppData\Local\Programs\Python\Python310\lib\json\decoder.py", line 355, in raw_decode
    raise JSONDecodeError("Expecting value", s, err.value) from None
json.decoder.JSONDecodeError: Expecting value: line 1 column 47 (char 46)

The above exception was the direct cause of the following exception:

Traceback (most recent call last):
  File "C:\Users\Asus\PycharmProjects\pdf_processor\.venv\lib\site-packages\starlette\_exception_handler.py", line 42, in wrapped_app
    await app(scope, receive, sender)
  File "C:\Users\Asus\PycharmProjects\pdf_processor\.venv\lib\site-packages\fastapi\routing.py", line 144, in app
    response = await f(request)
  File "C:\Users\Asus\PycharmProjects\pdf_processor\.venv\lib\site-packages\fastapi\routing.py", line 465, in app
    raise validation_error from e
fastapi.exceptions.RequestValidationError: 1 validation error:
  {'type': 'json_invalid', 'loc': ('body', 46), 'msg': 'JSON decode error', 'input': {}, 'ctx': {'error': 'Expecting value'}}

  File "C:\Users\Asus\PycharmProjects\pdf_processor\app.py", line 392, in process_pdf
    POST /process-pdf
[2026-09-09 15:03:04] [ERROR] [req-test-not-found-404] [app.py:408] FileNotFoundError: The PDF file does not exist at 'missing_123.pdf'
[2026-09-09 15:03:04] [ERROR] [req-test-invalid-ext] [app.py:420] ValueError: Invalid file extension '.md'. Expected a '.pdf' file.
[2026-09-09 15:03:05] [ERROR] [req-test-corrupt-001] [app.py:433] Failed to open PDF file 'C:\Users\Asus\AppData\Local\Temp\pytest-of-Asus\pytest-24\test_corrupted_pdf0\corrupted.pdf': PdfStreamError: Stream has ended unexpectedly
Traceback (most recent call last):
  File "C:\Users\Asus\PycharmProjects\pdf_processor\app.py", line 429, in process_pdf
    reader = PdfReader(str(file_path.resolve()))
  File "C:\Users\Asus\PycharmProjects\pdf_processor\.venv\lib\site-packages\pypdf\_reader.py", line 149, in __init__
    self._initialize_stream(stream)
  File "C:\Users\Asus\PycharmProjects\pdf_processor\.venv\lib\site-packages\pypdf\_reader.py", line 173, in _initialize_stream
    self.read(stream)
  File "C:\Users\Asus\PycharmProjects\pdf_processor\.venv\lib\site-packages\pypdf\_reader.py", line 680, in read
    self._find_eof_marker(stream)
  File "C:\Users\Asus\PycharmProjects\pdf_processor\.venv\lib\site-packages\pypdf\_reader.py", line 793, in _find_eof_marker
    line = read_previous_line(stream)
  File "C:\Users\Asus\PycharmProjects\pdf_processor\.venv\lib\site-packages\pypdf\_utils.py", line 370, in read_previous_line
    raise PdfStreamError(STREAM_TRUNCATED_PREMATURELY)
pypdf.errors.PdfStreamError: Stream has ended unexpectedly
[2026-09-09 15:03:05] [ERROR] [req-unique-id-999] [app.py:397] ConflictError: Duplicate request_id: 'req-unique-id-999' has already been processed. Each request must have a unique request_id.
[2026-09-09 15:03:05] [ERROR] [1] [app.py:185] RequestValidationError: body -> request_id: Value error, Invalid request_id '1': must be a unique identifier, not simple sequential numbers like 1, 2, 3...
Traceback (most recent call last):
  File "C:\Users\Asus\PycharmProjects\pdf_processor\.venv\lib\site-packages\starlette\_exception_handler.py", line 42, in wrapped_app
    await app(scope, receive, sender)
  File "C:\Users\Asus\PycharmProjects\pdf_processor\.venv\lib\site-packages\fastapi\routing.py", line 144, in app
    response = await f(request)
  File "C:\Users\Asus\PycharmProjects\pdf_processor\.venv\lib\site-packages\fastapi\routing.py", line 755, in app
    raise validation_error
fastapi.exceptions.RequestValidationError: 1 validation error:
  {'type': 'value_error', 'loc': ('body', 'request_id'), 'msg': "Value error, Invalid request_id '1': must be a unique identifier, not simple sequential numbers like 1, 2, 3...", 'input': '1', 'ctx': {'error': ValueError("Invalid request_id '1': must be a unique identifier, not simple sequential numbers like 1, 2, 3...")}}

  File "C:\Users\Asus\PycharmProjects\pdf_processor\app.py", line 385, in process_pdf
    POST /process-pdf
[2026-09-09 15:03:05] [ERROR] [2] [app.py:185] RequestValidationError: body -> request_id: Value error, Invalid request_id '2': must be a unique identifier, not simple sequential numbers like 1, 2, 3...
Traceback (most recent call last):
  File "C:\Users\Asus\PycharmProjects\pdf_processor\.venv\lib\site-packages\starlette\_exception_handler.py", line 42, in wrapped_app
    await app(scope, receive, sender)
  File "C:\Users\Asus\PycharmProjects\pdf_processor\.venv\lib\site-packages\fastapi\routing.py", line 144, in app
    response = await f(request)
  File "C:\Users\Asus\PycharmProjects\pdf_processor\.venv\lib\site-packages\fastapi\routing.py", line 755, in app
    raise validation_error
fastapi.exceptions.RequestValidationError: 1 validation error:
  {'type': 'value_error', 'loc': ('body', 'request_id'), 'msg': "Value error, Invalid request_id '2': must be a unique identifier, not simple sequential numbers like 1, 2, 3...", 'input': '2', 'ctx': {'error': ValueError("Invalid request_id '2': must be a unique identifier, not simple sequential numbers like 1, 2, 3...")}}

  File "C:\Users\Asus\PycharmProjects\pdf_processor\app.py", line 385, in process_pdf
    POST /process-pdf
[2026-09-09 15:03:05] [ERROR] [3] [app.py:185] RequestValidationError: body -> request_id: Value error, Invalid request_id '3': must be a unique identifier, not simple sequential numbers like 1, 2, 3...
Traceback (most recent call last):
  File "C:\Users\Asus\PycharmProjects\pdf_processor\.venv\lib\site-packages\starlette\_exception_handler.py", line 42, in wrapped_app
    await app(scope, receive, sender)
  File "C:\Users\Asus\PycharmProjects\pdf_processor\.venv\lib\site-packages\fastapi\routing.py", line 144, in app
    response = await f(request)
  File "C:\Users\Asus\PycharmProjects\pdf_processor\.venv\lib\site-packages\fastapi\routing.py", line 755, in app
    raise validation_error
fastapi.exceptions.RequestValidationError: 1 validation error:
  {'type': 'value_error', 'loc': ('body', 'request_id'), 'msg': "Value error, Invalid request_id '3': must be a unique identifier, not simple sequential numbers like 1, 2, 3...", 'input': '3', 'ctx': {'error': ValueError("Invalid request_id '3': must be a unique identifier, not simple sequential numbers like 1, 2, 3...")}}

  File "C:\Users\Asus\PycharmProjects\pdf_processor\app.py", line 385, in process_pdf
    POST /process-pdf
[2026-09-09 15:03:05] [ERROR] [007] [app.py:185] RequestValidationError: body -> request_id: Value error, Invalid request_id '007': must be a unique identifier, not simple sequential numbers like 1, 2, 3...
Traceback (most recent call last):
  File "C:\Users\Asus\PycharmProjects\pdf_processor\.venv\lib\site-packages\starlette\_exception_handler.py", line 42, in wrapped_app
    await app(scope, receive, sender)
  File "C:\Users\Asus\PycharmProjects\pdf_processor\.venv\lib\site-packages\fastapi\routing.py", line 144, in app
    response = await f(request)
  File "C:\Users\Asus\PycharmProjects\pdf_processor\.venv\lib\site-packages\fastapi\routing.py", line 755, in app
    raise validation_error
fastapi.exceptions.RequestValidationError: 1 validation error:
  {'type': 'value_error', 'loc': ('body', 'request_id'), 'msg': "Value error, Invalid request_id '007': must be a unique identifier, not simple sequential numbers like 1, 2, 3...", 'input': '007', 'ctx': {'error': ValueError("Invalid request_id '007': must be a unique identifier, not simple sequential numbers like 1, 2, 3...")}}

  File "C:\Users\Asus\PycharmProjects\pdf_processor\app.py", line 385, in process_pdf
    POST /process-pdf
[2026-09-09 15:03:05] [ERROR] [INVALID_REQUEST] [app.py:185] RequestValidationError: body -> 46: JSON decode error
Traceback (most recent call last):
  File "C:\Users\Asus\PycharmProjects\pdf_processor\.venv\lib\site-packages\fastapi\routing.py", line 446, in app
    json_body = await request.json()
  File "C:\Users\Asus\PycharmProjects\pdf_processor\.venv\lib\site-packages\starlette\requests.py", line 265, in json
    self._json = json.loads(body)
  File "C:\Users\Asus\AppData\Local\Programs\Python\Python310\lib\json\__init__.py", line 346, in loads
    return _default_decoder.decode(s)
  File "C:\Users\Asus\AppData\Local\Programs\Python\Python310\lib\json\decoder.py", line 337, in decode
    obj, end = self.raw_decode(s, idx=_w(s, 0).end())
  File "C:\Users\Asus\AppData\Local\Programs\Python\Python310\lib\json\decoder.py", line 355, in raw_decode
    raise JSONDecodeError("Expecting value", s, err.value) from None
json.decoder.JSONDecodeError: Expecting value: line 1 column 47 (char 46)

The above exception was the direct cause of the following exception:

Traceback (most recent call last):
  File "C:\Users\Asus\PycharmProjects\pdf_processor\.venv\lib\site-packages\starlette\_exception_handler.py", line 42, in wrapped_app
    await app(scope, receive, sender)
  File "C:\Users\Asus\PycharmProjects\pdf_processor\.venv\lib\site-packages\fastapi\routing.py", line 144, in app
    response = await f(request)
  File "C:\Users\Asus\PycharmProjects\pdf_processor\.venv\lib\site-packages\fastapi\routing.py", line 465, in app
    raise validation_error from e
fastapi.exceptions.RequestValidationError: 1 validation error:
  {'type': 'json_invalid', 'loc': ('body', 46), 'msg': 'JSON decode error', 'input': {}, 'ctx': {'error': 'Expecting value'}}

  File "C:\Users\Asus\PycharmProjects\pdf_processor\app.py", line 385, in process_pdf
    POST /process-pdf
[2026-09-09 15:04:48] [ERROR] [req-test-not-found-404] [app.py:408] FileNotFoundError: The PDF file does not exist at 'missing_123.pdf'
[2026-09-09 15:04:48] [ERROR] [req-test-invalid-ext] [app.py:420] ValueError: Invalid file extension '.md'. Expected a '.pdf' file.
[2026-09-09 15:04:48] [ERROR] [req-test-corrupt-001] [app.py:433] Failed to open PDF file 'C:\Users\Asus\AppData\Local\Temp\pytest-of-Asus\pytest-25\test_corrupted_pdf0\corrupted.pdf': PdfStreamError: Stream has ended unexpectedly
Traceback (most recent call last):
  File "C:\Users\Asus\PycharmProjects\pdf_processor\app.py", line 429, in process_pdf
    reader = PdfReader(str(file_path.resolve()))
  File "C:\Users\Asus\PycharmProjects\pdf_processor\.venv\lib\site-packages\pypdf\_reader.py", line 149, in __init__
    self._initialize_stream(stream)
  File "C:\Users\Asus\PycharmProjects\pdf_processor\.venv\lib\site-packages\pypdf\_reader.py", line 173, in _initialize_stream
    self.read(stream)
  File "C:\Users\Asus\PycharmProjects\pdf_processor\.venv\lib\site-packages\pypdf\_reader.py", line 680, in read
    self._find_eof_marker(stream)
  File "C:\Users\Asus\PycharmProjects\pdf_processor\.venv\lib\site-packages\pypdf\_reader.py", line 793, in _find_eof_marker
    line = read_previous_line(stream)
  File "C:\Users\Asus\PycharmProjects\pdf_processor\.venv\lib\site-packages\pypdf\_utils.py", line 370, in read_previous_line
    raise PdfStreamError(STREAM_TRUNCATED_PREMATURELY)
pypdf.errors.PdfStreamError: Stream has ended unexpectedly
[2026-09-09 15:04:49] [ERROR] [req-unique-id-999] [app.py:397] ConflictError: Duplicate request_id: 'req-unique-id-999' has already been processed. Each request must have a unique request_id.
[2026-09-09 15:04:49] [ERROR] [1] [app.py:185] RequestValidationError: body -> request_id: Value error, Invalid request_id '1': must be a unique identifier, not simple sequential numbers like 1, 2, 3...
Traceback (most recent call last):
  File "C:\Users\Asus\PycharmProjects\pdf_processor\.venv\lib\site-packages\starlette\_exception_handler.py", line 42, in wrapped_app
    await app(scope, receive, sender)
  File "C:\Users\Asus\PycharmProjects\pdf_processor\.venv\lib\site-packages\fastapi\routing.py", line 144, in app
    response = await f(request)
  File "C:\Users\Asus\PycharmProjects\pdf_processor\.venv\lib\site-packages\fastapi\routing.py", line 755, in app
    raise validation_error
fastapi.exceptions.RequestValidationError: 1 validation error:
  {'type': 'value_error', 'loc': ('body', 'request_id'), 'msg': "Value error, Invalid request_id '1': must be a unique identifier, not simple sequential numbers like 1, 2, 3...", 'input': '1', 'ctx': {'error': ValueError("Invalid request_id '1': must be a unique identifier, not simple sequential numbers like 1, 2, 3...")}}

  File "C:\Users\Asus\PycharmProjects\pdf_processor\app.py", line 385, in process_pdf
    POST /process-pdf
[2026-09-09 15:04:49] [ERROR] [2] [app.py:185] RequestValidationError: body -> request_id: Value error, Invalid request_id '2': must be a unique identifier, not simple sequential numbers like 1, 2, 3...
Traceback (most recent call last):
  File "C:\Users\Asus\PycharmProjects\pdf_processor\.venv\lib\site-packages\starlette\_exception_handler.py", line 42, in wrapped_app
    await app(scope, receive, sender)
  File "C:\Users\Asus\PycharmProjects\pdf_processor\.venv\lib\site-packages\fastapi\routing.py", line 144, in app
    response = await f(request)
  File "C:\Users\Asus\PycharmProjects\pdf_processor\.venv\lib\site-packages\fastapi\routing.py", line 755, in app
    raise validation_error
fastapi.exceptions.RequestValidationError: 1 validation error:
  {'type': 'value_error', 'loc': ('body', 'request_id'), 'msg': "Value error, Invalid request_id '2': must be a unique identifier, not simple sequential numbers like 1, 2, 3...", 'input': '2', 'ctx': {'error': ValueError("Invalid request_id '2': must be a unique identifier, not simple sequential numbers like 1, 2, 3...")}}

  File "C:\Users\Asus\PycharmProjects\pdf_processor\app.py", line 385, in process_pdf
    POST /process-pdf
[2026-09-09 15:04:49] [ERROR] [3] [app.py:185] RequestValidationError: body -> request_id: Value error, Invalid request_id '3': must be a unique identifier, not simple sequential numbers like 1, 2, 3...
Traceback (most recent call last):
  File "C:\Users\Asus\PycharmProjects\pdf_processor\.venv\lib\site-packages\starlette\_exception_handler.py", line 42, in wrapped_app
    await app(scope, receive, sender)
  File "C:\Users\Asus\PycharmProjects\pdf_processor\.venv\lib\site-packages\fastapi\routing.py", line 144, in app
    response = await f(request)
  File "C:\Users\Asus\PycharmProjects\pdf_processor\.venv\lib\site-packages\fastapi\routing.py", line 755, in app
    raise validation_error
fastapi.exceptions.RequestValidationError: 1 validation error:
  {'type': 'value_error', 'loc': ('body', 'request_id'), 'msg': "Value error, Invalid request_id '3': must be a unique identifier, not simple sequential numbers like 1, 2, 3...", 'input': '3', 'ctx': {'error': ValueError("Invalid request_id '3': must be a unique identifier, not simple sequential numbers like 1, 2, 3...")}}

  File "C:\Users\Asus\PycharmProjects\pdf_processor\app.py", line 385, in process_pdf
    POST /process-pdf
[2026-09-09 15:04:49] [ERROR] [007] [app.py:185] RequestValidationError: body -> request_id: Value error, Invalid request_id '007': must be a unique identifier, not simple sequential numbers like 1, 2, 3...
Traceback (most recent call last):
  File "C:\Users\Asus\PycharmProjects\pdf_processor\.venv\lib\site-packages\starlette\_exception_handler.py", line 42, in wrapped_app
    await app(scope, receive, sender)
  File "C:\Users\Asus\PycharmProjects\pdf_processor\.venv\lib\site-packages\fastapi\routing.py", line 144, in app
    response = await f(request)
  File "C:\Users\Asus\PycharmProjects\pdf_processor\.venv\lib\site-packages\fastapi\routing.py", line 755, in app
    raise validation_error
fastapi.exceptions.RequestValidationError: 1 validation error:
  {'type': 'value_error', 'loc': ('body', 'request_id'), 'msg': "Value error, Invalid request_id '007': must be a unique identifier, not simple sequential numbers like 1, 2, 3...", 'input': '007', 'ctx': {'error': ValueError("Invalid request_id '007': must be a unique identifier, not simple sequential numbers like 1, 2, 3...")}}

  File "C:\Users\Asus\PycharmProjects\pdf_processor\app.py", line 385, in process_pdf
    POST /process-pdf
[2026-09-09 15:04:49] [ERROR] [INVALID_REQUEST] [app.py:185] RequestValidationError: body -> 46: JSON decode error
Traceback (most recent call last):
  File "C:\Users\Asus\PycharmProjects\pdf_processor\.venv\lib\site-packages\fastapi\routing.py", line 446, in app
    json_body = await request.json()
  File "C:\Users\Asus\PycharmProjects\pdf_processor\.venv\lib\site-packages\starlette\requests.py", line 265, in json
    self._json = json.loads(body)
  File "C:\Users\Asus\AppData\Local\Programs\Python\Python310\lib\json\__init__.py", line 346, in loads
    return _default_decoder.decode(s)
  File "C:\Users\Asus\AppData\Local\Programs\Python\Python310\lib\json\decoder.py", line 337, in decode
    obj, end = self.raw_decode(s, idx=_w(s, 0).end())
  File "C:\Users\Asus\AppData\Local\Programs\Python\Python310\lib\json\decoder.py", line 355, in raw_decode
    raise JSONDecodeError("Expecting value", s, err.value) from None
json.decoder.JSONDecodeError: Expecting value: line 1 column 47 (char 46)

The above exception was the direct cause of the following exception:

Traceback (most recent call last):
  File "C:\Users\Asus\PycharmProjects\pdf_processor\.venv\lib\site-packages\starlette\_exception_handler.py", line 42, in wrapped_app
    await app(scope, receive, sender)
  File "C:\Users\Asus\PycharmProjects\pdf_processor\.venv\lib\site-packages\fastapi\routing.py", line 144, in app
    response = await f(request)
  File "C:\Users\Asus\PycharmProjects\pdf_processor\.venv\lib\site-packages\fastapi\routing.py", line 465, in app
    raise validation_error from e
fastapi.exceptions.RequestValidationError: 1 validation error:
  {'type': 'json_invalid', 'loc': ('body', 46), 'msg': 'JSON decode error', 'input': {}, 'ctx': {'error': 'Expecting value'}}

  File "C:\Users\Asus\PycharmProjects\pdf_processor\app.py", line 385, in process_pdf
    POST /process-pdf
[2026-09-09 15:29:49] [ERROR] [c9289dac-384b-465f-ae16-b2bce543a223] [app.py:397] ConflictError: Duplicate request_id: 'c9289dac-384b-465f-ae16-b2bce543a223' has already been processed. Each request must have a unique request_id.
[2026-09-09 16:25:39] [ERROR] [3fa85f64-5717-4562-b3fc-2c963f66afa6] [app.py:397] ConflictError: Duplicate request_id: '3fa85f64-5717-4562-b3fc-2c963f66afa6' has already been processed. Each request must have a unique request_id.
[2026-09-09 16:32:33] [ERROR] [req-test-not-found-404] [app.py:412] FileNotFoundError: The PDF file does not exist at 'missing_123.pdf'
[2026-09-09 16:32:33] [ERROR] [req-test-invalid-ext] [app.py:424] ValueError: Invalid file extension '.md'. Expected a '.pdf' file.
[2026-09-09 16:32:33] [ERROR] [req-test-corrupt-001] [app.py:437] Failed to open PDF file 'C:\Users\Asus\AppData\Local\Temp\pytest-of-Asus\pytest-26\test_corrupted_pdf0\corrupted.pdf': PdfStreamError: Stream has ended unexpectedly
Traceback (most recent call last):
  File "C:\Users\Asus\PycharmProjects\pdf_processor\app.py", line 433, in process_pdf
    reader = PdfReader(str(file_path.resolve()))
  File "C:\Users\Asus\PycharmProjects\pdf_processor\.venv\lib\site-packages\pypdf\_reader.py", line 149, in __init__
    self._initialize_stream(stream)
  File "C:\Users\Asus\PycharmProjects\pdf_processor\.venv\lib\site-packages\pypdf\_reader.py", line 173, in _initialize_stream
    self.read(stream)
  File "C:\Users\Asus\PycharmProjects\pdf_processor\.venv\lib\site-packages\pypdf\_reader.py", line 680, in read
    self._find_eof_marker(stream)
  File "C:\Users\Asus\PycharmProjects\pdf_processor\.venv\lib\site-packages\pypdf\_reader.py", line 793, in _find_eof_marker
    line = read_previous_line(stream)
  File "C:\Users\Asus\PycharmProjects\pdf_processor\.venv\lib\site-packages\pypdf\_utils.py", line 370, in read_previous_line
    raise PdfStreamError(STREAM_TRUNCATED_PREMATURELY)
pypdf.errors.PdfStreamError: Stream has ended unexpectedly
[2026-09-09 16:32:33] [ERROR] [req-unique-id-999] [app.py:401] ConflictError: Duplicate request_id: 'req-unique-id-999' has already been processed. Each request must have a unique request_id.
[2026-09-09 16:32:33] [ERROR] [1] [app.py:185] RequestValidationError: body -> request_id: Value error, Invalid request_id '1': must be a unique identifier, not simple sequential numbers like 1, 2, 3...
Traceback (most recent call last):
  File "C:\Users\Asus\PycharmProjects\pdf_processor\.venv\lib\site-packages\starlette\_exception_handler.py", line 42, in wrapped_app
    await app(scope, receive, sender)
  File "C:\Users\Asus\PycharmProjects\pdf_processor\.venv\lib\site-packages\fastapi\routing.py", line 144, in app
    response = await f(request)
  File "C:\Users\Asus\PycharmProjects\pdf_processor\.venv\lib\site-packages\fastapi\routing.py", line 755, in app
    raise validation_error
fastapi.exceptions.RequestValidationError: 1 validation error:
  {'type': 'value_error', 'loc': ('body', 'request_id'), 'msg': "Value error, Invalid request_id '1': must be a unique identifier, not simple sequential numbers like 1, 2, 3...", 'input': '1', 'ctx': {'error': ValueError("Invalid request_id '1': must be a unique identifier, not simple sequential numbers like 1, 2, 3...")}}

  File "C:\Users\Asus\PycharmProjects\pdf_processor\app.py", line 389, in process_pdf
    POST /process-pdf
[2026-09-09 16:32:33] [ERROR] [2] [app.py:185] RequestValidationError: body -> request_id: Value error, Invalid request_id '2': must be a unique identifier, not simple sequential numbers like 1, 2, 3...
Traceback (most recent call last):
  File "C:\Users\Asus\PycharmProjects\pdf_processor\.venv\lib\site-packages\starlette\_exception_handler.py", line 42, in wrapped_app
    await app(scope, receive, sender)
  File "C:\Users\Asus\PycharmProjects\pdf_processor\.venv\lib\site-packages\fastapi\routing.py", line 144, in app
    response = await f(request)
  File "C:\Users\Asus\PycharmProjects\pdf_processor\.venv\lib\site-packages\fastapi\routing.py", line 755, in app
    raise validation_error
fastapi.exceptions.RequestValidationError: 1 validation error:
  {'type': 'value_error', 'loc': ('body', 'request_id'), 'msg': "Value error, Invalid request_id '2': must be a unique identifier, not simple sequential numbers like 1, 2, 3...", 'input': '2', 'ctx': {'error': ValueError("Invalid request_id '2': must be a unique identifier, not simple sequential numbers like 1, 2, 3...")}}

  File "C:\Users\Asus\PycharmProjects\pdf_processor\app.py", line 389, in process_pdf
    POST /process-pdf
[2026-09-09 16:32:33] [ERROR] [3] [app.py:185] RequestValidationError: body -> request_id: Value error, Invalid request_id '3': must be a unique identifier, not simple sequential numbers like 1, 2, 3...
Traceback (most recent call last):
  File "C:\Users\Asus\PycharmProjects\pdf_processor\.venv\lib\site-packages\starlette\_exception_handler.py", line 42, in wrapped_app
    await app(scope, receive, sender)
  File "C:\Users\Asus\PycharmProjects\pdf_processor\.venv\lib\site-packages\fastapi\routing.py", line 144, in app
    response = await f(request)
  File "C:\Users\Asus\PycharmProjects\pdf_processor\.venv\lib\site-packages\fastapi\routing.py", line 755, in app
    raise validation_error
fastapi.exceptions.RequestValidationError: 1 validation error:
  {'type': 'value_error', 'loc': ('body', 'request_id'), 'msg': "Value error, Invalid request_id '3': must be a unique identifier, not simple sequential numbers like 1, 2, 3...", 'input': '3', 'ctx': {'error': ValueError("Invalid request_id '3': must be a unique identifier, not simple sequential numbers like 1, 2, 3...")}}

  File "C:\Users\Asus\PycharmProjects\pdf_processor\app.py", line 389, in process_pdf
    POST /process-pdf
[2026-09-09 16:32:33] [ERROR] [007] [app.py:185] RequestValidationError: body -> request_id: Value error, Invalid request_id '007': must be a unique identifier, not simple sequential numbers like 1, 2, 3...
Traceback (most recent call last):
  File "C:\Users\Asus\PycharmProjects\pdf_processor\.venv\lib\site-packages\starlette\_exception_handler.py", line 42, in wrapped_app
    await app(scope, receive, sender)
  File "C:\Users\Asus\PycharmProjects\pdf_processor\.venv\lib\site-packages\fastapi\routing.py", line 144, in app
    response = await f(request)
  File "C:\Users\Asus\PycharmProjects\pdf_processor\.venv\lib\site-packages\fastapi\routing.py", line 755, in app
    raise validation_error
fastapi.exceptions.RequestValidationError: 1 validation error:
  {'type': 'value_error', 'loc': ('body', 'request_id'), 'msg': "Value error, Invalid request_id '007': must be a unique identifier, not simple sequential numbers like 1, 2, 3...", 'input': '007', 'ctx': {'error': ValueError("Invalid request_id '007': must be a unique identifier, not simple sequential numbers like 1, 2, 3...")}}

  File "C:\Users\Asus\PycharmProjects\pdf_processor\app.py", line 389, in process_pdf
    POST /process-pdf
[2026-09-09 16:32:34] [ERROR] [INVALID_REQUEST] [app.py:185] RequestValidationError: body -> 46: JSON decode error
Traceback (most recent call last):
  File "C:\Users\Asus\PycharmProjects\pdf_processor\.venv\lib\site-packages\fastapi\routing.py", line 446, in app
    json_body = await request.json()
  File "C:\Users\Asus\PycharmProjects\pdf_processor\.venv\lib\site-packages\starlette\requests.py", line 265, in json
    self._json = json.loads(body)
  File "C:\Users\Asus\AppData\Local\Programs\Python\Python310\lib\json\__init__.py", line 346, in loads
    return _default_decoder.decode(s)
  File "C:\Users\Asus\AppData\Local\Programs\Python\Python310\lib\json\decoder.py", line 337, in decode
    obj, end = self.raw_decode(s, idx=_w(s, 0).end())
  File "C:\Users\Asus\AppData\Local\Programs\Python\Python310\lib\json\decoder.py", line 355, in raw_decode
    raise JSONDecodeError("Expecting value", s, err.value) from None
json.decoder.JSONDecodeError: Expecting value: line 1 column 47 (char 46)

The above exception was the direct cause of the following exception:

Traceback (most recent call last):
  File "C:\Users\Asus\PycharmProjects\pdf_processor\.venv\lib\site-packages\starlette\_exception_handler.py", line 42, in wrapped_app
    await app(scope, receive, sender)
  File "C:\Users\Asus\PycharmProjects\pdf_processor\.venv\lib\site-packages\fastapi\routing.py", line 144, in app
    response = await f(request)
  File "C:\Users\Asus\PycharmProjects\pdf_processor\.venv\lib\site-packages\fastapi\routing.py", line 465, in app
    raise validation_error from e
fastapi.exceptions.RequestValidationError: 1 validation error:
  {'type': 'json_invalid', 'loc': ('body', 46), 'msg': 'JSON decode error', 'input': {}, 'ctx': {'error': 'Expecting value'}}

  File "C:\Users\Asus\PycharmProjects\pdf_processor\app.py", line 389, in process_pdf
    POST /process-pdf
[2026-09-09 16:34:22] [ERROR] [3fa85f64-5717-4562-b3fc-2c963f66afa6] [app.py:401] ConflictError: Duplicate request_id: '3fa85f64-5717-4562-b3fc-2c963f66afa6' has already been processed. Each request must have a unique request_id.
[2026-09-09 16:56:37] [ERROR] [req-test-not-found-404] [app.py:434] FileNotFoundError: The PDF file does not exist at 'missing_123.pdf'
[2026-09-09 16:56:38] [ERROR] [req-test-invalid-ext] [app.py:446] ValueError: Invalid file extension '.md'. Expected a '.pdf' file.
[2026-09-09 16:56:38] [ERROR] [req-test-corrupt-001] [app.py:459] Failed to open PDF file 'C:\Users\Asus\AppData\Local\Temp\pytest-of-Asus\pytest-27\test_corrupted_pdf0\corrupted.pdf': PdfStreamError: Stream has ended unexpectedly
Traceback (most recent call last):
  File "C:\Users\Asus\PycharmProjects\pdf_processor\app.py", line 455, in process_pdf
    reader = PdfReader(str(file_path.resolve()))
  File "C:\Users\Asus\PycharmProjects\pdf_processor\.venv\lib\site-packages\pypdf\_reader.py", line 149, in __init__
    self._initialize_stream(stream)
  File "C:\Users\Asus\PycharmProjects\pdf_processor\.venv\lib\site-packages\pypdf\_reader.py", line 173, in _initialize_stream
    self.read(stream)
  File "C:\Users\Asus\PycharmProjects\pdf_processor\.venv\lib\site-packages\pypdf\_reader.py", line 680, in read
    self._find_eof_marker(stream)
  File "C:\Users\Asus\PycharmProjects\pdf_processor\.venv\lib\site-packages\pypdf\_reader.py", line 793, in _find_eof_marker
    line = read_previous_line(stream)
  File "C:\Users\Asus\PycharmProjects\pdf_processor\.venv\lib\site-packages\pypdf\_utils.py", line 370, in read_previous_line
    raise PdfStreamError(STREAM_TRUNCATED_PREMATURELY)
pypdf.errors.PdfStreamError: Stream has ended unexpectedly
[2026-09-09 16:56:38] [ERROR] [req-unique-id-999] [app.py:423] ConflictError: Duplicate request_id: 'req-unique-id-999' has already been processed. Each request must have a unique request_id.
[2026-09-09 16:56:38] [ERROR] [1] [app.py:207] RequestValidationError: body -> request_id: Value error, Invalid request_id '1': must be a unique identifier, not simple sequential numbers like 1, 2, 3...
Traceback (most recent call last):
  File "C:\Users\Asus\PycharmProjects\pdf_processor\.venv\lib\site-packages\starlette\_exception_handler.py", line 42, in wrapped_app
    await app(scope, receive, sender)
  File "C:\Users\Asus\PycharmProjects\pdf_processor\.venv\lib\site-packages\fastapi\routing.py", line 144, in app
    response = await f(request)
  File "C:\Users\Asus\PycharmProjects\pdf_processor\.venv\lib\site-packages\fastapi\routing.py", line 755, in app
    raise validation_error
fastapi.exceptions.RequestValidationError: 1 validation error:
  {'type': 'value_error', 'loc': ('body', 'request_id'), 'msg': "Value error, Invalid request_id '1': must be a unique identifier, not simple sequential numbers like 1, 2, 3...", 'input': '1', 'ctx': {'error': ValueError("Invalid request_id '1': must be a unique identifier, not simple sequential numbers like 1, 2, 3...")}}

  File "C:\Users\Asus\PycharmProjects\pdf_processor\app.py", line 411, in process_pdf
    POST /process-pdf
[2026-09-09 16:56:38] [ERROR] [2] [app.py:207] RequestValidationError: body -> request_id: Value error, Invalid request_id '2': must be a unique identifier, not simple sequential numbers like 1, 2, 3...
Traceback (most recent call last):
  File "C:\Users\Asus\PycharmProjects\pdf_processor\.venv\lib\site-packages\starlette\_exception_handler.py", line 42, in wrapped_app
    await app(scope, receive, sender)
  File "C:\Users\Asus\PycharmProjects\pdf_processor\.venv\lib\site-packages\fastapi\routing.py", line 144, in app
    response = await f(request)
  File "C:\Users\Asus\PycharmProjects\pdf_processor\.venv\lib\site-packages\fastapi\routing.py", line 755, in app
    raise validation_error
fastapi.exceptions.RequestValidationError: 1 validation error:
  {'type': 'value_error', 'loc': ('body', 'request_id'), 'msg': "Value error, Invalid request_id '2': must be a unique identifier, not simple sequential numbers like 1, 2, 3...", 'input': '2', 'ctx': {'error': ValueError("Invalid request_id '2': must be a unique identifier, not simple sequential numbers like 1, 2, 3...")}}

  File "C:\Users\Asus\PycharmProjects\pdf_processor\app.py", line 411, in process_pdf
    POST /process-pdf
[2026-09-09 16:56:38] [ERROR] [3] [app.py:207] RequestValidationError: body -> request_id: Value error, Invalid request_id '3': must be a unique identifier, not simple sequential numbers like 1, 2, 3...
Traceback (most recent call last):
  File "C:\Users\Asus\PycharmProjects\pdf_processor\.venv\lib\site-packages\starlette\_exception_handler.py", line 42, in wrapped_app
    await app(scope, receive, sender)
  File "C:\Users\Asus\PycharmProjects\pdf_processor\.venv\lib\site-packages\fastapi\routing.py", line 144, in app
    response = await f(request)
  File "C:\Users\Asus\PycharmProjects\pdf_processor\.venv\lib\site-packages\fastapi\routing.py", line 755, in app
    raise validation_error
fastapi.exceptions.RequestValidationError: 1 validation error:
  {'type': 'value_error', 'loc': ('body', 'request_id'), 'msg': "Value error, Invalid request_id '3': must be a unique identifier, not simple sequential numbers like 1, 2, 3...", 'input': '3', 'ctx': {'error': ValueError("Invalid request_id '3': must be a unique identifier, not simple sequential numbers like 1, 2, 3...")}}

  File "C:\Users\Asus\PycharmProjects\pdf_processor\app.py", line 411, in process_pdf
    POST /process-pdf
[2026-09-09 16:56:38] [ERROR] [007] [app.py:207] RequestValidationError: body -> request_id: Value error, Invalid request_id '007': must be a unique identifier, not simple sequential numbers like 1, 2, 3...
Traceback (most recent call last):
  File "C:\Users\Asus\PycharmProjects\pdf_processor\.venv\lib\site-packages\starlette\_exception_handler.py", line 42, in wrapped_app
    await app(scope, receive, sender)
  File "C:\Users\Asus\PycharmProjects\pdf_processor\.venv\lib\site-packages\fastapi\routing.py", line 144, in app
    response = await f(request)
  File "C:\Users\Asus\PycharmProjects\pdf_processor\.venv\lib\site-packages\fastapi\routing.py", line 755, in app
    raise validation_error
fastapi.exceptions.RequestValidationError: 1 validation error:
  {'type': 'value_error', 'loc': ('body', 'request_id'), 'msg': "Value error, Invalid request_id '007': must be a unique identifier, not simple sequential numbers like 1, 2, 3...", 'input': '007', 'ctx': {'error': ValueError("Invalid request_id '007': must be a unique identifier, not simple sequential numbers like 1, 2, 3...")}}

  File "C:\Users\Asus\PycharmProjects\pdf_processor\app.py", line 411, in process_pdf
    POST /process-pdf
[2026-09-09 16:56:38] [ERROR] [INVALID_REQUEST] [app.py:207] RequestValidationError: body -> 46: JSON decode error
Traceback (most recent call last):
  File "C:\Users\Asus\PycharmProjects\pdf_processor\.venv\lib\site-packages\fastapi\routing.py", line 446, in app
    json_body = await request.json()
  File "C:\Users\Asus\PycharmProjects\pdf_processor\.venv\lib\site-packages\starlette\requests.py", line 265, in json
    self._json = json.loads(body)
  File "C:\Users\Asus\AppData\Local\Programs\Python\Python310\lib\json\__init__.py", line 346, in loads
    return _default_decoder.decode(s)
  File "C:\Users\Asus\AppData\Local\Programs\Python\Python310\lib\json\decoder.py", line 337, in decode
    obj, end = self.raw_decode(s, idx=_w(s, 0).end())
  File "C:\Users\Asus\AppData\Local\Programs\Python\Python310\lib\json\decoder.py", line 355, in raw_decode
    raise JSONDecodeError("Expecting value", s, err.value) from None
json.decoder.JSONDecodeError: Expecting value: line 1 column 47 (char 46)

The above exception was the direct cause of the following exception:

Traceback (most recent call last):
  File "C:\Users\Asus\PycharmProjects\pdf_processor\.venv\lib\site-packages\starlette\_exception_handler.py", line 42, in wrapped_app
    await app(scope, receive, sender)
  File "C:\Users\Asus\PycharmProjects\pdf_processor\.venv\lib\site-packages\fastapi\routing.py", line 144, in app
    response = await f(request)
  File "C:\Users\Asus\PycharmProjects\pdf_processor\.venv\lib\site-packages\fastapi\routing.py", line 465, in app
    raise validation_error from e
fastapi.exceptions.RequestValidationError: 1 validation error:
  {'type': 'json_invalid', 'loc': ('body', 46), 'msg': 'JSON decode error', 'input': {}, 'ctx': {'error': 'Expecting value'}}

  File "C:\Users\Asus\PycharmProjects\pdf_processor\app.py", line 411, in process_pdf
    POST /process-pdf
[2026-09-09 16:59:10] [ERROR] [req-test-not-found-404] [app.py:450] FileNotFoundError: The PDF file does not exist at 'missing_123.pdf'
[2026-09-09 16:59:10] [ERROR] [req-test-invalid-ext] [app.py:462] ValueError: Invalid file extension '.md'. Expected a '.pdf' file.
[2026-09-09 16:59:10] [ERROR] [req-test-corrupt-001] [app.py:475] Failed to open PDF file 'C:\Users\Asus\AppData\Local\Temp\pytest-of-Asus\pytest-28\test_corrupted_pdf0\corrupted.pdf': PdfStreamError: Stream has ended unexpectedly
Traceback (most recent call last):
  File "C:\Users\Asus\PycharmProjects\pdf_processor\app.py", line 471, in process_pdf
    reader = PdfReader(str(file_path.resolve()))
  File "C:\Users\Asus\PycharmProjects\pdf_processor\.venv\lib\site-packages\pypdf\_reader.py", line 149, in __init__
    self._initialize_stream(stream)
  File "C:\Users\Asus\PycharmProjects\pdf_processor\.venv\lib\site-packages\pypdf\_reader.py", line 173, in _initialize_stream
    self.read(stream)
  File "C:\Users\Asus\PycharmProjects\pdf_processor\.venv\lib\site-packages\pypdf\_reader.py", line 680, in read
    self._find_eof_marker(stream)
  File "C:\Users\Asus\PycharmProjects\pdf_processor\.venv\lib\site-packages\pypdf\_reader.py", line 793, in _find_eof_marker
    line = read_previous_line(stream)
  File "C:\Users\Asus\PycharmProjects\pdf_processor\.venv\lib\site-packages\pypdf\_utils.py", line 370, in read_previous_line
    raise PdfStreamError(STREAM_TRUNCATED_PREMATURELY)
pypdf.errors.PdfStreamError: Stream has ended unexpectedly
[2026-09-09 16:59:10] [ERROR] [req-unique-id-999] [app.py:439] ConflictError: Duplicate request_id: 'req-unique-id-999' has already been processed. Each request must have a unique request_id.
[2026-09-09 16:59:10] [ERROR] [1] [app.py:223] RequestValidationError: body -> request_id: Value error, Invalid request_id '1': must be a unique identifier, not simple sequential numbers like 1, 2, 3...
Traceback (most recent call last):
  File "C:\Users\Asus\PycharmProjects\pdf_processor\.venv\lib\site-packages\starlette\_exception_handler.py", line 42, in wrapped_app
    await app(scope, receive, sender)
  File "C:\Users\Asus\PycharmProjects\pdf_processor\.venv\lib\site-packages\fastapi\routing.py", line 144, in app
    response = await f(request)
  File "C:\Users\Asus\PycharmProjects\pdf_processor\.venv\lib\site-packages\fastapi\routing.py", line 755, in app
    raise validation_error
fastapi.exceptions.RequestValidationError: 1 validation error:
  {'type': 'value_error', 'loc': ('body', 'request_id'), 'msg': "Value error, Invalid request_id '1': must be a unique identifier, not simple sequential numbers like 1, 2, 3...", 'input': '1', 'ctx': {'error': ValueError("Invalid request_id '1': must be a unique identifier, not simple sequential numbers like 1, 2, 3...")}}

  File "C:\Users\Asus\PycharmProjects\pdf_processor\app.py", line 427, in process_pdf
    POST /process-pdf
[2026-09-09 16:59:10] [ERROR] [2] [app.py:223] RequestValidationError: body -> request_id: Value error, Invalid request_id '2': must be a unique identifier, not simple sequential numbers like 1, 2, 3...
Traceback (most recent call last):
  File "C:\Users\Asus\PycharmProjects\pdf_processor\.venv\lib\site-packages\starlette\_exception_handler.py", line 42, in wrapped_app
    await app(scope, receive, sender)
  File "C:\Users\Asus\PycharmProjects\pdf_processor\.venv\lib\site-packages\fastapi\routing.py", line 144, in app
    response = await f(request)
  File "C:\Users\Asus\PycharmProjects\pdf_processor\.venv\lib\site-packages\fastapi\routing.py", line 755, in app
    raise validation_error
fastapi.exceptions.RequestValidationError: 1 validation error:
  {'type': 'value_error', 'loc': ('body', 'request_id'), 'msg': "Value error, Invalid request_id '2': must be a unique identifier, not simple sequential numbers like 1, 2, 3...", 'input': '2', 'ctx': {'error': ValueError("Invalid request_id '2': must be a unique identifier, not simple sequential numbers like 1, 2, 3...")}}

  File "C:\Users\Asus\PycharmProjects\pdf_processor\app.py", line 427, in process_pdf
    POST /process-pdf
[2026-09-09 16:59:10] [ERROR] [3] [app.py:223] RequestValidationError: body -> request_id: Value error, Invalid request_id '3': must be a unique identifier, not simple sequential numbers like 1, 2, 3...
Traceback (most recent call last):
  File "C:\Users\Asus\PycharmProjects\pdf_processor\.venv\lib\site-packages\starlette\_exception_handler.py", line 42, in wrapped_app
    await app(scope, receive, sender)
  File "C:\Users\Asus\PycharmProjects\pdf_processor\.venv\lib\site-packages\fastapi\routing.py", line 144, in app
    response = await f(request)
  File "C:\Users\Asus\PycharmProjects\pdf_processor\.venv\lib\site-packages\fastapi\routing.py", line 755, in app
    raise validation_error
fastapi.exceptions.RequestValidationError: 1 validation error:
  {'type': 'value_error', 'loc': ('body', 'request_id'), 'msg': "Value error, Invalid request_id '3': must be a unique identifier, not simple sequential numbers like 1, 2, 3...", 'input': '3', 'ctx': {'error': ValueError("Invalid request_id '3': must be a unique identifier, not simple sequential numbers like 1, 2, 3...")}}

  File "C:\Users\Asus\PycharmProjects\pdf_processor\app.py", line 427, in process_pdf
    POST /process-pdf
[2026-09-09 16:59:10] [ERROR] [007] [app.py:223] RequestValidationError: body -> request_id: Value error, Invalid request_id '007': must be a unique identifier, not simple sequential numbers like 1, 2, 3...
Traceback (most recent call last):
  File "C:\Users\Asus\PycharmProjects\pdf_processor\.venv\lib\site-packages\starlette\_exception_handler.py", line 42, in wrapped_app
    await app(scope, receive, sender)
  File "C:\Users\Asus\PycharmProjects\pdf_processor\.venv\lib\site-packages\fastapi\routing.py", line 144, in app
    response = await f(request)
  File "C:\Users\Asus\PycharmProjects\pdf_processor\.venv\lib\site-packages\fastapi\routing.py", line 755, in app
    raise validation_error
fastapi.exceptions.RequestValidationError: 1 validation error:
  {'type': 'value_error', 'loc': ('body', 'request_id'), 'msg': "Value error, Invalid request_id '007': must be a unique identifier, not simple sequential numbers like 1, 2, 3...", 'input': '007', 'ctx': {'error': ValueError("Invalid request_id '007': must be a unique identifier, not simple sequential numbers like 1, 2, 3...")}}

  File "C:\Users\Asus\PycharmProjects\pdf_processor\app.py", line 427, in process_pdf
    POST /process-pdf
[2026-09-09 16:59:10] [ERROR] [INVALID_REQUEST] [app.py:223] RequestValidationError: body -> 46: JSON decode error
Traceback (most recent call last):
  File "C:\Users\Asus\PycharmProjects\pdf_processor\.venv\lib\site-packages\fastapi\routing.py", line 446, in app
    json_body = await request.json()
  File "C:\Users\Asus\PycharmProjects\pdf_processor\.venv\lib\site-packages\starlette\requests.py", line 265, in json
    self._json = json.loads(body)
  File "C:\Users\Asus\AppData\Local\Programs\Python\Python310\lib\json\__init__.py", line 346, in loads
    return _default_decoder.decode(s)
  File "C:\Users\Asus\AppData\Local\Programs\Python\Python310\lib\json\decoder.py", line 337, in decode
    obj, end = self.raw_decode(s, idx=_w(s, 0).end())
  File "C:\Users\Asus\AppData\Local\Programs\Python\Python310\lib\json\decoder.py", line 355, in raw_decode
    raise JSONDecodeError("Expecting value", s, err.value) from None
json.decoder.JSONDecodeError: Expecting value: line 1 column 47 (char 46)

The above exception was the direct cause of the following exception:

Traceback (most recent call last):
  File "C:\Users\Asus\PycharmProjects\pdf_processor\.venv\lib\site-packages\starlette\_exception_handler.py", line 42, in wrapped_app
    await app(scope, receive, sender)
  File "C:\Users\Asus\PycharmProjects\pdf_processor\.venv\lib\site-packages\fastapi\routing.py", line 144, in app
    response = await f(request)
  File "C:\Users\Asus\PycharmProjects\pdf_processor\.venv\lib\site-packages\fastapi\routing.py", line 465, in app
    raise validation_error from e
fastapi.exceptions.RequestValidationError: 1 validation error:
  {'type': 'json_invalid', 'loc': ('body', 46), 'msg': 'JSON decode error', 'input': {}, 'ctx': {'error': 'Expecting value'}}

  File "C:\Users\Asus\PycharmProjects\pdf_processor\app.py", line 427, in process_pdf
    POST /process-pdf
[2026-09-10 10:29:49] [ERROR] [req-test-not-found-404] [app.py:521] FileNotFoundError: The PDF file does not exist at 'missing_123.pdf'
[2026-09-10 10:29:49] [ERROR] [req-test-invalid-ext] [app.py:533] ValueError: Invalid file extension '.md'. Expected a '.pdf' file.
[2026-09-10 10:29:49] [ERROR] [req-test-corrupt-001] [app.py:546] Failed to open PDF file 'C:\Users\Asus\AppData\Local\Temp\pytest-of-Asus\pytest-29\test_corrupted_pdf0\corrupted.pdf': PdfStreamError: Stream has ended unexpectedly
Traceback (most recent call last):
  File "C:\Users\Asus\PycharmProjects\pdf_processor\app.py", line 542, in process_pdf
    reader = PdfReader(str(file_path.resolve()))
  File "C:\Users\Asus\PycharmProjects\pdf_processor\.venv\lib\site-packages\pypdf\_reader.py", line 149, in __init__
    self._initialize_stream(stream)
  File "C:\Users\Asus\PycharmProjects\pdf_processor\.venv\lib\site-packages\pypdf\_reader.py", line 173, in _initialize_stream
    self.read(stream)
  File "C:\Users\Asus\PycharmProjects\pdf_processor\.venv\lib\site-packages\pypdf\_reader.py", line 680, in read
    self._find_eof_marker(stream)
  File "C:\Users\Asus\PycharmProjects\pdf_processor\.venv\lib\site-packages\pypdf\_reader.py", line 793, in _find_eof_marker
    line = read_previous_line(stream)
  File "C:\Users\Asus\PycharmProjects\pdf_processor\.venv\lib\site-packages\pypdf\_utils.py", line 370, in read_previous_line
    raise PdfStreamError(STREAM_TRUNCATED_PREMATURELY)
pypdf.errors.PdfStreamError: Stream has ended unexpectedly
[2026-09-10 10:29:50] [ERROR] [req-unique-id-999] [app.py:510] ConflictError: Duplicate request_id: 'req-unique-id-999' has already been processed. Each request must have a unique request_id.
[2026-09-10 10:29:50] [ERROR] [1] [app.py:223] RequestValidationError: body -> request_id: Value error, Invalid request_id '1': must be a unique identifier, not simple sequential numbers like 1, 2, 3...
Traceback (most recent call last):
  File "C:\Users\Asus\PycharmProjects\pdf_processor\.venv\lib\site-packages\starlette\_exception_handler.py", line 42, in wrapped_app
    await app(scope, receive, sender)
  File "C:\Users\Asus\PycharmProjects\pdf_processor\.venv\lib\site-packages\fastapi\routing.py", line 144, in app
    response = await f(request)
  File "C:\Users\Asus\PycharmProjects\pdf_processor\.venv\lib\site-packages\fastapi\routing.py", line 755, in app
    raise validation_error
fastapi.exceptions.RequestValidationError: 1 validation error:
  {'type': 'value_error', 'loc': ('body', 'request_id'), 'msg': "Value error, Invalid request_id '1': must be a unique identifier, not simple sequential numbers like 1, 2, 3...", 'input': '1', 'ctx': {'error': ValueError("Invalid request_id '1': must be a unique identifier, not simple sequential numbers like 1, 2, 3...")}}

  File "C:\Users\Asus\PycharmProjects\pdf_processor\app.py", line 498, in process_pdf
    POST /process-pdf
[2026-09-10 10:29:50] [ERROR] [2] [app.py:223] RequestValidationError: body -> request_id: Value error, Invalid request_id '2': must be a unique identifier, not simple sequential numbers like 1, 2, 3...
Traceback (most recent call last):
  File "C:\Users\Asus\PycharmProjects\pdf_processor\.venv\lib\site-packages\starlette\_exception_handler.py", line 42, in wrapped_app
    await app(scope, receive, sender)
  File "C:\Users\Asus\PycharmProjects\pdf_processor\.venv\lib\site-packages\fastapi\routing.py", line 144, in app
    response = await f(request)
  File "C:\Users\Asus\PycharmProjects\pdf_processor\.venv\lib\site-packages\fastapi\routing.py", line 755, in app
    raise validation_error
fastapi.exceptions.RequestValidationError: 1 validation error:
  {'type': 'value_error', 'loc': ('body', 'request_id'), 'msg': "Value error, Invalid request_id '2': must be a unique identifier, not simple sequential numbers like 1, 2, 3...", 'input': '2', 'ctx': {'error': ValueError("Invalid request_id '2': must be a unique identifier, not simple sequential numbers like 1, 2, 3...")}}

  File "C:\Users\Asus\PycharmProjects\pdf_processor\app.py", line 498, in process_pdf
    POST /process-pdf
[2026-09-10 10:29:50] [ERROR] [3] [app.py:223] RequestValidationError: body -> request_id: Value error, Invalid request_id '3': must be a unique identifier, not simple sequential numbers like 1, 2, 3...
Traceback (most recent call last):
  File "C:\Users\Asus\PycharmProjects\pdf_processor\.venv\lib\site-packages\starlette\_exception_handler.py", line 42, in wrapped_app
    await app(scope, receive, sender)
  File "C:\Users\Asus\PycharmProjects\pdf_processor\.venv\lib\site-packages\fastapi\routing.py", line 144, in app
    response = await f(request)
  File "C:\Users\Asus\PycharmProjects\pdf_processor\.venv\lib\site-packages\fastapi\routing.py", line 755, in app
    raise validation_error
fastapi.exceptions.RequestValidationError: 1 validation error:
  {'type': 'value_error', 'loc': ('body', 'request_id'), 'msg': "Value error, Invalid request_id '3': must be a unique identifier, not simple sequential numbers like 1, 2, 3...", 'input': '3', 'ctx': {'error': ValueError("Invalid request_id '3': must be a unique identifier, not simple sequential numbers like 1, 2, 3...")}}

  File "C:\Users\Asus\PycharmProjects\pdf_processor\app.py", line 498, in process_pdf
    POST /process-pdf
[2026-09-10 10:29:50] [ERROR] [007] [app.py:223] RequestValidationError: body -> request_id: Value error, Invalid request_id '007': must be a unique identifier, not simple sequential numbers like 1, 2, 3...
Traceback (most recent call last):
  File "C:\Users\Asus\PycharmProjects\pdf_processor\.venv\lib\site-packages\starlette\_exception_handler.py", line 42, in wrapped_app
    await app(scope, receive, sender)
  File "C:\Users\Asus\PycharmProjects\pdf_processor\.venv\lib\site-packages\fastapi\routing.py", line 144, in app
    response = await f(request)
  File "C:\Users\Asus\PycharmProjects\pdf_processor\.venv\lib\site-packages\fastapi\routing.py", line 755, in app
    raise validation_error
fastapi.exceptions.RequestValidationError: 1 validation error:
  {'type': 'value_error', 'loc': ('body', 'request_id'), 'msg': "Value error, Invalid request_id '007': must be a unique identifier, not simple sequential numbers like 1, 2, 3...", 'input': '007', 'ctx': {'error': ValueError("Invalid request_id '007': must be a unique identifier, not simple sequential numbers like 1, 2, 3...")}}

  File "C:\Users\Asus\PycharmProjects\pdf_processor\app.py", line 498, in process_pdf
    POST /process-pdf
[2026-09-10 10:29:50] [ERROR] [INVALID_REQUEST] [app.py:223] RequestValidationError: body -> 46: JSON decode error
Traceback (most recent call last):
  File "C:\Users\Asus\PycharmProjects\pdf_processor\.venv\lib\site-packages\fastapi\routing.py", line 446, in app
    json_body = await request.json()
  File "C:\Users\Asus\PycharmProjects\pdf_processor\.venv\lib\site-packages\starlette\requests.py", line 265, in json
    self._json = json.loads(body)
  File "C:\Users\Asus\AppData\Local\Programs\Python\Python310\lib\json\__init__.py", line 346, in loads
    return _default_decoder.decode(s)
  File "C:\Users\Asus\AppData\Local\Programs\Python\Python310\lib\json\decoder.py", line 337, in decode
    obj, end = self.raw_decode(s, idx=_w(s, 0).end())
  File "C:\Users\Asus\AppData\Local\Programs\Python\Python310\lib\json\decoder.py", line 355, in raw_decode
    raise JSONDecodeError("Expecting value", s, err.value) from None
json.decoder.JSONDecodeError: Expecting value: line 1 column 47 (char 46)

The above exception was the direct cause of the following exception:

Traceback (most recent call last):
  File "C:\Users\Asus\PycharmProjects\pdf_processor\.venv\lib\site-packages\starlette\_exception_handler.py", line 42, in wrapped_app
    await app(scope, receive, sender)
  File "C:\Users\Asus\PycharmProjects\pdf_processor\.venv\lib\site-packages\fastapi\routing.py", line 144, in app
    response = await f(request)
  File "C:\Users\Asus\PycharmProjects\pdf_processor\.venv\lib\site-packages\fastapi\routing.py", line 465, in app
    raise validation_error from e
fastapi.exceptions.RequestValidationError: 1 validation error:
  {'type': 'json_invalid', 'loc': ('body', 46), 'msg': 'JSON decode error', 'input': {}, 'ctx': {'error': 'Expecting value'}}

  File "C:\Users\Asus\PycharmProjects\pdf_processor\app.py", line 498, in process_pdf
    POST /process-pdf
[2026-09-10 10:30:05] [ERROR] [req-upload-verify-01] [app.py:453] ConflictError: Duplicate request_id: 'req-upload-verify-01' has already been processed. Each request must have a unique request_id.
[2026-09-10 10:30:05] [ERROR] [req-upload-verify-02] [app.py:461] ValueError: Only .pdf files can be uploaded. Got: 'notes.txt'
[2026-09-10 10:30:45] [ERROR] [req-test-not-found-404] [app.py:528] FileNotFoundError: The PDF file does not exist at 'missing_123.pdf'
[2026-09-10 10:30:45] [ERROR] [req-test-invalid-ext] [app.py:540] ValueError: Invalid file extension '.md'. Expected a '.pdf' file.
[2026-09-10 10:30:45] [ERROR] [req-test-corrupt-001] [app.py:553] Failed to open PDF file 'C:\Users\Asus\AppData\Local\Temp\pytest-of-Asus\pytest-30\test_corrupted_pdf0\corrupted.pdf': PdfStreamError: Stream has ended unexpectedly
Traceback (most recent call last):
  File "C:\Users\Asus\PycharmProjects\pdf_processor\app.py", line 549, in process_pdf
    reader = PdfReader(str(file_path.resolve()))
  File "C:\Users\Asus\PycharmProjects\pdf_processor\.venv\lib\site-packages\pypdf\_reader.py", line 149, in __init__
    self._initialize_stream(stream)
  File "C:\Users\Asus\PycharmProjects\pdf_processor\.venv\lib\site-packages\pypdf\_reader.py", line 173, in _initialize_stream
    self.read(stream)
  File "C:\Users\Asus\PycharmProjects\pdf_processor\.venv\lib\site-packages\pypdf\_reader.py", line 680, in read
    self._find_eof_marker(stream)
  File "C:\Users\Asus\PycharmProjects\pdf_processor\.venv\lib\site-packages\pypdf\_reader.py", line 793, in _find_eof_marker
    line = read_previous_line(stream)
  File "C:\Users\Asus\PycharmProjects\pdf_processor\.venv\lib\site-packages\pypdf\_utils.py", line 370, in read_previous_line
    raise PdfStreamError(STREAM_TRUNCATED_PREMATURELY)
pypdf.errors.PdfStreamError: Stream has ended unexpectedly
[2026-09-10 10:30:45] [ERROR] [req-unique-id-999] [app.py:517] ConflictError: Duplicate request_id: 'req-unique-id-999' has already been processed. Each request must have a unique request_id.
[2026-09-10 10:30:45] [ERROR] [1] [app.py:223] RequestValidationError: body -> request_id: Value error, Invalid request_id '1': must be a unique identifier, not simple sequential numbers like 1, 2, 3...
Traceback (most recent call last):
  File "C:\Users\Asus\PycharmProjects\pdf_processor\.venv\lib\site-packages\starlette\_exception_handler.py", line 42, in wrapped_app
    await app(scope, receive, sender)
  File "C:\Users\Asus\PycharmProjects\pdf_processor\.venv\lib\site-packages\fastapi\routing.py", line 144, in app
    response = await f(request)
  File "C:\Users\Asus\PycharmProjects\pdf_processor\.venv\lib\site-packages\fastapi\routing.py", line 755, in app
    raise validation_error
fastapi.exceptions.RequestValidationError: 1 validation error:
  {'type': 'value_error', 'loc': ('body', 'request_id'), 'msg': "Value error, Invalid request_id '1': must be a unique identifier, not simple sequential numbers like 1, 2, 3...", 'input': '1', 'ctx': {'error': ValueError("Invalid request_id '1': must be a unique identifier, not simple sequential numbers like 1, 2, 3...")}}

  File "C:\Users\Asus\PycharmProjects\pdf_processor\app.py", line 505, in process_pdf
    POST /process-pdf
[2026-09-10 10:30:45] [ERROR] [2] [app.py:223] RequestValidationError: body -> request_id: Value error, Invalid request_id '2': must be a unique identifier, not simple sequential numbers like 1, 2, 3...
Traceback (most recent call last):
  File "C:\Users\Asus\PycharmProjects\pdf_processor\.venv\lib\site-packages\starlette\_exception_handler.py", line 42, in wrapped_app
    await app(scope, receive, sender)
  File "C:\Users\Asus\PycharmProjects\pdf_processor\.venv\lib\site-packages\fastapi\routing.py", line 144, in app
    response = await f(request)
  File "C:\Users\Asus\PycharmProjects\pdf_processor\.venv\lib\site-packages\fastapi\routing.py", line 755, in app
    raise validation_error
fastapi.exceptions.RequestValidationError: 1 validation error:
  {'type': 'value_error', 'loc': ('body', 'request_id'), 'msg': "Value error, Invalid request_id '2': must be a unique identifier, not simple sequential numbers like 1, 2, 3...", 'input': '2', 'ctx': {'error': ValueError("Invalid request_id '2': must be a unique identifier, not simple sequential numbers like 1, 2, 3...")}}

  File "C:\Users\Asus\PycharmProjects\pdf_processor\app.py", line 505, in process_pdf
    POST /process-pdf
[2026-09-10 10:30:45] [ERROR] [3] [app.py:223] RequestValidationError: body -> request_id: Value error, Invalid request_id '3': must be a unique identifier, not simple sequential numbers like 1, 2, 3...
Traceback (most recent call last):
  File "C:\Users\Asus\PycharmProjects\pdf_processor\.venv\lib\site-packages\starlette\_exception_handler.py", line 42, in wrapped_app
    await app(scope, receive, sender)
  File "C:\Users\Asus\PycharmProjects\pdf_processor\.venv\lib\site-packages\fastapi\routing.py", line 144, in app
    response = await f(request)
  File "C:\Users\Asus\PycharmProjects\pdf_processor\.venv\lib\site-packages\fastapi\routing.py", line 755, in app
    raise validation_error
fastapi.exceptions.RequestValidationError: 1 validation error:
  {'type': 'value_error', 'loc': ('body', 'request_id'), 'msg': "Value error, Invalid request_id '3': must be a unique identifier, not simple sequential numbers like 1, 2, 3...", 'input': '3', 'ctx': {'error': ValueError("Invalid request_id '3': must be a unique identifier, not simple sequential numbers like 1, 2, 3...")}}

  File "C:\Users\Asus\PycharmProjects\pdf_processor\app.py", line 505, in process_pdf
    POST /process-pdf
[2026-09-10 10:30:45] [ERROR] [007] [app.py:223] RequestValidationError: body -> request_id: Value error, Invalid request_id '007': must be a unique identifier, not simple sequential numbers like 1, 2, 3...
Traceback (most recent call last):
  File "C:\Users\Asus\PycharmProjects\pdf_processor\.venv\lib\site-packages\starlette\_exception_handler.py", line 42, in wrapped_app
    await app(scope, receive, sender)
  File "C:\Users\Asus\PycharmProjects\pdf_processor\.venv\lib\site-packages\fastapi\routing.py", line 144, in app
    response = await f(request)
  File "C:\Users\Asus\PycharmProjects\pdf_processor\.venv\lib\site-packages\fastapi\routing.py", line 755, in app
    raise validation_error
fastapi.exceptions.RequestValidationError: 1 validation error:
  {'type': 'value_error', 'loc': ('body', 'request_id'), 'msg': "Value error, Invalid request_id '007': must be a unique identifier, not simple sequential numbers like 1, 2, 3...", 'input': '007', 'ctx': {'error': ValueError("Invalid request_id '007': must be a unique identifier, not simple sequential numbers like 1, 2, 3...")}}

  File "C:\Users\Asus\PycharmProjects\pdf_processor\app.py", line 505, in process_pdf
    POST /process-pdf
[2026-09-10 10:30:45] [ERROR] [INVALID_REQUEST] [app.py:223] RequestValidationError: body -> 46: JSON decode error
Traceback (most recent call last):
  File "C:\Users\Asus\PycharmProjects\pdf_processor\.venv\lib\site-packages\fastapi\routing.py", line 446, in app
    json_body = await request.json()
  File "C:\Users\Asus\PycharmProjects\pdf_processor\.venv\lib\site-packages\starlette\requests.py", line 265, in json
    self._json = json.loads(body)
  File "C:\Users\Asus\AppData\Local\Programs\Python\Python310\lib\json\__init__.py", line 346, in loads
    return _default_decoder.decode(s)
  File "C:\Users\Asus\AppData\Local\Programs\Python\Python310\lib\json\decoder.py", line 337, in decode
    obj, end = self.raw_decode(s, idx=_w(s, 0).end())
  File "C:\Users\Asus\AppData\Local\Programs\Python\Python310\lib\json\decoder.py", line 355, in raw_decode
    raise JSONDecodeError("Expecting value", s, err.value) from None
json.decoder.JSONDecodeError: Expecting value: line 1 column 47 (char 46)

The above exception was the direct cause of the following exception:

Traceback (most recent call last):
  File "C:\Users\Asus\PycharmProjects\pdf_processor\.venv\lib\site-packages\starlette\_exception_handler.py", line 42, in wrapped_app
    await app(scope, receive, sender)
  File "C:\Users\Asus\PycharmProjects\pdf_processor\.venv\lib\site-packages\fastapi\routing.py", line 144, in app
    response = await f(request)
  File "C:\Users\Asus\PycharmProjects\pdf_processor\.venv\lib\site-packages\fastapi\routing.py", line 465, in app
    raise validation_error from e
fastapi.exceptions.RequestValidationError: 1 validation error:
  {'type': 'json_invalid', 'loc': ('body', 46), 'msg': 'JSON decode error', 'input': {}, 'ctx': {'error': 'Expecting value'}}

  File "C:\Users\Asus\PycharmProjects\pdf_processor\app.py", line 505, in process_pdf
    POST /process-pdf
[2026-09-10 10:33:18] [ERROR] [string] [app.py:468] ValueError: Only .pdf files can be uploaded. Got: 'Table of Contents (1).docx'
