[2026-09-07 11:19:51] [INFO ] [req-test-success-001] [app.py] Request received: request_id='req-test-success-001', pdf_path='sample.pdf'
[2026-09-07 11:19:51] [INFO ] [req-test-success-001] [app.py] File path validation started for 'sample.pdf'
[2026-09-07 11:19:51] [INFO ] [req-test-success-001] [app.py] File path validation passed: file exists at 'C:\Users\Asus\PycharmProjects\pdf_processor\sample.pdf'
[2026-09-07 11:19:51] [INFO ] [req-test-success-001] [app.py] Opening PDF file 'sample.pdf'
[2026-09-07 11:19:51] [INFO ] [req-test-success-001] [app.py] PDF opened successfully
[2026-09-07 11:19:51] [INFO ] [req-test-success-001] [app.py] Task started: extracting page count and metadata
[2026-09-07 11:19:51] [INFO ] [req-test-success-001] [app.py] Page count extracted: 3 page(s)
[2026-09-07 11:19:51] [INFO ] [req-test-success-001] [app.py] Basic metadata extracted: 5 field(s) populated (title, author, subject, creator, producer)
[2026-09-07 11:19:51] [INFO ] [req-test-success-001] [app.py] Task completed: Successfully processed 'sample.pdf' (3 page(s))
[2026-09-07 11:19:51] [INFO ] [req-test-success-001] [app.py] Response sent: 200 OK
[2026-09-07 11:19:51] [INFO ] [req-test-not-found-404] [app.py] Request received: request_id='req-test-not-found-404', pdf_path='non_existent_file_12345.pdf'
[2026-09-07 11:19:51] [INFO ] [req-test-not-found-404] [app.py] File path validation started for 'non_existent_file_12345.pdf'
[2026-09-07 11:19:51] [INFO ] [req-test-not-found-404] [app.py] Response sent: 404 Not Found
[2026-09-07 11:19:51] [INFO ] [req-test-invalid-ext] [app.py] Request received: request_id='req-test-invalid-ext', pdf_path='README.md'
[2026-09-07 11:19:51] [INFO ] [req-test-invalid-ext] [app.py] File path validation started for 'README.md'
[2026-09-07 11:19:51] [INFO ] [req-test-invalid-ext] [app.py] Response sent: 400 Bad Request
[2026-09-07 11:19:51] [INFO ] [req-test-corrupt-001] [app.py] Request received: request_id='req-test-corrupt-001', pdf_path='C:\Users\Asus\AppData\Local\Temp\pytest-of-Asus\pytest-0\test_corrupted_pdf0\corrupted.pdf'
[2026-09-07 11:19:51] [INFO ] [req-test-corrupt-001] [app.py] File path validation started for 'C:\Users\Asus\AppData\Local\Temp\pytest-of-Asus\pytest-0\test_corrupted_pdf0\corrupted.pdf'
[2026-09-07 11:19:51] [INFO ] [req-test-corrupt-001] [app.py] File path validation passed: file exists at 'C:\Users\Asus\AppData\Local\Temp\pytest-of-Asus\pytest-0\test_corrupted_pdf0\corrupted.pdf'
[2026-09-07 11:19:51] [INFO ] [req-test-corrupt-001] [app.py] Opening PDF file 'corrupted.pdf'
[2026-09-07 11:19:51] [INFO ] [req-test-corrupt-001] [app.py] Response sent: 422 Unprocessable Entity
[2026-09-07 11:19:51] [INFO ] [req-unique-id-999] [app.py] Request received: request_id='req-unique-id-999', pdf_path='sample.pdf'
[2026-09-07 11:19:51] [INFO ] [req-unique-id-999] [app.py] File path validation started for 'sample.pdf'
[2026-09-07 11:19:51] [INFO ] [req-unique-id-999] [app.py] File path validation passed: file exists at 'C:\Users\Asus\PycharmProjects\pdf_processor\sample.pdf'
[2026-09-07 11:19:51] [INFO ] [req-unique-id-999] [app.py] Opening PDF file 'sample.pdf'
[2026-09-07 11:19:51] [INFO ] [req-unique-id-999] [app.py] PDF opened successfully
[2026-09-07 11:19:51] [INFO ] [req-unique-id-999] [app.py] Task started: extracting page count and metadata
[2026-09-07 11:19:51] [INFO ] [req-unique-id-999] [app.py] Page count extracted: 3 page(s)
[2026-09-07 11:19:51] [INFO ] [req-unique-id-999] [app.py] Basic metadata extracted: 5 field(s) populated (title, author, subject, creator, producer)
[2026-09-07 11:19:51] [INFO ] [req-unique-id-999] [app.py] Task completed: Successfully processed 'sample.pdf' (3 page(s))
[2026-09-07 11:19:51] [INFO ] [req-unique-id-999] [app.py] Response sent: 200 OK
[2026-09-07 11:19:51] [INFO ] [req-unique-id-999] [app.py] Request received: request_id='req-unique-id-999', pdf_path='sample.pdf'
[2026-09-07 11:19:51] [INFO ] [req-unique-id-999] [app.py] Response sent: 409 Conflict
[2026-09-07 11:19:52] [INFO ] [1] [app.py] Request received with invalid payload: body -> request_id: Value error, Invalid request_id '1': must be a unique identifier, not simple sequential numbers like 1, 2, 3...
[2026-09-07 11:19:52] [INFO ] [1] [app.py] Response sent: 422 Unprocessable Entity
[2026-09-07 11:21:17] [INFO ] [req-test-success-001] [app.py] Request received: request_id='req-test-success-001', pdf_path='sample.pdf'
[2026-09-07 11:21:17] [INFO ] [req-test-success-001] [app.py] File path validation started for 'sample.pdf'
[2026-09-07 11:21:17] [INFO ] [req-test-success-001] [app.py] File path validation passed: file exists at 'C:\Users\Asus\PycharmProjects\pdf_processor\sample.pdf'
[2026-09-07 11:21:17] [INFO ] [req-test-success-001] [app.py] Opening PDF file 'sample.pdf'
[2026-09-07 11:21:17] [INFO ] [req-test-success-001] [app.py] PDF opened successfully
[2026-09-07 11:21:17] [INFO ] [req-test-success-001] [app.py] Task started: extracting page count and metadata
[2026-09-07 11:21:17] [INFO ] [req-test-success-001] [app.py] Page count extracted: 3 page(s)
[2026-09-07 11:21:17] [INFO ] [req-test-success-001] [app.py] Basic metadata extracted: 5 field(s) populated (title, author, subject, creator, producer)
[2026-09-07 11:21:17] [INFO ] [req-test-success-001] [app.py] Task completed: Successfully processed 'sample.pdf' (3 page(s))
[2026-09-07 11:21:17] [INFO ] [req-test-success-001] [app.py] Response sent: 200 OK
[2026-09-07 11:21:17] [INFO ] [req-test-not-found-404] [app.py] Request received: request_id='req-test-not-found-404', pdf_path='non_existent_file_12345.pdf'
[2026-09-07 11:21:17] [INFO ] [req-test-not-found-404] [app.py] File path validation started for 'non_existent_file_12345.pdf'
[2026-09-07 11:21:17] [INFO ] [req-test-not-found-404] [app.py] Response sent: 404 Not Found
[2026-09-07 11:21:17] [INFO ] [req-test-invalid-ext] [app.py] Request received: request_id='req-test-invalid-ext', pdf_path='README.md'
[2026-09-07 11:21:17] [INFO ] [req-test-invalid-ext] [app.py] File path validation started for 'README.md'
[2026-09-07 11:21:17] [INFO ] [req-test-invalid-ext] [app.py] Response sent: 400 Bad Request
[2026-09-07 11:21:17] [INFO ] [req-test-corrupt-001] [app.py] Request received: request_id='req-test-corrupt-001', pdf_path='C:\Users\Asus\AppData\Local\Temp\pytest-of-Asus\pytest-1\test_corrupted_pdf0\corrupted.pdf'
[2026-09-07 11:21:17] [INFO ] [req-test-corrupt-001] [app.py] File path validation started for 'C:\Users\Asus\AppData\Local\Temp\pytest-of-Asus\pytest-1\test_corrupted_pdf0\corrupted.pdf'
[2026-09-07 11:21:17] [INFO ] [req-test-corrupt-001] [app.py] File path validation passed: file exists at 'C:\Users\Asus\AppData\Local\Temp\pytest-of-Asus\pytest-1\test_corrupted_pdf0\corrupted.pdf'
[2026-09-07 11:21:17] [INFO ] [req-test-corrupt-001] [app.py] Opening PDF file 'corrupted.pdf'
[2026-09-07 11:21:17] [INFO ] [req-test-corrupt-001] [app.py] Response sent: 422 Unprocessable Entity
[2026-09-07 11:21:17] [INFO ] [req-unique-id-999] [app.py] Request received: request_id='req-unique-id-999', pdf_path='sample.pdf'
[2026-09-07 11:21:17] [INFO ] [req-unique-id-999] [app.py] File path validation started for 'sample.pdf'
[2026-09-07 11:21:17] [INFO ] [req-unique-id-999] [app.py] File path validation passed: file exists at 'C:\Users\Asus\PycharmProjects\pdf_processor\sample.pdf'
[2026-09-07 11:21:17] [INFO ] [req-unique-id-999] [app.py] Opening PDF file 'sample.pdf'
[2026-09-07 11:21:17] [INFO ] [req-unique-id-999] [app.py] PDF opened successfully
[2026-09-07 11:21:17] [INFO ] [req-unique-id-999] [app.py] Task started: extracting page count and metadata
[2026-09-07 11:21:17] [INFO ] [req-unique-id-999] [app.py] Page count extracted: 3 page(s)
[2026-09-07 11:21:17] [INFO ] [req-unique-id-999] [app.py] Basic metadata extracted: 5 field(s) populated (title, author, subject, creator, producer)
[2026-09-07 11:21:17] [INFO ] [req-unique-id-999] [app.py] Task completed: Successfully processed 'sample.pdf' (3 page(s))
[2026-09-07 11:21:17] [INFO ] [req-unique-id-999] [app.py] Response sent: 200 OK
[2026-09-07 11:21:17] [INFO ] [req-unique-id-999] [app.py] Request received: request_id='req-unique-id-999', pdf_path='sample.pdf'
[2026-09-07 11:21:17] [INFO ] [req-unique-id-999] [app.py] Response sent: 409 Conflict
[2026-09-07 11:21:17] [INFO ] [1] [app.py] Request received with invalid payload: body -> request_id: Value error, Invalid request_id '1': must be a unique identifier, not simple sequential numbers like 1, 2, 3...
[2026-09-07 11:21:17] [INFO ] [1] [app.py] Response sent: 422 Unprocessable Entity
[2026-09-07 11:21:17] [INFO ] [2] [app.py] Request received with invalid payload: body -> request_id: Value error, Invalid request_id '2': must be a unique identifier, not simple sequential numbers like 1, 2, 3...
[2026-09-07 11:21:17] [INFO ] [2] [app.py] Response sent: 422 Unprocessable Entity
[2026-09-07 11:21:17] [INFO ] [3] [app.py] Request received with invalid payload: body -> request_id: Value error, Invalid request_id '3': must be a unique identifier, not simple sequential numbers like 1, 2, 3...
[2026-09-07 11:21:17] [INFO ] [3] [app.py] Response sent: 422 Unprocessable Entity
[2026-09-07 11:21:17] [INFO ] [007] [app.py] Request received with invalid payload: body -> request_id: Value error, Invalid request_id '007': must be a unique identifier, not simple sequential numbers like 1, 2, 3...
[2026-09-07 11:21:17] [INFO ] [007] [app.py] Response sent: 422 Unprocessable Entity
[2026-09-07 11:21:42] [INFO ] [req-live-demo-2026] [app.py] Request received: request_id='req-live-demo-2026', pdf_path='sample.pdf'
[2026-09-07 11:21:42] [INFO ] [req-live-demo-2026] [app.py] File path validation started for 'sample.pdf'
[2026-09-07 11:21:42] [INFO ] [req-live-demo-2026] [app.py] File path validation passed: file exists at 'C:\Users\Asus\PycharmProjects\pdf_processor\sample.pdf'
[2026-09-07 11:21:42] [INFO ] [req-live-demo-2026] [app.py] Opening PDF file 'sample.pdf'
[2026-09-07 11:21:42] [INFO ] [req-live-demo-2026] [app.py] PDF opened successfully
[2026-09-07 11:21:42] [INFO ] [req-live-demo-2026] [app.py] Task started: extracting page count and metadata
[2026-09-07 11:21:42] [INFO ] [req-live-demo-2026] [app.py] Page count extracted: 3 page(s)
[2026-09-07 11:21:42] [INFO ] [req-live-demo-2026] [app.py] Basic metadata extracted: 5 field(s) populated (title, author, subject, creator, producer)
[2026-09-07 11:21:42] [INFO ] [req-live-demo-2026] [app.py] Task completed: Successfully processed 'sample.pdf' (3 page(s))
[2026-09-07 11:21:42] [INFO ] [req-live-demo-2026] [app.py] Response sent: 200 OK
[2026-09-07 11:21:55] [INFO ] [req-live-error-demo] [app.py] Request received: request_id='req-live-error-demo', pdf_path='does_not_exist.pdf'
[2026-09-07 11:21:55] [INFO ] [req-live-error-demo] [app.py] File path validation started for 'does_not_exist.pdf'
[2026-09-07 11:21:55] [INFO ] [req-live-error-demo] [app.py] Response sent: 404 Not Found
[2026-09-07 11:22:55] [INFO ] [req-test-success-001] [app.py] Request received: request_id='req-test-success-001', pdf_path='sample.pdf'
[2026-09-07 11:22:55] [INFO ] [req-test-success-001] [app.py] File path validation started for 'sample.pdf'
[2026-09-07 11:22:55] [INFO ] [req-test-success-001] [app.py] File path validation passed: file exists at 'C:\Users\Asus\PycharmProjects\pdf_processor\sample.pdf'
[2026-09-07 11:22:55] [INFO ] [req-test-success-001] [app.py] Opening PDF file 'sample.pdf'
[2026-09-07 11:22:55] [INFO ] [req-test-success-001] [app.py] PDF opened successfully
[2026-09-07 11:22:55] [INFO ] [req-test-success-001] [app.py] Task started: extracting page count and metadata
[2026-09-07 11:22:55] [INFO ] [req-test-success-001] [app.py] Page count extracted: 3 page(s)
[2026-09-07 11:22:55] [INFO ] [req-test-success-001] [app.py] Basic metadata extracted: 5 field(s) populated (title, author, subject, creator, producer)
[2026-09-07 11:22:55] [INFO ] [req-test-success-001] [app.py] Task completed: Successfully processed 'sample.pdf' (3 page(s))
[2026-09-07 11:22:55] [INFO ] [req-test-success-001] [app.py] Response sent: 200 OK
[2026-09-07 11:22:55] [INFO ] [req-test-not-found-404] [app.py] Request received: request_id='req-test-not-found-404', pdf_path='non_existent_file_12345.pdf'
[2026-09-07 11:22:55] [INFO ] [req-test-not-found-404] [app.py] File path validation started for 'non_existent_file_12345.pdf'
[2026-09-07 11:22:55] [INFO ] [req-test-not-found-404] [app.py] Response sent: 404 Not Found
[2026-09-07 11:22:56] [INFO ] [req-test-invalid-ext] [app.py] Request received: request_id='req-test-invalid-ext', pdf_path='README.md'
[2026-09-07 11:22:56] [INFO ] [req-test-invalid-ext] [app.py] File path validation started for 'README.md'
[2026-09-07 11:22:56] [INFO ] [req-test-invalid-ext] [app.py] Response sent: 400 Bad Request
[2026-09-07 11:22:56] [INFO ] [req-test-corrupt-001] [app.py] Request received: request_id='req-test-corrupt-001', pdf_path='C:\Users\Asus\AppData\Local\Temp\pytest-of-Asus\pytest-2\test_corrupted_pdf0\corrupted.pdf'
[2026-09-07 11:22:56] [INFO ] [req-test-corrupt-001] [app.py] File path validation started for 'C:\Users\Asus\AppData\Local\Temp\pytest-of-Asus\pytest-2\test_corrupted_pdf0\corrupted.pdf'
[2026-09-07 11:22:56] [INFO ] [req-test-corrupt-001] [app.py] File path validation passed: file exists at 'C:\Users\Asus\AppData\Local\Temp\pytest-of-Asus\pytest-2\test_corrupted_pdf0\corrupted.pdf'
[2026-09-07 11:22:56] [INFO ] [req-test-corrupt-001] [app.py] Opening PDF file 'corrupted.pdf'
[2026-09-07 11:22:56] [INFO ] [req-test-corrupt-001] [app.py] Response sent: 422 Unprocessable Entity
[2026-09-07 11:22:56] [INFO ] [req-unique-id-999] [app.py] Request received: request_id='req-unique-id-999', pdf_path='sample.pdf'
[2026-09-07 11:22:56] [INFO ] [req-unique-id-999] [app.py] File path validation started for 'sample.pdf'
[2026-09-07 11:22:56] [INFO ] [req-unique-id-999] [app.py] File path validation passed: file exists at 'C:\Users\Asus\PycharmProjects\pdf_processor\sample.pdf'
[2026-09-07 11:22:56] [INFO ] [req-unique-id-999] [app.py] Opening PDF file 'sample.pdf'
[2026-09-07 11:22:56] [INFO ] [req-unique-id-999] [app.py] PDF opened successfully
[2026-09-07 11:22:56] [INFO ] [req-unique-id-999] [app.py] Task started: extracting page count and metadata
[2026-09-07 11:22:56] [INFO ] [req-unique-id-999] [app.py] Page count extracted: 3 page(s)
[2026-09-07 11:22:56] [INFO ] [req-unique-id-999] [app.py] Basic metadata extracted: 5 field(s) populated (title, author, subject, creator, producer)
[2026-09-07 11:22:56] [INFO ] [req-unique-id-999] [app.py] Task completed: Successfully processed 'sample.pdf' (3 page(s))
[2026-09-07 11:22:56] [INFO ] [req-unique-id-999] [app.py] Response sent: 200 OK
[2026-09-07 11:22:56] [INFO ] [req-unique-id-999] [app.py] Request received: request_id='req-unique-id-999', pdf_path='sample.pdf'
[2026-09-07 11:22:56] [INFO ] [req-unique-id-999] [app.py] Response sent: 409 Conflict
[2026-09-07 11:22:56] [INFO ] [1] [app.py] Request received with invalid payload: body -> request_id: Value error, Invalid request_id '1': must be a unique identifier, not simple sequential numbers like 1, 2, 3...
[2026-09-07 11:22:56] [INFO ] [1] [app.py] Response sent: 422 Unprocessable Entity
[2026-09-07 11:22:56] [INFO ] [2] [app.py] Request received with invalid payload: body -> request_id: Value error, Invalid request_id '2': must be a unique identifier, not simple sequential numbers like 1, 2, 3...
[2026-09-07 11:22:56] [INFO ] [2] [app.py] Response sent: 422 Unprocessable Entity
[2026-09-07 11:22:56] [INFO ] [3] [app.py] Request received with invalid payload: body -> request_id: Value error, Invalid request_id '3': must be a unique identifier, not simple sequential numbers like 1, 2, 3...
[2026-09-07 11:22:56] [INFO ] [3] [app.py] Response sent: 422 Unprocessable Entity
[2026-09-07 11:22:56] [INFO ] [007] [app.py] Request received with invalid payload: body -> request_id: Value error, Invalid request_id '007': must be a unique identifier, not simple sequential numbers like 1, 2, 3...
[2026-09-07 11:22:56] [INFO ] [007] [app.py] Response sent: 422 Unprocessable Entity
[2026-09-07 11:31:52] [INFO ] [req-test-success-001] [app.py] Request received: request_id='req-test-success-001', pdf_path='sample.pdf'
[2026-09-07 11:31:52] [INFO ] [req-test-success-001] [app.py] File path validation started for 'sample.pdf'
[2026-09-07 11:31:52] [INFO ] [req-test-success-001] [app.py] File path validation passed: file exists at 'C:\Users\Asus\PycharmProjects\pdf_processor\sample.pdf'
[2026-09-07 11:31:52] [INFO ] [req-test-success-001] [app.py] Opening PDF file 'sample.pdf'
[2026-09-07 11:31:52] [INFO ] [req-test-success-001] [app.py] PDF opened successfully
[2026-09-07 11:31:52] [INFO ] [req-test-success-001] [app.py] Task started: extracting page count and metadata
[2026-09-07 11:31:52] [INFO ] [req-test-success-001] [app.py] Page count extracted: 3 page(s)
[2026-09-07 11:31:52] [INFO ] [req-test-success-001] [app.py] Basic metadata extracted: 5 field(s) populated (title, author, subject, creator, producer)
[2026-09-07 11:31:52] [INFO ] [req-test-success-001] [app.py] Task completed: Successfully processed 'sample.pdf' (3 page(s))
[2026-09-07 11:31:52] [INFO ] [req-test-success-001] [app.py] Response sent: 200 OK
[2026-09-07 11:31:52] [INFO ] [req-test-not-found-404] [app.py] Request received: request_id='req-test-not-found-404', pdf_path='non_existent_file_12345.pdf'
[2026-09-07 11:31:52] [INFO ] [req-test-not-found-404] [app.py] File path validation started for 'non_existent_file_12345.pdf'
[2026-09-07 11:31:52] [INFO ] [req-test-not-found-404] [app.py] Response sent: 404 Not Found
[2026-09-07 11:31:52] [INFO ] [req-test-invalid-ext] [app.py] Request received: request_id='req-test-invalid-ext', pdf_path='README.md'
[2026-09-07 11:31:52] [INFO ] [req-test-invalid-ext] [app.py] File path validation started for 'README.md'
[2026-09-07 11:31:52] [INFO ] [req-test-invalid-ext] [app.py] Response sent: 400 Bad Request
[2026-09-07 11:31:52] [INFO ] [req-test-corrupt-001] [app.py] Request received: request_id='req-test-corrupt-001', pdf_path='C:\Users\Asus\AppData\Local\Temp\pytest-of-Asus\pytest-3\test_corrupted_pdf0\corrupted.pdf'
[2026-09-07 11:31:52] [INFO ] [req-test-corrupt-001] [app.py] File path validation started for 'C:\Users\Asus\AppData\Local\Temp\pytest-of-Asus\pytest-3\test_corrupted_pdf0\corrupted.pdf'
[2026-09-07 11:31:52] [INFO ] [req-test-corrupt-001] [app.py] File path validation passed: file exists at 'C:\Users\Asus\AppData\Local\Temp\pytest-of-Asus\pytest-3\test_corrupted_pdf0\corrupted.pdf'
[2026-09-07 11:31:52] [INFO ] [req-test-corrupt-001] [app.py] Opening PDF file 'corrupted.pdf'
[2026-09-07 11:31:52] [INFO ] [req-test-corrupt-001] [app.py] Response sent: 422 Unprocessable Entity
[2026-09-07 11:31:52] [INFO ] [req-unique-id-999] [app.py] Request received: request_id='req-unique-id-999', pdf_path='sample.pdf'
[2026-09-07 11:31:52] [INFO ] [req-unique-id-999] [app.py] File path validation started for 'sample.pdf'
[2026-09-07 11:31:52] [INFO ] [req-unique-id-999] [app.py] File path validation passed: file exists at 'C:\Users\Asus\PycharmProjects\pdf_processor\sample.pdf'
[2026-09-07 11:31:52] [INFO ] [req-unique-id-999] [app.py] Opening PDF file 'sample.pdf'
[2026-09-07 11:31:52] [INFO ] [req-unique-id-999] [app.py] PDF opened successfully
[2026-09-07 11:31:52] [INFO ] [req-unique-id-999] [app.py] Task started: extracting page count and metadata
[2026-09-07 11:31:52] [INFO ] [req-unique-id-999] [app.py] Page count extracted: 3 page(s)
[2026-09-07 11:31:52] [INFO ] [req-unique-id-999] [app.py] Basic metadata extracted: 5 field(s) populated (title, author, subject, creator, producer)
[2026-09-07 11:31:52] [INFO ] [req-unique-id-999] [app.py] Task completed: Successfully processed 'sample.pdf' (3 page(s))
[2026-09-07 11:31:52] [INFO ] [req-unique-id-999] [app.py] Response sent: 200 OK
[2026-09-07 11:31:52] [INFO ] [req-unique-id-999] [app.py] Request received: request_id='req-unique-id-999', pdf_path='sample.pdf'
[2026-09-07 11:31:52] [INFO ] [req-unique-id-999] [app.py] Response sent: 409 Conflict
[2026-09-07 11:31:52] [INFO ] [1] [app.py] Request received with invalid payload: body -> request_id: Value error, Invalid request_id '1': must be a unique identifier, not simple sequential numbers like 1, 2, 3...
[2026-09-07 11:31:52] [INFO ] [1] [app.py] Response sent: 422 Unprocessable Entity
[2026-09-07 11:31:52] [INFO ] [2] [app.py] Request received with invalid payload: body -> request_id: Value error, Invalid request_id '2': must be a unique identifier, not simple sequential numbers like 1, 2, 3...
[2026-09-07 11:31:52] [INFO ] [2] [app.py] Response sent: 422 Unprocessable Entity
[2026-09-07 11:31:52] [INFO ] [3] [app.py] Request received with invalid payload: body -> request_id: Value error, Invalid request_id '3': must be a unique identifier, not simple sequential numbers like 1, 2, 3...
[2026-09-07 11:31:52] [INFO ] [3] [app.py] Response sent: 422 Unprocessable Entity
[2026-09-07 11:31:52] [INFO ] [007] [app.py] Request received with invalid payload: body -> request_id: Value error, Invalid request_id '007': must be a unique identifier, not simple sequential numbers like 1, 2, 3...
[2026-09-07 11:31:52] [INFO ] [007] [app.py] Response sent: 422 Unprocessable Entity
[2026-09-07 11:32:13] [INFO ] [req-test-success-001] [app.py] Request received: request_id='req-test-success-001', pdf_path='sample.pdf'
[2026-09-07 11:32:13] [INFO ] [req-test-success-001] [app.py] File path validation started for 'sample.pdf'
[2026-09-07 11:32:13] [INFO ] [req-test-success-001] [app.py] File path validation passed: file exists at 'C:\Users\Asus\PycharmProjects\pdf_processor\sample.pdf'
[2026-09-07 11:32:13] [INFO ] [req-test-success-001] [app.py] Opening PDF file 'sample.pdf'
[2026-09-07 11:32:13] [INFO ] [req-test-success-001] [app.py] PDF opened successfully
[2026-09-07 11:32:13] [INFO ] [req-test-success-001] [app.py] Task started: extracting page count and metadata
[2026-09-07 11:32:13] [INFO ] [req-test-success-001] [app.py] Page count extracted: 3 page(s)
[2026-09-07 11:32:13] [INFO ] [req-test-success-001] [app.py] Basic metadata extracted: 5 field(s) populated (title, author, subject, creator, producer)
[2026-09-07 11:32:13] [INFO ] [req-test-success-001] [app.py] Task completed: Successfully processed 'sample.pdf' (3 page(s))
[2026-09-07 11:32:13] [INFO ] [req-test-success-001] [app.py] Response sent: 200 OK
[2026-09-07 11:32:13] [INFO ] [req-test-not-found-404] [app.py] Request received: request_id='req-test-not-found-404', pdf_path='non_existent_file_12345.pdf'
[2026-09-07 11:32:13] [INFO ] [req-test-not-found-404] [app.py] File path validation started for 'non_existent_file_12345.pdf'
[2026-09-07 11:32:13] [INFO ] [req-test-not-found-404] [app.py] Response sent: 404 Not Found
[2026-09-07 11:32:13] [INFO ] [req-test-invalid-ext] [app.py] Request received: request_id='req-test-invalid-ext', pdf_path='README.md'
[2026-09-07 11:32:13] [INFO ] [req-test-invalid-ext] [app.py] File path validation started for 'README.md'
[2026-09-07 11:32:13] [INFO ] [req-test-invalid-ext] [app.py] Response sent: 400 Bad Request
[2026-09-07 11:32:13] [INFO ] [req-test-corrupt-001] [app.py] Request received: request_id='req-test-corrupt-001', pdf_path='C:\Users\Asus\AppData\Local\Temp\pytest-of-Asus\pytest-4\test_corrupted_pdf0\corrupted.pdf'
[2026-09-07 11:32:13] [INFO ] [req-test-corrupt-001] [app.py] File path validation started for 'C:\Users\Asus\AppData\Local\Temp\pytest-of-Asus\pytest-4\test_corrupted_pdf0\corrupted.pdf'
[2026-09-07 11:32:13] [INFO ] [req-test-corrupt-001] [app.py] File path validation passed: file exists at 'C:\Users\Asus\AppData\Local\Temp\pytest-of-Asus\pytest-4\test_corrupted_pdf0\corrupted.pdf'
[2026-09-07 11:32:13] [INFO ] [req-test-corrupt-001] [app.py] Opening PDF file 'corrupted.pdf'
[2026-09-07 11:32:13] [INFO ] [req-test-corrupt-001] [app.py] Response sent: 422 Unprocessable Entity
[2026-09-07 11:32:13] [INFO ] [req-unique-id-999] [app.py] Request received: request_id='req-unique-id-999', pdf_path='sample.pdf'
[2026-09-07 11:32:13] [INFO ] [req-unique-id-999] [app.py] File path validation started for 'sample.pdf'
[2026-09-07 11:32:13] [INFO ] [req-unique-id-999] [app.py] File path validation passed: file exists at 'C:\Users\Asus\PycharmProjects\pdf_processor\sample.pdf'
[2026-09-07 11:32:13] [INFO ] [req-unique-id-999] [app.py] Opening PDF file 'sample.pdf'
[2026-09-07 11:32:13] [INFO ] [req-unique-id-999] [app.py] PDF opened successfully
[2026-09-07 11:32:13] [INFO ] [req-unique-id-999] [app.py] Task started: extracting page count and metadata
[2026-09-07 11:32:13] [INFO ] [req-unique-id-999] [app.py] Page count extracted: 3 page(s)
[2026-09-07 11:32:13] [INFO ] [req-unique-id-999] [app.py] Basic metadata extracted: 5 field(s) populated (title, author, subject, creator, producer)
[2026-09-07 11:32:13] [INFO ] [req-unique-id-999] [app.py] Task completed: Successfully processed 'sample.pdf' (3 page(s))
[2026-09-07 11:32:13] [INFO ] [req-unique-id-999] [app.py] Response sent: 200 OK
[2026-09-07 11:32:13] [INFO ] [req-unique-id-999] [app.py] Request received: request_id='req-unique-id-999', pdf_path='sample.pdf'
[2026-09-07 11:32:13] [INFO ] [req-unique-id-999] [app.py] Response sent: 409 Conflict
[2026-09-07 11:32:14] [INFO ] [1] [app.py] Request received with invalid payload: body -> request_id: Value error, Invalid request_id '1': must be a unique identifier, not simple sequential numbers like 1, 2, 3...
[2026-09-07 11:32:14] [INFO ] [1] [app.py] Response sent: 422 Unprocessable Entity
[2026-09-07 11:32:14] [INFO ] [2] [app.py] Request received with invalid payload: body -> request_id: Value error, Invalid request_id '2': must be a unique identifier, not simple sequential numbers like 1, 2, 3...
[2026-09-07 11:32:14] [INFO ] [2] [app.py] Response sent: 422 Unprocessable Entity
[2026-09-07 11:32:14] [INFO ] [3] [app.py] Request received with invalid payload: body -> request_id: Value error, Invalid request_id '3': must be a unique identifier, not simple sequential numbers like 1, 2, 3...
[2026-09-07 11:32:14] [INFO ] [3] [app.py] Response sent: 422 Unprocessable Entity
[2026-09-07 11:32:14] [INFO ] [007] [app.py] Request received with invalid payload: body -> request_id: Value error, Invalid request_id '007': must be a unique identifier, not simple sequential numbers like 1, 2, 3...
[2026-09-07 11:32:14] [INFO ] [007] [app.py] Response sent: 422 Unprocessable Entity
[2026-09-07 11:43:19] [INFO ] [req-user-eval-001-sample_pdf] [app.py] Request received: request_id='req-user-eval-001-sample_pdf', pdf_path='sample_pdf_for_processing_api.pdf'
[2026-09-07 11:43:19] [INFO ] [req-user-eval-001-sample_pdf] [app.py] File path validation started for 'sample_pdf_for_processing_api.pdf'
[2026-09-07 11:43:19] [INFO ] [req-user-eval-001-sample_pdf] [app.py] File path validation passed: file exists at 'C:\Users\Asus\PycharmProjects\pdf_processor\sample_pdf_for_processing_api.pdf'
[2026-09-07 11:43:19] [INFO ] [req-user-eval-001-sample_pdf] [app.py] Opening PDF file 'sample_pdf_for_processing_api.pdf'
[2026-09-07 11:43:19] [INFO ] [req-user-eval-001-sample_pdf] [app.py] PDF opened successfully
[2026-09-07 11:43:19] [INFO ] [req-user-eval-001-sample_pdf] [app.py] Task started: extracting page count and metadata
[2026-09-07 11:43:19] [INFO ] [req-user-eval-001-sample_pdf] [app.py] Page count extracted: 3 page(s)
[2026-09-07 11:43:19] [INFO ] [req-user-eval-001-sample_pdf] [app.py] Basic metadata extracted: 7 field(s) populated (title, author, subject, creator, producer, creation_date, modification_date)
[2026-09-07 11:43:19] [INFO ] [req-user-eval-001-sample_pdf] [app.py] Task completed: Successfully processed 'sample_pdf_for_processing_api.pdf' (3 page(s))
[2026-09-07 11:43:19] [INFO ] [req-user-eval-001-sample_pdf] [app.py] Response sent: 200 OK
[2026-09-07 11:43:19] [INFO ] [req-user-eval-002-sample_pdf] [app.py] Request received: request_id='req-user-eval-002-sample_pdf', pdf_path='sample_pdf_for_stream_extraction.pdf'
[2026-09-07 11:43:19] [INFO ] [req-user-eval-002-sample_pdf] [app.py] File path validation started for 'sample_pdf_for_stream_extraction.pdf'
[2026-09-07 11:43:19] [INFO ] [req-user-eval-002-sample_pdf] [app.py] File path validation passed: file exists at 'C:\Users\Asus\PycharmProjects\pdf_processor\sample_pdf_for_stream_extraction.pdf'
[2026-09-07 11:43:19] [INFO ] [req-user-eval-002-sample_pdf] [app.py] Opening PDF file 'sample_pdf_for_stream_extraction.pdf'
[2026-09-07 11:43:19] [INFO ] [req-user-eval-002-sample_pdf] [app.py] PDF opened successfully
[2026-09-07 11:43:19] [INFO ] [req-user-eval-002-sample_pdf] [app.py] Task started: extracting page count and metadata
[2026-09-07 11:43:19] [INFO ] [req-user-eval-002-sample_pdf] [app.py] Page count extracted: 1 page(s)
[2026-09-07 11:43:19] [INFO ] [req-user-eval-002-sample_pdf] [app.py] Basic metadata extracted: 7 field(s) populated (title, author, subject, creator, producer, creation_date, modification_date)
[2026-09-07 11:43:19] [INFO ] [req-user-eval-002-sample_pdf] [app.py] Task completed: Successfully processed 'sample_pdf_for_stream_extraction.pdf' (1 page(s))
[2026-09-07 11:43:19] [INFO ] [req-user-eval-002-sample_pdf] [app.py] Response sent: 200 OK
[2026-09-07 12:22:55] [INFO ] [req-mtqvvfhr-f7usyh] [app.py] Request received: request_id='req-mtqvvfhr-f7usyh', pdf_path='sample.pdf'
[2026-09-07 12:22:55] [INFO ] [req-mtqvvfhr-f7usyh] [app.py] File path validation started for 'sample.pdf'
[2026-09-07 12:22:55] [INFO ] [req-mtqvvfhr-f7usyh] [app.py] File path validation passed: file exists at 'C:\Users\Asus\PycharmProjects\pdf_processor\sample.pdf'
[2026-09-07 12:22:55] [INFO ] [req-mtqvvfhr-f7usyh] [app.py] Opening PDF file 'sample.pdf'
[2026-09-07 12:22:55] [INFO ] [req-mtqvvfhr-f7usyh] [app.py] PDF opened successfully
[2026-09-07 12:22:55] [INFO ] [req-mtqvvfhr-f7usyh] [app.py] Task started: extracting page count and metadata
[2026-09-07 12:22:55] [INFO ] [req-mtqvvfhr-f7usyh] [app.py] Page count extracted: 3 page(s)
[2026-09-07 12:22:55] [INFO ] [req-mtqvvfhr-f7usyh] [app.py] Basic metadata extracted: 5 field(s) populated (title, author, subject, creator, producer)
[2026-09-07 12:22:55] [INFO ] [req-mtqvvfhr-f7usyh] [app.py] Task completed: Successfully processed 'sample.pdf' (3 page(s))
[2026-09-07 12:22:55] [INFO ] [req-mtqvvfhr-f7usyh] [app.py] Response sent: 200 OK
[2026-09-07 12:23:27] [INFO ] [req-mtqvvfhr-f7usyh] [app.py] Request received: request_id='req-mtqvvfhr-f7usyh', pdf_path='sample_pdf_for_processing_api.pdf'
[2026-09-07 12:23:27] [INFO ] [req-mtqvvfhr-f7usyh] [app.py] Response sent: 409 Conflict
[2026-09-07 12:23:40] [INFO ] [req-mtqvvfhr-f7usyj] [app.py] Request received: request_id='req-mtqvvfhr-f7usyj', pdf_path='sample_pdf_for_processing_api.pdf'
[2026-09-07 12:23:40] [INFO ] [req-mtqvvfhr-f7usyj] [app.py] File path validation started for 'sample_pdf_for_processing_api.pdf'
[2026-09-07 12:23:40] [INFO ] [req-mtqvvfhr-f7usyj] [app.py] File path validation passed: file exists at 'C:\Users\Asus\PycharmProjects\pdf_processor\sample_pdf_for_processing_api.pdf'
[2026-09-07 12:23:40] [INFO ] [req-mtqvvfhr-f7usyj] [app.py] Opening PDF file 'sample_pdf_for_processing_api.pdf'
[2026-09-07 12:23:40] [INFO ] [req-mtqvvfhr-f7usyj] [app.py] PDF opened successfully
[2026-09-07 12:23:40] [INFO ] [req-mtqvvfhr-f7usyj] [app.py] Task started: extracting page count and metadata
[2026-09-07 12:23:40] [INFO ] [req-mtqvvfhr-f7usyj] [app.py] Page count extracted: 3 page(s)
[2026-09-07 12:23:40] [INFO ] [req-mtqvvfhr-f7usyj] [app.py] Basic metadata extracted: 7 field(s) populated (title, author, subject, creator, producer, creation_date, modification_date)
[2026-09-07 12:23:40] [INFO ] [req-mtqvvfhr-f7usyj] [app.py] Task completed: Successfully processed 'sample_pdf_for_processing_api.pdf' (3 page(s))
[2026-09-07 12:23:40] [INFO ] [req-mtqvvfhr-f7usyj] [app.py] Response sent: 200 OK
[2026-09-07 12:27:17] [INFO ] [req-789a-bc12] [app.py] Request received: request_id='req-789a-bc12', pdf_path='sample.pdf'
[2026-09-07 12:27:17] [INFO ] [req-789a-bc12] [app.py] File path validation started for 'sample.pdf'
[2026-09-07 12:27:17] [INFO ] [req-789a-bc12] [app.py] File path validation passed: file exists at 'C:\Users\Asus\PycharmProjects\pdf_processor\sample.pdf'
[2026-09-07 12:27:17] [INFO ] [req-789a-bc12] [app.py] Opening PDF file 'sample.pdf'
[2026-09-07 12:27:17] [INFO ] [req-789a-bc12] [app.py] PDF opened successfully
[2026-09-07 12:27:17] [INFO ] [req-789a-bc12] [app.py] Task started: extracting page count and metadata
[2026-09-07 12:27:17] [INFO ] [req-789a-bc12] [app.py] Page count extracted: 3 page(s)
[2026-09-07 12:27:17] [INFO ] [req-789a-bc12] [app.py] Basic metadata extracted: 5 field(s) populated (title, author, subject, creator, producer)
[2026-09-07 12:27:17] [INFO ] [req-789a-bc12] [app.py] Task completed: Successfully processed 'sample.pdf' (3 page(s))
[2026-09-07 12:27:17] [INFO ] [req-789a-bc12] [app.py] Response sent: 200 OK
[2026-09-07 12:27:22] [INFO ] [req-789a-bc12] [app.py] Request received: request_id='req-789a-bc12', pdf_path='sample.pdf'
[2026-09-07 12:27:22] [INFO ] [req-789a-bc12] [app.py] Response sent: 409 Conflict
[2026-09-07 12:32:14] [INFO ] [req-mtqw2cq0-o98azn] [app.py] Request received: request_id='req-mtqw2cq0-o98azn', pdf_path='sample_pdf_for_processing_api.pdf'
[2026-09-07 12:32:14] [INFO ] [req-mtqw2cq0-o98azn] [app.py] File path validation started for 'sample_pdf_for_processing_api.pdf'
[2026-09-07 12:32:14] [INFO ] [req-mtqw2cq0-o98azn] [app.py] File path validation passed: file exists at 'C:\Users\Asus\PycharmProjects\pdf_processor\sample_pdf_for_processing_api.pdf'
[2026-09-07 12:32:14] [INFO ] [req-mtqw2cq0-o98azn] [app.py] Opening PDF file 'sample_pdf_for_processing_api.pdf'
[2026-09-07 12:32:14] [INFO ] [req-mtqw2cq0-o98azn] [app.py] PDF opened successfully
[2026-09-07 12:32:14] [INFO ] [req-mtqw2cq0-o98azn] [app.py] Task started: extracting page count and metadata
[2026-09-07 12:32:14] [INFO ] [req-mtqw2cq0-o98azn] [app.py] Page count extracted: 3 page(s)
[2026-09-07 12:32:14] [INFO ] [req-mtqw2cq0-o98azn] [app.py] Basic metadata extracted: 7 field(s) populated (title, author, subject, creator, producer, creation_date, modification_date)
[2026-09-07 12:32:14] [INFO ] [req-mtqw2cq0-o98azn] [app.py] Task completed: Successfully processed 'sample_pdf_for_processing_api.pdf' (3 page(s))
[2026-09-07 12:32:14] [INFO ] [req-mtqw2cq0-o98azn] [app.py] Response sent: 200 OK
[2026-09-07 12:34:48] [INFO ] [req-mtqw2cq0-o98axn] [app.py] Request received: request_id='req-mtqw2cq0-o98axn', pdf_path='sample_pdf_for_stream_extraction.pdf'
[2026-09-07 12:34:48] [INFO ] [req-mtqw2cq0-o98axn] [app.py] File path validation started for 'sample_pdf_for_stream_extraction.pdf'
[2026-09-07 12:34:48] [INFO ] [req-mtqw2cq0-o98axn] [app.py] File path validation passed: file exists at 'C:\Users\Asus\PycharmProjects\pdf_processor\sample_pdf_for_stream_extraction.pdf'
[2026-09-07 12:34:48] [INFO ] [req-mtqw2cq0-o98axn] [app.py] Opening PDF file 'sample_pdf_for_stream_extraction.pdf'
[2026-09-07 12:34:48] [INFO ] [req-mtqw2cq0-o98axn] [app.py] PDF opened successfully
[2026-09-07 12:34:48] [INFO ] [req-mtqw2cq0-o98axn] [app.py] Task started: extracting page count and metadata
[2026-09-07 12:34:48] [INFO ] [req-mtqw2cq0-o98axn] [app.py] Page count extracted: 1 page(s)
[2026-09-07 12:34:48] [INFO ] [req-mtqw2cq0-o98axn] [app.py] Basic metadata extracted: 7 field(s) populated (title, author, subject, creator, producer, creation_date, modification_date)
[2026-09-07 12:34:48] [INFO ] [req-mtqw2cq0-o98axn] [app.py] Task completed: Successfully processed 'sample_pdf_for_stream_extraction.pdf' (1 page(s))
[2026-09-07 12:34:48] [INFO ] [req-mtqw2cq0-o98axn] [app.py] Response sent: 200 OK
[2026-09-07 12:36:26] [INFO ] [req-mtqw2cq0-o98axn] [app.py] Request received: request_id='req-mtqw2cq0-o98axn', pdf_path='sample_pdf_for_stream_extraction.pdf'
[2026-09-07 12:36:26] [INFO ] [req-mtqw2cq0-o98axn] [app.py] Response sent: 409 Conflict
[2026-09-07 13:47:00] [INFO ] [req-mtqw2cq0-o98sdj] [app.py] Request received: request_id='req-mtqw2cq0-o98sdj', pdf_path='sample_pdf_for_stream_extraction.pdf'
[2026-09-07 13:47:00] [INFO ] [req-mtqw2cq0-o98sdj] [app.py] File path validation started for 'sample_pdf_for_stream_extraction.pdf'
[2026-09-07 13:47:00] [INFO ] [req-mtqw2cq0-o98sdj] [app.py] File path validation passed: file exists at 'C:\Users\Asus\PycharmProjects\pdf_processor\sample_pdf_for_stream_extraction.pdf'
[2026-09-07 13:47:00] [INFO ] [req-mtqw2cq0-o98sdj] [app.py] Opening PDF file 'sample_pdf_for_stream_extraction.pdf'
[2026-09-07 13:47:00] [INFO ] [req-mtqw2cq0-o98sdj] [app.py] PDF opened successfully
[2026-09-07 13:47:00] [INFO ] [req-mtqw2cq0-o98sdj] [app.py] Task started: extracting page count and metadata
[2026-09-07 13:47:00] [INFO ] [req-mtqw2cq0-o98sdj] [app.py] Page count extracted: 1 page(s)
[2026-09-07 13:47:00] [INFO ] [req-mtqw2cq0-o98sdj] [app.py] Basic metadata extracted: 7 field(s) populated (title, author, subject, creator, producer, creation_date, modification_date)
[2026-09-07 13:47:00] [INFO ] [req-mtqw2cq0-o98sdj] [app.py] Task completed: Successfully processed 'sample_pdf_for_stream_extraction.pdf' (1 page(s))
[2026-09-07 13:47:00] [INFO ] [req-mtqw2cq0-o98sdj] [app.py] Response sent: 200 OK
[2026-09-07 13:47:02] [INFO ] [req-mtqw2cq0-o98sdj] [app.py] Request received: request_id='req-mtqw2cq0-o98sdj', pdf_path='sample_pdf_for_stream_extraction.pdf'
[2026-09-07 13:47:02] [INFO ] [req-mtqw2cq0-o98sdj] [app.py] Response sent: 409 Conflict
[2026-09-07 13:58:54] [INFO ] [req-789a-bc12] [app.py] Request received: request_id='req-789a-bc12', pdf_path='sample.pdf'
[2026-09-07 13:58:54] [INFO ] [req-789a-bc12] [app.py] Response sent: 409 Conflict
[2026-09-07 13:58:56] [INFO ] [req-789a-bc12] [app.py] Request received: request_id='req-789a-bc12', pdf_path='sample.pdf'
[2026-09-07 13:58:56] [INFO ] [req-789a-bc12] [app.py] Response sent: 409 Conflict
[2026-09-07 14:08:25] [INFO ] [req-test-success-001] [app.py] Request received: request_id='req-test-success-001', pdf_path='sample.pdf'
[2026-09-07 14:08:25] [INFO ] [req-test-success-001] [app.py] File path validation started for 'sample.pdf'
[2026-09-07 14:08:25] [INFO ] [req-test-success-001] [app.py] File path validation passed: file exists at 'C:\Users\Asus\PycharmProjects\pdf_processor\sample.pdf'
[2026-09-07 14:08:25] [INFO ] [req-test-success-001] [app.py] Opening PDF file 'sample.pdf'
[2026-09-07 14:08:25] [INFO ] [req-test-success-001] [app.py] PDF opened successfully
[2026-09-07 14:08:25] [INFO ] [req-test-success-001] [app.py] Task started: extracting page count and metadata
[2026-09-07 14:08:25] [INFO ] [req-test-success-001] [app.py] Page count extracted: 3 page(s)
[2026-09-07 14:08:25] [INFO ] [req-test-success-001] [app.py] Basic metadata extracted: 5 field(s) populated (title, author, subject, creator, producer)
[2026-09-07 14:08:25] [INFO ] [req-test-success-001] [app.py] Task completed: Successfully processed 'sample.pdf' (3 page(s))
[2026-09-07 14:08:25] [INFO ] [req-test-success-001] [app.py] Response sent: 200 OK
[2026-09-07 14:08:25] [INFO ] [req-test-not-found-404] [app.py] Request received: request_id='req-test-not-found-404', pdf_path='missing_123.pdf'
[2026-09-07 14:08:25] [INFO ] [req-test-not-found-404] [app.py] File path validation started for 'missing_123.pdf'
[2026-09-07 14:08:25] [INFO ] [req-test-not-found-404] [app.py] Response sent: 404 Not Found
[2026-09-07 14:08:25] [INFO ] [req-test-invalid-ext] [app.py] Request received: request_id='req-test-invalid-ext', pdf_path='README.md'
[2026-09-07 14:08:25] [INFO ] [req-test-invalid-ext] [app.py] File path validation started for 'README.md'
[2026-09-07 14:08:25] [INFO ] [req-test-invalid-ext] [app.py] Response sent: 400 Bad Request
[2026-09-07 14:08:25] [INFO ] [req-test-corrupt-001] [app.py] Request received: request_id='req-test-corrupt-001', pdf_path='C:\Users\Asus\AppData\Local\Temp\pytest-of-Asus\pytest-5\test_corrupted_pdf0\corrupted.pdf'
[2026-09-07 14:08:25] [INFO ] [req-test-corrupt-001] [app.py] File path validation started for 'C:\Users\Asus\AppData\Local\Temp\pytest-of-Asus\pytest-5\test_corrupted_pdf0\corrupted.pdf'
[2026-09-07 14:08:25] [INFO ] [req-test-corrupt-001] [app.py] File path validation passed: file exists at 'C:\Users\Asus\AppData\Local\Temp\pytest-of-Asus\pytest-5\test_corrupted_pdf0\corrupted.pdf'
[2026-09-07 14:08:25] [INFO ] [req-test-corrupt-001] [app.py] Opening PDF file 'corrupted.pdf'
[2026-09-07 14:08:25] [INFO ] [req-test-corrupt-001] [app.py] Response sent: 422 Unprocessable Entity
[2026-09-07 14:08:25] [INFO ] [req-unique-id-999] [app.py] Request received: request_id='req-unique-id-999', pdf_path='sample.pdf'
[2026-09-07 14:08:25] [INFO ] [req-unique-id-999] [app.py] File path validation started for 'sample.pdf'
[2026-09-07 14:08:25] [INFO ] [req-unique-id-999] [app.py] File path validation passed: file exists at 'C:\Users\Asus\PycharmProjects\pdf_processor\sample.pdf'
[2026-09-07 14:08:25] [INFO ] [req-unique-id-999] [app.py] Opening PDF file 'sample.pdf'
[2026-09-07 14:08:25] [INFO ] [req-unique-id-999] [app.py] PDF opened successfully
[2026-09-07 14:08:25] [INFO ] [req-unique-id-999] [app.py] Task started: extracting page count and metadata
[2026-09-07 14:08:25] [INFO ] [req-unique-id-999] [app.py] Page count extracted: 3 page(s)
[2026-09-07 14:08:25] [INFO ] [req-unique-id-999] [app.py] Basic metadata extracted: 5 field(s) populated (title, author, subject, creator, producer)
[2026-09-07 14:08:25] [INFO ] [req-unique-id-999] [app.py] Task completed: Successfully processed 'sample.pdf' (3 page(s))
[2026-09-07 14:08:25] [INFO ] [req-unique-id-999] [app.py] Response sent: 200 OK
[2026-09-07 14:08:25] [INFO ] [req-unique-id-999] [app.py] Request received: request_id='req-unique-id-999', pdf_path='sample.pdf'
[2026-09-07 14:08:25] [INFO ] [req-unique-id-999] [app.py] Response sent: 409 Conflict
[2026-09-07 14:08:25] [INFO ] [1] [app.py] Request received with invalid payload: body -> request_id: Value error, Invalid request_id '1': must be a unique identifier, not simple sequential numbers like 1, 2, 3...
[2026-09-07 14:08:25] [INFO ] [1] [app.py] Response sent: 422 Unprocessable Entity
[2026-09-07 14:08:26] [INFO ] [2] [app.py] Request received with invalid payload: body -> request_id: Value error, Invalid request_id '2': must be a unique identifier, not simple sequential numbers like 1, 2, 3...
[2026-09-07 14:08:26] [INFO ] [2] [app.py] Response sent: 422 Unprocessable Entity
[2026-09-07 14:08:26] [INFO ] [3] [app.py] Request received with invalid payload: body -> request_id: Value error, Invalid request_id '3': must be a unique identifier, not simple sequential numbers like 1, 2, 3...
[2026-09-07 14:08:26] [INFO ] [3] [app.py] Response sent: 422 Unprocessable Entity
[2026-09-07 14:08:26] [INFO ] [007] [app.py] Request received with invalid payload: body -> request_id: Value error, Invalid request_id '007': must be a unique identifier, not simple sequential numbers like 1, 2, 3...
[2026-09-07 14:08:26] [INFO ] [007] [app.py] Response sent: 422 Unprocessable Entity
[2026-09-07 14:08:41] [INFO ] [req-clean-check-001] [app.py] Request received: request_id='req-clean-check-001', pdf_path='sample.pdf'
[2026-09-07 14:08:41] [INFO ] [req-clean-check-001] [app.py] File path validation started for 'sample.pdf'
[2026-09-07 14:08:41] [INFO ] [req-clean-check-001] [app.py] File path validation passed: file exists at 'C:\Users\Asus\PycharmProjects\pdf_processor\sample.pdf'
[2026-09-07 14:08:41] [INFO ] [req-clean-check-001] [app.py] Opening PDF file 'sample.pdf'
[2026-09-07 14:08:41] [INFO ] [req-clean-check-001] [app.py] PDF opened successfully
[2026-09-07 14:08:41] [INFO ] [req-clean-check-001] [app.py] Task started: extracting page count and metadata
[2026-09-07 14:08:41] [INFO ] [req-clean-check-001] [app.py] Page count extracted: 3 page(s)
[2026-09-07 14:08:41] [INFO ] [req-clean-check-001] [app.py] Basic metadata extracted: 5 field(s) populated (title, author, subject, creator, producer)
[2026-09-07 14:08:41] [INFO ] [req-clean-check-001] [app.py] Task completed: Successfully processed 'sample.pdf' (3 page(s))
[2026-09-07 14:08:41] [INFO ] [req-clean-check-001] [app.py] Response sent: 200 OK
[2026-09-07 14:39:55] [INFO ] [req-mtqw2cq0-o98sfr] [app.py] Request received: request_id='req-mtqw2cq0-o98sfr', pdf_path='sample_pdf_for_stream_extraction.pdf'
[2026-09-07 14:39:55] [INFO ] [req-mtqw2cq0-o98sfr] [app.py] File path validation started for 'sample_pdf_for_stream_extraction.pdf'
[2026-09-07 14:39:55] [INFO ] [req-mtqw2cq0-o98sfr] [app.py] File path validation passed: file exists at 'C:\Users\Asus\PycharmProjects\pdf_processor\sample_pdf_for_stream_extraction.pdf'
[2026-09-07 14:39:55] [INFO ] [req-mtqw2cq0-o98sfr] [app.py] Opening PDF file 'sample_pdf_for_stream_extraction.pdf'
[2026-09-07 14:39:55] [INFO ] [req-mtqw2cq0-o98sfr] [app.py] PDF opened successfully
[2026-09-07 14:39:55] [INFO ] [req-mtqw2cq0-o98sfr] [app.py] Task started: extracting page count and metadata
[2026-09-07 14:39:55] [INFO ] [req-mtqw2cq0-o98sfr] [app.py] Page count extracted: 1 page(s)
[2026-09-07 14:39:55] [INFO ] [req-mtqw2cq0-o98sfr] [app.py] Basic metadata extracted: 7 field(s) populated (title, author, subject, creator, producer, creation_date, modification_date)
[2026-09-07 14:39:55] [INFO ] [req-mtqw2cq0-o98sfr] [app.py] Task completed: Successfully processed 'sample_pdf_for_stream_extraction.pdf' (1 page(s))
[2026-09-07 14:39:55] [INFO ] [req-mtqw2cq0-o98sfr] [app.py] Response sent: 200 OK
[2026-09-07 15:04:38] [INFO ] [req-test-success-001] [app.py] Request received: request_id='req-test-success-001', pdf_path='sample.pdf'
[2026-09-07 15:04:38] [INFO ] [req-test-success-001] [app.py] File path validation started for 'sample.pdf'
[2026-09-07 15:04:38] [INFO ] [req-test-success-001] [app.py] File path validation passed: file exists at 'C:\Users\Asus\PycharmProjects\pdf_processor\sample.pdf'
[2026-09-07 15:04:38] [INFO ] [req-test-success-001] [app.py] Opening PDF file 'sample.pdf'
[2026-09-07 15:04:38] [INFO ] [req-test-success-001] [app.py] PDF opened successfully
[2026-09-07 15:04:38] [INFO ] [req-test-success-001] [app.py] Task started: extracting page count and metadata
[2026-09-07 15:04:38] [INFO ] [req-test-success-001] [app.py] Page count extracted: 3 page(s)
[2026-09-07 15:04:38] [INFO ] [req-test-success-001] [app.py] Basic metadata extracted: 5 field(s) populated (title, author, subject, creator, producer)
[2026-09-07 15:04:38] [INFO ] [req-test-success-001] [app.py] Task completed: Successfully processed 'sample.pdf' (3 page(s))
[2026-09-07 15:04:38] [INFO ] [req-test-success-001] [app.py] Response sent: 200 OK
[2026-09-07 15:04:38] [INFO ] [req-test-not-found-404] [app.py] Request received: request_id='req-test-not-found-404', pdf_path='missing_123.pdf'
[2026-09-07 15:04:38] [INFO ] [req-test-not-found-404] [app.py] File path validation started for 'missing_123.pdf'
[2026-09-07 15:04:38] [INFO ] [req-test-not-found-404] [app.py] Response sent: 404 Not Found
[2026-09-07 15:04:38] [INFO ] [req-test-invalid-ext] [app.py] Request received: request_id='req-test-invalid-ext', pdf_path='README.md'
[2026-09-07 15:04:38] [INFO ] [req-test-invalid-ext] [app.py] File path validation started for 'README.md'
[2026-09-07 15:04:38] [INFO ] [req-test-invalid-ext] [app.py] Response sent: 400 Bad Request
[2026-09-07 15:04:38] [INFO ] [req-test-corrupt-001] [app.py] Request received: request_id='req-test-corrupt-001', pdf_path='C:\Users\Asus\AppData\Local\Temp\pytest-of-Asus\pytest-6\test_corrupted_pdf0\corrupted.pdf'
[2026-09-07 15:04:38] [INFO ] [req-test-corrupt-001] [app.py] File path validation started for 'C:\Users\Asus\AppData\Local\Temp\pytest-of-Asus\pytest-6\test_corrupted_pdf0\corrupted.pdf'
[2026-09-07 15:04:38] [INFO ] [req-test-corrupt-001] [app.py] File path validation passed: file exists at 'C:\Users\Asus\AppData\Local\Temp\pytest-of-Asus\pytest-6\test_corrupted_pdf0\corrupted.pdf'
[2026-09-07 15:04:38] [INFO ] [req-test-corrupt-001] [app.py] Opening PDF file 'corrupted.pdf'
[2026-09-07 15:04:38] [INFO ] [req-test-corrupt-001] [app.py] Response sent: 422 Unprocessable Entity
[2026-09-07 15:04:38] [INFO ] [req-unique-id-999] [app.py] Request received: request_id='req-unique-id-999', pdf_path='sample.pdf'
[2026-09-07 15:04:38] [INFO ] [req-unique-id-999] [app.py] File path validation started for 'sample.pdf'
[2026-09-07 15:04:38] [INFO ] [req-unique-id-999] [app.py] File path validation passed: file exists at 'C:\Users\Asus\PycharmProjects\pdf_processor\sample.pdf'
[2026-09-07 15:04:38] [INFO ] [req-unique-id-999] [app.py] Opening PDF file 'sample.pdf'
[2026-09-07 15:04:38] [INFO ] [req-unique-id-999] [app.py] PDF opened successfully
[2026-09-07 15:04:38] [INFO ] [req-unique-id-999] [app.py] Task started: extracting page count and metadata
[2026-09-07 15:04:38] [INFO ] [req-unique-id-999] [app.py] Page count extracted: 3 page(s)
[2026-09-07 15:04:38] [INFO ] [req-unique-id-999] [app.py] Basic metadata extracted: 5 field(s) populated (title, author, subject, creator, producer)
[2026-09-07 15:04:38] [INFO ] [req-unique-id-999] [app.py] Task completed: Successfully processed 'sample.pdf' (3 page(s))
[2026-09-07 15:04:38] [INFO ] [req-unique-id-999] [app.py] Response sent: 200 OK
[2026-09-07 15:04:38] [INFO ] [req-unique-id-999] [app.py] Request received: request_id='req-unique-id-999', pdf_path='sample.pdf'
[2026-09-07 15:04:38] [INFO ] [req-unique-id-999] [app.py] Response sent: 409 Conflict
[2026-09-07 15:04:38] [INFO ] [1] [app.py] Request received with invalid payload: body -> request_id: Value error, Invalid request_id '1': must be a unique identifier, not simple sequential numbers like 1, 2, 3...
[2026-09-07 15:04:38] [INFO ] [1] [app.py] Response sent: 422 Unprocessable Entity
[2026-09-07 15:04:38] [INFO ] [2] [app.py] Request received with invalid payload: body -> request_id: Value error, Invalid request_id '2': must be a unique identifier, not simple sequential numbers like 1, 2, 3...
[2026-09-07 15:04:38] [INFO ] [2] [app.py] Response sent: 422 Unprocessable Entity
[2026-09-07 15:04:38] [INFO ] [3] [app.py] Request received with invalid payload: body -> request_id: Value error, Invalid request_id '3': must be a unique identifier, not simple sequential numbers like 1, 2, 3...
[2026-09-07 15:04:38] [INFO ] [3] [app.py] Response sent: 422 Unprocessable Entity
[2026-09-07 15:04:38] [INFO ] [007] [app.py] Request received with invalid payload: body -> request_id: Value error, Invalid request_id '007': must be a unique identifier, not simple sequential numbers like 1, 2, 3...
[2026-09-07 15:04:38] [INFO ] [007] [app.py] Response sent: 422 Unprocessable Entity
[2026-09-07 15:09:43] [INFO ] [req-mtr1tygs-1177] [app.py] Request received: request_id='req-mtr1tygs-1177', pdf_path='uploads\req-mtr1tygs-1177_sample_pdf_for_stream_extraction.pdf'
[2026-09-07 15:09:43] [INFO ] [req-mtr1tygs-1177] [app.py] File path validation started for 'uploads\req-mtr1tygs-1177_sample_pdf_for_stream_extraction.pdf'
[2026-09-07 15:09:43] [INFO ] [req-mtr1tygs-1177] [app.py] File path validation passed: file exists at 'C:\Users\Asus\PycharmProjects\pdf_processor\uploads\req-mtr1tygs-1177_sample_pdf_for_stream_extraction.pdf'
[2026-09-07 15:09:43] [INFO ] [req-mtr1tygs-1177] [app.py] Opening PDF file 'req-mtr1tygs-1177_sample_pdf_for_stream_extraction.pdf'
[2026-09-07 15:09:43] [INFO ] [req-mtr1tygs-1177] [app.py] PDF opened successfully
[2026-09-07 15:09:43] [INFO ] [req-mtr1tygs-1177] [app.py] Task started: extracting page count and metadata
[2026-09-07 15:09:43] [INFO ] [req-mtr1tygs-1177] [app.py] Page count extracted: 1 page(s)
[2026-09-07 15:09:43] [INFO ] [req-mtr1tygs-1177] [app.py] Basic metadata extracted: 7 field(s) populated (title, author, subject, creator, producer, creation_date, modification_date)
[2026-09-07 15:09:43] [INFO ] [req-mtr1tygs-1177] [app.py] Task completed: Successfully processed 'req-mtr1tygs-1177_sample_pdf_for_stream_extraction.pdf' (1 page(s))
[2026-09-07 15:09:43] [INFO ] [req-mtr1tygs-1177] [app.py] Response sent: 200 OK
[2026-09-07 15:10:10] [INFO ] [req-mtr1usyd-silo] [app.py] Request received: request_id='req-mtr1usyd-silo', pdf_path='uploads\req-mtr1usyd-silo_sample_pdf_for_processing_api.pdf'
[2026-09-07 15:10:10] [INFO ] [req-mtr1usyd-silo] [app.py] File path validation started for 'uploads\req-mtr1usyd-silo_sample_pdf_for_processing_api.pdf'
[2026-09-07 15:10:10] [INFO ] [req-mtr1usyd-silo] [app.py] File path validation passed: file exists at 'C:\Users\Asus\PycharmProjects\pdf_processor\uploads\req-mtr1usyd-silo_sample_pdf_for_processing_api.pdf'
[2026-09-07 15:10:10] [INFO ] [req-mtr1usyd-silo] [app.py] Opening PDF file 'req-mtr1usyd-silo_sample_pdf_for_processing_api.pdf'
[2026-09-07 15:10:10] [INFO ] [req-mtr1usyd-silo] [app.py] PDF opened successfully
[2026-09-07 15:10:10] [INFO ] [req-mtr1usyd-silo] [app.py] Task started: extracting page count and metadata
[2026-09-07 15:10:10] [INFO ] [req-mtr1usyd-silo] [app.py] Page count extracted: 3 page(s)
[2026-09-07 15:10:10] [INFO ] [req-mtr1usyd-silo] [app.py] Basic metadata extracted: 7 field(s) populated (title, author, subject, creator, producer, creation_date, modification_date)
[2026-09-07 15:10:10] [INFO ] [req-mtr1usyd-silo] [app.py] Task completed: Successfully processed 'req-mtr1usyd-silo_sample_pdf_for_processing_api.pdf' (3 page(s))
[2026-09-07 15:10:10] [INFO ] [req-mtr1usyd-silo] [app.py] Response sent: 200 OK
[2026-09-07 15:18:01] [INFO ] [req-test-success-001] [app.py] Request received: request_id='req-test-success-001', pdf_path='sample.pdf'
[2026-09-07 15:18:01] [INFO ] [req-test-success-001] [app.py] File path validation started for 'sample.pdf'
[2026-09-07 15:18:01] [INFO ] [req-test-success-001] [app.py] File path validation passed: file exists at 'C:\Users\Asus\PycharmProjects\pdf_processor\sample.pdf'
[2026-09-07 15:18:01] [INFO ] [req-test-success-001] [app.py] Opening PDF file 'sample.pdf'
[2026-09-07 15:18:01] [INFO ] [req-test-success-001] [app.py] PDF opened successfully
[2026-09-07 15:18:01] [INFO ] [req-test-success-001] [app.py] Task started: extracting page count and metadata
[2026-09-07 15:18:01] [INFO ] [req-test-success-001] [app.py] Page count extracted: 3 page(s)
[2026-09-07 15:18:01] [INFO ] [req-test-success-001] [app.py] Basic metadata extracted: 5 field(s) populated (title, author, subject, creator, producer)
[2026-09-07 15:18:01] [INFO ] [req-test-success-001] [app.py] Task completed: Successfully processed 'sample.pdf' (3 page(s))
[2026-09-07 15:18:01] [INFO ] [req-test-success-001] [app.py] Response sent: 200 OK
[2026-09-07 15:18:01] [INFO ] [req-test-not-found-404] [app.py] Request received: request_id='req-test-not-found-404', pdf_path='missing_123.pdf'
[2026-09-07 15:18:01] [INFO ] [req-test-not-found-404] [app.py] File path validation started for 'missing_123.pdf'
[2026-09-07 15:18:01] [INFO ] [req-test-not-found-404] [app.py] Response sent: 404 Not Found
[2026-09-07 15:18:01] [INFO ] [req-test-invalid-ext] [app.py] Request received: request_id='req-test-invalid-ext', pdf_path='README.md'
[2026-09-07 15:18:01] [INFO ] [req-test-invalid-ext] [app.py] File path validation started for 'README.md'
[2026-09-07 15:18:01] [INFO ] [req-test-invalid-ext] [app.py] Response sent: 400 Bad Request
[2026-09-07 15:18:01] [INFO ] [req-test-corrupt-001] [app.py] Request received: request_id='req-test-corrupt-001', pdf_path='C:\Users\Asus\AppData\Local\Temp\pytest-of-Asus\pytest-7\test_corrupted_pdf0\corrupted.pdf'
[2026-09-07 15:18:01] [INFO ] [req-test-corrupt-001] [app.py] File path validation started for 'C:\Users\Asus\AppData\Local\Temp\pytest-of-Asus\pytest-7\test_corrupted_pdf0\corrupted.pdf'
[2026-09-07 15:18:01] [INFO ] [req-test-corrupt-001] [app.py] File path validation passed: file exists at 'C:\Users\Asus\AppData\Local\Temp\pytest-of-Asus\pytest-7\test_corrupted_pdf0\corrupted.pdf'
[2026-09-07 15:18:01] [INFO ] [req-test-corrupt-001] [app.py] Opening PDF file 'corrupted.pdf'
[2026-09-07 15:18:01] [INFO ] [req-test-corrupt-001] [app.py] Response sent: 422 Unprocessable Entity
[2026-09-07 15:18:01] [INFO ] [req-unique-id-999] [app.py] Request received: request_id='req-unique-id-999', pdf_path='sample.pdf'
[2026-09-07 15:18:01] [INFO ] [req-unique-id-999] [app.py] File path validation started for 'sample.pdf'
[2026-09-07 15:18:01] [INFO ] [req-unique-id-999] [app.py] File path validation passed: file exists at 'C:\Users\Asus\PycharmProjects\pdf_processor\sample.pdf'
[2026-09-07 15:18:01] [INFO ] [req-unique-id-999] [app.py] Opening PDF file 'sample.pdf'
[2026-09-07 15:18:01] [INFO ] [req-unique-id-999] [app.py] PDF opened successfully
[2026-09-07 15:18:01] [INFO ] [req-unique-id-999] [app.py] Task started: extracting page count and metadata
[2026-09-07 15:18:01] [INFO ] [req-unique-id-999] [app.py] Page count extracted: 3 page(s)
[2026-09-07 15:18:01] [INFO ] [req-unique-id-999] [app.py] Basic metadata extracted: 5 field(s) populated (title, author, subject, creator, producer)
[2026-09-07 15:18:01] [INFO ] [req-unique-id-999] [app.py] Task completed: Successfully processed 'sample.pdf' (3 page(s))
[2026-09-07 15:18:01] [INFO ] [req-unique-id-999] [app.py] Response sent: 200 OK
[2026-09-07 15:18:01] [INFO ] [req-unique-id-999] [app.py] Request received: request_id='req-unique-id-999', pdf_path='sample.pdf'
[2026-09-07 15:18:01] [INFO ] [req-unique-id-999] [app.py] Response sent: 409 Conflict
[2026-09-07 15:18:01] [INFO ] [1] [app.py] Request received with invalid payload: body -> request_id: Value error, Invalid request_id '1': must be a unique identifier, not simple sequential numbers like 1, 2, 3...
[2026-09-07 15:18:01] [INFO ] [1] [app.py] Response sent: 422 Unprocessable Entity
[2026-09-07 15:18:01] [INFO ] [2] [app.py] Request received with invalid payload: body -> request_id: Value error, Invalid request_id '2': must be a unique identifier, not simple sequential numbers like 1, 2, 3...
[2026-09-07 15:18:01] [INFO ] [2] [app.py] Response sent: 422 Unprocessable Entity
[2026-09-07 15:18:01] [INFO ] [3] [app.py] Request received with invalid payload: body -> request_id: Value error, Invalid request_id '3': must be a unique identifier, not simple sequential numbers like 1, 2, 3...
[2026-09-07 15:18:01] [INFO ] [3] [app.py] Response sent: 422 Unprocessable Entity
[2026-09-07 15:18:01] [INFO ] [007] [app.py] Request received with invalid payload: body -> request_id: Value error, Invalid request_id '007': must be a unique identifier, not simple sequential numbers like 1, 2, 3...
[2026-09-07 15:18:01] [INFO ] [007] [app.py] Response sent: 422 Unprocessable Entity
[2026-09-07 15:18:02] [INFO ] [req-upload-test-01] [app.py] Request received: request_id='req-upload-test-01', pdf_path='uploads\req-upload-test-01_uploaded_test.pdf'
[2026-09-07 15:18:02] [INFO ] [req-upload-test-01] [app.py] File path validation started for 'uploads\req-upload-test-01_uploaded_test.pdf'
[2026-09-07 15:18:02] [INFO ] [req-upload-test-01] [app.py] File path validation passed: file exists at 'C:\Users\Asus\PycharmProjects\pdf_processor\uploads\req-upload-test-01_uploaded_test.pdf'
[2026-09-07 15:18:02] [INFO ] [req-upload-test-01] [app.py] Opening PDF file 'req-upload-test-01_uploaded_test.pdf'
[2026-09-07 15:18:02] [INFO ] [req-upload-test-01] [app.py] PDF opened successfully
[2026-09-07 15:18:02] [INFO ] [req-upload-test-01] [app.py] Task started: extracting page count and metadata
[2026-09-07 15:18:02] [INFO ] [req-upload-test-01] [app.py] Page count extracted: 3 page(s)
[2026-09-07 15:18:02] [INFO ] [req-upload-test-01] [app.py] Basic metadata extracted: 5 field(s) populated (title, author, subject, creator, producer)
[2026-09-07 15:18:02] [INFO ] [req-upload-test-01] [app.py] Task completed: Successfully processed 'req-upload-test-01_uploaded_test.pdf' (3 page(s))
[2026-09-07 15:18:02] [INFO ] [req-upload-test-01] [app.py] Response sent: 200 OK
[2026-09-07 15:18:38] [INFO ] [req-mtr25ont-8x5z] [app.py] Request received: request_id='req-mtr25ont-8x5z', pdf_path='uploads\req-mtr25ont-8x5z_sample_pdf_for_stream_extraction.pdf'
[2026-09-07 15:18:38] [INFO ] [req-mtr25ont-8x5z] [app.py] File path validation started for 'uploads\req-mtr25ont-8x5z_sample_pdf_for_stream_extraction.pdf'
[2026-09-07 15:18:38] [INFO ] [req-mtr25ont-8x5z] [app.py] File path validation passed: file exists at 'C:\Users\Asus\PycharmProjects\pdf_processor\uploads\req-mtr25ont-8x5z_sample_pdf_for_stream_extraction.pdf'
[2026-09-07 15:18:38] [INFO ] [req-mtr25ont-8x5z] [app.py] Opening PDF file 'req-mtr25ont-8x5z_sample_pdf_for_stream_extraction.pdf'
[2026-09-07 15:18:38] [INFO ] [req-mtr25ont-8x5z] [app.py] PDF opened successfully
[2026-09-07 15:18:38] [INFO ] [req-mtr25ont-8x5z] [app.py] Task started: extracting page count and metadata
[2026-09-07 15:18:38] [INFO ] [req-mtr25ont-8x5z] [app.py] Page count extracted: 1 page(s)
[2026-09-07 15:18:38] [INFO ] [req-mtr25ont-8x5z] [app.py] Basic metadata extracted: 7 field(s) populated (title, author, subject, creator, producer, creation_date, modification_date)
[2026-09-07 15:18:38] [INFO ] [req-mtr25ont-8x5z] [app.py] Task completed: Successfully processed 'req-mtr25ont-8x5z_sample_pdf_for_stream_extraction.pdf' (1 page(s))
[2026-09-07 15:18:38] [INFO ] [req-mtr25ont-8x5z] [app.py] Response sent: 200 OK
[2026-09-07 15:35:32] [INFO ] [req-mtr2rhug-tik3] [app.py] Request received: request_id='req-mtr2rhug-tik3', pdf_path='sample_pdf_for_stream_extraction.pdf'
[2026-09-07 15:35:32] [INFO ] [req-mtr2rhug-tik3] [app.py] File path validation started for 'sample_pdf_for_stream_extraction.pdf'
[2026-09-07 15:35:32] [INFO ] [req-mtr2rhug-tik3] [app.py] File path validation passed: file exists at 'C:\Users\Asus\PycharmProjects\pdf_processor\sample_pdf_for_stream_extraction.pdf'
[2026-09-07 15:35:32] [INFO ] [req-mtr2rhug-tik3] [app.py] Opening PDF file 'sample_pdf_for_stream_extraction.pdf'
[2026-09-07 15:35:32] [INFO ] [req-mtr2rhug-tik3] [app.py] PDF opened successfully
[2026-09-07 15:35:32] [INFO ] [req-mtr2rhug-tik3] [app.py] Task started: extracting page count and metadata
[2026-09-07 15:35:32] [INFO ] [req-mtr2rhug-tik3] [app.py] Page count extracted: 1 page(s)
[2026-09-07 15:35:32] [INFO ] [req-mtr2rhug-tik3] [app.py] Basic metadata extracted: 7 field(s) populated (title, author, subject, creator, producer, creation_date, modification_date)
[2026-09-07 15:35:32] [INFO ] [req-mtr2rhug-tik3] [app.py] Task completed: Successfully processed 'sample_pdf_for_stream_extraction.pdf' (1 page(s))
[2026-09-07 15:35:32] [INFO ] [req-mtr2rhug-tik3] [app.py] Response sent: 200 OK
[2026-09-07 16:37:01] [INFO ] [req-mtr4tnn7-r6t8] [app.py] Request received: request_id='req-mtr4tnn7-r6t8', pdf_path='uploads\req-mtr4tnn7-r6t8_sample_pdf_for_stream_extraction.pdf'
[2026-09-07 16:37:01] [INFO ] [req-mtr4tnn7-r6t8] [app.py] File path validation started for 'uploads\req-mtr4tnn7-r6t8_sample_pdf_for_stream_extraction.pdf'
[2026-09-07 16:37:01] [INFO ] [req-mtr4tnn7-r6t8] [app.py] File path validation passed: file exists at 'C:\Users\Asus\PycharmProjects\pdf_processor\uploads\req-mtr4tnn7-r6t8_sample_pdf_for_stream_extraction.pdf'
[2026-09-07 16:37:01] [INFO ] [req-mtr4tnn7-r6t8] [app.py] Opening PDF file 'req-mtr4tnn7-r6t8_sample_pdf_for_stream_extraction.pdf'
[2026-09-07 16:37:01] [INFO ] [req-mtr4tnn7-r6t8] [app.py] PDF opened successfully
[2026-09-07 16:37:01] [INFO ] [req-mtr4tnn7-r6t8] [app.py] Task started: extracting page count and metadata
[2026-09-07 16:37:01] [INFO ] [req-mtr4tnn7-r6t8] [app.py] Page count extracted: 1 page(s)
[2026-09-07 16:37:01] [INFO ] [req-mtr4tnn7-r6t8] [app.py] Basic metadata extracted: 7 field(s) populated (title, author, subject, creator, producer, creation_date, modification_date)
[2026-09-07 16:37:01] [INFO ] [req-mtr4tnn7-r6t8] [app.py] Task completed: Successfully processed 'req-mtr4tnn7-r6t8_sample_pdf_for_stream_extraction.pdf' (1 page(s))
[2026-09-07 16:37:01] [INFO ] [req-mtr4tnn7-r6t8] [app.py] Response sent: 200 OK
[2026-09-07 16:38:18] [INFO ] [req-mtr4zdbc-ym6k] [app.py] Request received: request_id='req-mtr4zdbc-ym6k', pdf_path='sample_pdf_for_processing_api.pdf'
[2026-09-07 16:38:18] [INFO ] [req-mtr4zdbc-ym6k] [app.py] File path validation started for 'sample_pdf_for_processing_api.pdf'
[2026-09-07 16:38:18] [INFO ] [req-mtr4zdbc-ym6k] [app.py] File path validation passed: file exists at 'C:\Users\Asus\PycharmProjects\pdf_processor\sample_pdf_for_processing_api.pdf'
[2026-09-07 16:38:18] [INFO ] [req-mtr4zdbc-ym6k] [app.py] Opening PDF file 'sample_pdf_for_processing_api.pdf'
[2026-09-07 16:38:18] [INFO ] [req-mtr4zdbc-ym6k] [app.py] PDF opened successfully
[2026-09-07 16:38:18] [INFO ] [req-mtr4zdbc-ym6k] [app.py] Task started: extracting page count and metadata
[2026-09-07 16:38:18] [INFO ] [req-mtr4zdbc-ym6k] [app.py] Page count extracted: 3 page(s)
[2026-09-07 16:38:18] [INFO ] [req-mtr4zdbc-ym6k] [app.py] Basic metadata extracted: 7 field(s) populated (title, author, subject, creator, producer, creation_date, modification_date)
[2026-09-07 16:38:18] [INFO ] [req-mtr4zdbc-ym6k] [app.py] Task completed: Successfully processed 'sample_pdf_for_processing_api.pdf' (3 page(s))
[2026-09-07 16:38:18] [INFO ] [req-mtr4zdbc-ym6k] [app.py] Response sent: 200 OK
[2026-09-07 16:38:21] [INFO ] [req-mtr4zdbc-ym6k] [app.py] Request received: request_id='req-mtr4zdbc-ym6k', pdf_path='sample_pdf_for_processing_api.pdf'
[2026-09-07 16:38:21] [INFO ] [req-mtr4zdbc-ym6k] [app.py] Response sent: 409 Conflict
[2026-09-07 16:38:27] [INFO ] [req-mtr50ia3-mwua] [app.py] Request received: request_id='req-mtr50ia3-mwua', pdf_path='sample_pdf_for_processing_api.pdf'
[2026-09-07 16:38:27] [INFO ] [req-mtr50ia3-mwua] [app.py] File path validation started for 'sample_pdf_for_processing_api.pdf'
[2026-09-07 16:38:27] [INFO ] [req-mtr50ia3-mwua] [app.py] File path validation passed: file exists at 'C:\Users\Asus\PycharmProjects\pdf_processor\sample_pdf_for_processing_api.pdf'
[2026-09-07 16:38:27] [INFO ] [req-mtr50ia3-mwua] [app.py] Opening PDF file 'sample_pdf_for_processing_api.pdf'
[2026-09-07 16:38:27] [INFO ] [req-mtr50ia3-mwua] [app.py] PDF opened successfully
[2026-09-07 16:38:27] [INFO ] [req-mtr50ia3-mwua] [app.py] Task started: extracting page count and metadata
[2026-09-07 16:38:27] [INFO ] [req-mtr50ia3-mwua] [app.py] Page count extracted: 3 page(s)
[2026-09-07 16:38:27] [INFO ] [req-mtr50ia3-mwua] [app.py] Basic metadata extracted: 7 field(s) populated (title, author, subject, creator, producer, creation_date, modification_date)
[2026-09-07 16:38:27] [INFO ] [req-mtr50ia3-mwua] [app.py] Task completed: Successfully processed 'sample_pdf_for_processing_api.pdf' (3 page(s))
[2026-09-07 16:38:27] [INFO ] [req-mtr50ia3-mwua] [app.py] Response sent: 200 OK
[2026-09-07 16:38:53] [INFO ] [req-mtr51261-rss1] [app.py] Request received: request_id='req-mtr51261-rss1', pdf_path='sample.pdf'
[2026-09-07 16:38:53] [INFO ] [req-mtr51261-rss1] [app.py] File path validation started for 'sample.pdf'
[2026-09-07 16:38:53] [INFO ] [req-mtr51261-rss1] [app.py] File path validation passed: file exists at 'C:\Users\Asus\PycharmProjects\pdf_processor\sample.pdf'
[2026-09-07 16:38:53] [INFO ] [req-mtr51261-rss1] [app.py] Opening PDF file 'sample.pdf'
[2026-09-07 16:38:53] [INFO ] [req-mtr51261-rss1] [app.py] PDF opened successfully
[2026-09-07 16:38:53] [INFO ] [req-mtr51261-rss1] [app.py] Task started: extracting page count and metadata
[2026-09-07 16:38:53] [INFO ] [req-mtr51261-rss1] [app.py] Page count extracted: 3 page(s)
[2026-09-07 16:38:53] [INFO ] [req-mtr51261-rss1] [app.py] Basic metadata extracted: 5 field(s) populated (title, author, subject, creator, producer)
[2026-09-07 16:38:53] [INFO ] [req-mtr51261-rss1] [app.py] Task completed: Successfully processed 'sample.pdf' (3 page(s))
[2026-09-07 16:38:53] [INFO ] [req-mtr51261-rss1] [app.py] Response sent: 200 OK
[2026-09-07 16:39:46] [INFO ] [string] [app.py] Request received: request_id='string', pdf_path='string'
[2026-09-07 16:39:46] [INFO ] [string] [app.py] File path validation started for 'string'
[2026-09-07 16:39:46] [INFO ] [string] [app.py] Response sent: 404 Not Found
[2026-09-07 16:39:48] [INFO ] [string] [app.py] Request received: request_id='string', pdf_path='string'
[2026-09-07 16:39:48] [INFO ] [string] [app.py] Response sent: 409 Conflict
[2026-09-07 16:46:26] [INFO ] [152655] [app.py] Request received with invalid payload: body -> request_id: Value error, Invalid request_id '152655': must be a unique identifier, not simple sequential numbers like 1, 2, 3...
[2026-09-07 16:46:26] [INFO ] [152655] [app.py] Response sent: 422 Unprocessable Entity
[2026-09-07 16:46:41] [INFO ] [152655] [app.py] Request received with invalid payload: body -> request_id: Value error, Invalid request_id '152655': must be a unique identifier, not simple sequential numbers like 1, 2, 3...
[2026-09-07 16:46:41] [INFO ] [152655] [app.py] Response sent: 422 Unprocessable Entity
[2026-09-07 16:46:55] [INFO ] [INVALID_REQUEST] [app.py] Request received with invalid payload: body -> 45: JSON decode error
[2026-09-07 16:46:56] [INFO ] [INVALID_REQUEST] [app.py] Response sent: 422 Unprocessable Entity
[2026-09-07 16:56:48] [INFO ] [INVALID_REQUEST] [app.py] Request received with invalid payload: body -> 40: JSON decode error
[2026-09-07 16:56:48] [INFO ] [INVALID_REQUEST] [app.py] Response sent: 422 Unprocessable Entity
[2026-09-07 17:08:14] [INFO ] [req-test-success-001] [app.py] Request received: request_id='req-test-success-001', pdf_path='sample.pdf'
[2026-09-07 17:08:14] [INFO ] [req-test-success-001] [app.py] File path validation started for 'sample.pdf'
[2026-09-07 17:08:14] [INFO ] [req-test-success-001] [app.py] File path validation passed: file exists at 'C:\Users\Asus\PycharmProjects\pdf_processor\sample.pdf'
[2026-09-07 17:08:14] [INFO ] [req-test-success-001] [app.py] Opening PDF file 'sample.pdf'
[2026-09-07 17:08:14] [INFO ] [req-test-success-001] [app.py] PDF opened successfully
[2026-09-07 17:08:14] [INFO ] [req-test-success-001] [app.py] Task started: extracting page count and metadata
[2026-09-07 17:08:14] [INFO ] [req-test-success-001] [app.py] Page count extracted: 3 page(s)
[2026-09-07 17:08:14] [INFO ] [req-test-success-001] [app.py] Basic metadata extracted: 5 field(s) populated (title, author, subject, creator, producer)
[2026-09-07 17:08:14] [INFO ] [req-test-success-001] [app.py] Task completed: Successfully processed 'sample.pdf' (3 page(s))
[2026-09-07 17:08:14] [INFO ] [req-test-success-001] [app.py] Response sent: 200 OK
[2026-09-07 17:08:14] [INFO ] [req-test-not-found-404] [app.py] Request received: request_id='req-test-not-found-404', pdf_path='missing_123.pdf'
[2026-09-07 17:08:14] [INFO ] [req-test-not-found-404] [app.py] File path validation started for 'missing_123.pdf'
[2026-09-07 17:08:14] [INFO ] [req-test-not-found-404] [app.py] Response sent: 404 Not Found
[2026-09-07 17:08:14] [INFO ] [req-test-invalid-ext] [app.py] Request received: request_id='req-test-invalid-ext', pdf_path='README.md'
[2026-09-07 17:08:14] [INFO ] [req-test-invalid-ext] [app.py] File path validation started for 'README.md'
[2026-09-07 17:08:14] [INFO ] [req-test-invalid-ext] [app.py] Response sent: 400 Bad Request
[2026-09-07 17:08:14] [INFO ] [req-test-corrupt-001] [app.py] Request received: request_id='req-test-corrupt-001', pdf_path='C:\Users\Asus\AppData\Local\Temp\pytest-of-Asus\pytest-8\test_corrupted_pdf0\corrupted.pdf'
[2026-09-07 17:08:14] [INFO ] [req-test-corrupt-001] [app.py] File path validation started for 'C:\Users\Asus\AppData\Local\Temp\pytest-of-Asus\pytest-8\test_corrupted_pdf0\corrupted.pdf'
[2026-09-07 17:08:14] [INFO ] [req-test-corrupt-001] [app.py] File path validation passed: file exists at 'C:\Users\Asus\AppData\Local\Temp\pytest-of-Asus\pytest-8\test_corrupted_pdf0\corrupted.pdf'
[2026-09-07 17:08:14] [INFO ] [req-test-corrupt-001] [app.py] Opening PDF file 'corrupted.pdf'
[2026-09-07 17:08:14] [INFO ] [req-test-corrupt-001] [app.py] Response sent: 422 Unprocessable Entity
[2026-09-07 17:08:14] [INFO ] [req-unique-id-999] [app.py] Request received: request_id='req-unique-id-999', pdf_path='sample.pdf'
[2026-09-07 17:08:14] [INFO ] [req-unique-id-999] [app.py] File path validation started for 'sample.pdf'
[2026-09-07 17:08:14] [INFO ] [req-unique-id-999] [app.py] File path validation passed: file exists at 'C:\Users\Asus\PycharmProjects\pdf_processor\sample.pdf'
[2026-09-07 17:08:14] [INFO ] [req-unique-id-999] [app.py] Opening PDF file 'sample.pdf'
[2026-09-07 17:08:14] [INFO ] [req-unique-id-999] [app.py] PDF opened successfully
[2026-09-07 17:08:14] [INFO ] [req-unique-id-999] [app.py] Task started: extracting page count and metadata
[2026-09-07 17:08:14] [INFO ] [req-unique-id-999] [app.py] Page count extracted: 3 page(s)
[2026-09-07 17:08:14] [INFO ] [req-unique-id-999] [app.py] Basic metadata extracted: 5 field(s) populated (title, author, subject, creator, producer)
[2026-09-07 17:08:14] [INFO ] [req-unique-id-999] [app.py] Task completed: Successfully processed 'sample.pdf' (3 page(s))
[2026-09-07 17:08:14] [INFO ] [req-unique-id-999] [app.py] Response sent: 200 OK
[2026-09-07 17:08:14] [INFO ] [req-unique-id-999] [app.py] Request received: request_id='req-unique-id-999', pdf_path='sample.pdf'
[2026-09-07 17:08:14] [INFO ] [req-unique-id-999] [app.py] Response sent: 409 Conflict
[2026-09-07 17:08:14] [INFO ] [1] [app.py] Request received with invalid payload: body -> request_id: Value error, Invalid request_id '1': must be a unique identifier, not simple sequential numbers like 1, 2, 3...
[2026-09-07 17:08:14] [INFO ] [1] [app.py] Response sent: 422 Unprocessable Entity
[2026-09-07 17:08:14] [INFO ] [2] [app.py] Request received with invalid payload: body -> request_id: Value error, Invalid request_id '2': must be a unique identifier, not simple sequential numbers like 1, 2, 3...
[2026-09-07 17:08:14] [INFO ] [2] [app.py] Response sent: 422 Unprocessable Entity
[2026-09-07 17:08:14] [INFO ] [3] [app.py] Request received with invalid payload: body -> request_id: Value error, Invalid request_id '3': must be a unique identifier, not simple sequential numbers like 1, 2, 3...
[2026-09-07 17:08:14] [INFO ] [3] [app.py] Response sent: 422 Unprocessable Entity
[2026-09-07 17:08:14] [INFO ] [007] [app.py] Request received with invalid payload: body -> request_id: Value error, Invalid request_id '007': must be a unique identifier, not simple sequential numbers like 1, 2, 3...
[2026-09-07 17:08:14] [INFO ] [007] [app.py] Response sent: 422 Unprocessable Entity
[2026-09-07 17:08:14] [INFO ] [req-upload-test-01] [app.py] Request received: request_id='req-upload-test-01', pdf_path='uploads\req-upload-test-01_uploaded_test.pdf'
[2026-09-07 17:08:14] [INFO ] [req-upload-test-01] [app.py] File path validation started for 'uploads\req-upload-test-01_uploaded_test.pdf'
[2026-09-07 17:08:14] [INFO ] [req-upload-test-01] [app.py] File path validation passed: file exists at 'C:\Users\Asus\PycharmProjects\pdf_processor\uploads\req-upload-test-01_uploaded_test.pdf'
[2026-09-07 17:08:14] [INFO ] [req-upload-test-01] [app.py] Opening PDF file 'req-upload-test-01_uploaded_test.pdf'
[2026-09-07 17:08:14] [INFO ] [req-upload-test-01] [app.py] PDF opened successfully
[2026-09-07 17:08:14] [INFO ] [req-upload-test-01] [app.py] Task started: extracting page count and metadata
[2026-09-07 17:08:14] [INFO ] [req-upload-test-01] [app.py] Page count extracted: 3 page(s)
[2026-09-07 17:08:14] [INFO ] [req-upload-test-01] [app.py] Basic metadata extracted: 5 field(s) populated (title, author, subject, creator, producer)
[2026-09-07 17:08:14] [INFO ] [req-upload-test-01] [app.py] Task completed: Successfully processed 'req-upload-test-01_uploaded_test.pdf' (3 page(s))
[2026-09-07 17:08:14] [INFO ] [req-upload-test-01] [app.py] Response sent: 200 OK
[2026-09-07 17:08:14] [INFO ] [req-backslash-001] [app.py] JSON body contained unescaped backslashes (Windows path); repaired automatically.
[2026-09-07 17:08:14] [INFO ] [req-backslash-001] [app.py] Request received: request_id='req-backslash-001', pdf_path='.\sample.pdf'
[2026-09-07 17:08:14] [INFO ] [req-backslash-001] [app.py] File path validation started for '.\sample.pdf'
[2026-09-07 17:08:14] [INFO ] [req-backslash-001] [app.py] File path validation passed: file exists at 'C:\Users\Asus\AppData\Local\Temp\pytest-of-Asus\pytest-8\test_process_pdf_with_unescape0\sample.pdf'
[2026-09-07 17:08:14] [INFO ] [req-backslash-001] [app.py] Opening PDF file 'sample.pdf'
[2026-09-07 17:08:14] [INFO ] [req-backslash-001] [app.py] PDF opened successfully
[2026-09-07 17:08:14] [INFO ] [req-backslash-001] [app.py] Task started: extracting page count and metadata
[2026-09-07 17:08:14] [INFO ] [req-backslash-001] [app.py] Page count extracted: 3 page(s)
[2026-09-07 17:08:14] [INFO ] [req-backslash-001] [app.py] Basic metadata extracted: 5 field(s) populated (title, author, subject, creator, producer)
[2026-09-07 17:08:14] [INFO ] [req-backslash-001] [app.py] Task completed: Successfully processed 'sample.pdf' (3 page(s))
[2026-09-07 17:08:14] [INFO ] [req-backslash-001] [app.py] Response sent: 200 OK
[2026-09-07 17:08:14] [INFO ] [INVALID_REQUEST] [app.py] Request received with invalid payload: body -> 46: JSON decode error
[2026-09-07 17:08:14] [INFO ] [INVALID_REQUEST] [app.py] Response sent: 422 Unprocessable Entity
[2026-09-07 17:11:16] [INFO ] [req-test-success-001] [app.py] Request received: request_id='req-test-success-001', pdf_path='sample.pdf'
[2026-09-07 17:11:16] [INFO ] [req-test-success-001] [app.py] File path validation started for 'sample.pdf'
[2026-09-07 17:11:16] [INFO ] [req-test-success-001] [app.py] File path validation passed: file exists at 'C:\Users\Asus\PycharmProjects\pdf_processor\sample.pdf'
[2026-09-07 17:11:16] [INFO ] [req-test-success-001] [app.py] Opening PDF file 'sample.pdf'
[2026-09-07 17:11:16] [INFO ] [req-test-success-001] [app.py] PDF opened successfully
[2026-09-07 17:11:16] [INFO ] [req-test-success-001] [app.py] Task started: extracting page count and metadata
[2026-09-07 17:11:16] [INFO ] [req-test-success-001] [app.py] Page count extracted: 3 page(s)
[2026-09-07 17:11:16] [INFO ] [req-test-success-001] [app.py] Basic metadata extracted: 5 field(s) populated (title, author, subject, creator, producer)
[2026-09-07 17:11:16] [INFO ] [req-test-success-001] [app.py] Task completed: Successfully processed 'sample.pdf' (3 page(s))
[2026-09-07 17:11:16] [INFO ] [req-test-success-001] [app.py] Response sent: 200 OK
[2026-09-07 17:11:16] [INFO ] [req-test-not-found-404] [app.py] Request received: request_id='req-test-not-found-404', pdf_path='missing_123.pdf'
[2026-09-07 17:11:16] [INFO ] [req-test-not-found-404] [app.py] File path validation started for 'missing_123.pdf'
[2026-09-07 17:11:16] [INFO ] [req-test-not-found-404] [app.py] Response sent: 404 Not Found
[2026-09-07 17:11:16] [INFO ] [req-test-invalid-ext] [app.py] Request received: request_id='req-test-invalid-ext', pdf_path='README.md'
[2026-09-07 17:11:16] [INFO ] [req-test-invalid-ext] [app.py] File path validation started for 'README.md'
[2026-09-07 17:11:16] [INFO ] [req-test-invalid-ext] [app.py] Response sent: 400 Bad Request
[2026-09-07 17:11:16] [INFO ] [req-test-corrupt-001] [app.py] Request received: request_id='req-test-corrupt-001', pdf_path='C:\Users\Asus\AppData\Local\Temp\pytest-of-Asus\pytest-9\test_corrupted_pdf0\corrupted.pdf'
[2026-09-07 17:11:16] [INFO ] [req-test-corrupt-001] [app.py] File path validation started for 'C:\Users\Asus\AppData\Local\Temp\pytest-of-Asus\pytest-9\test_corrupted_pdf0\corrupted.pdf'
[2026-09-07 17:11:16] [INFO ] [req-test-corrupt-001] [app.py] File path validation passed: file exists at 'C:\Users\Asus\AppData\Local\Temp\pytest-of-Asus\pytest-9\test_corrupted_pdf0\corrupted.pdf'
[2026-09-07 17:11:16] [INFO ] [req-test-corrupt-001] [app.py] Opening PDF file 'corrupted.pdf'
[2026-09-07 17:11:16] [INFO ] [req-test-corrupt-001] [app.py] Response sent: 422 Unprocessable Entity
[2026-09-07 17:11:16] [INFO ] [req-unique-id-999] [app.py] Request received: request_id='req-unique-id-999', pdf_path='sample.pdf'
[2026-09-07 17:11:16] [INFO ] [req-unique-id-999] [app.py] File path validation started for 'sample.pdf'
[2026-09-07 17:11:16] [INFO ] [req-unique-id-999] [app.py] File path validation passed: file exists at 'C:\Users\Asus\PycharmProjects\pdf_processor\sample.pdf'
[2026-09-07 17:11:16] [INFO ] [req-unique-id-999] [app.py] Opening PDF file 'sample.pdf'
[2026-09-07 17:11:16] [INFO ] [req-unique-id-999] [app.py] PDF opened successfully
[2026-09-07 17:11:16] [INFO ] [req-unique-id-999] [app.py] Task started: extracting page count and metadata
[2026-09-07 17:11:17] [INFO ] [req-unique-id-999] [app.py] Page count extracted: 3 page(s)
[2026-09-07 17:11:17] [INFO ] [req-unique-id-999] [app.py] Basic metadata extracted: 5 field(s) populated (title, author, subject, creator, producer)
[2026-09-07 17:11:17] [INFO ] [req-unique-id-999] [app.py] Task completed: Successfully processed 'sample.pdf' (3 page(s))
[2026-09-07 17:11:17] [INFO ] [req-unique-id-999] [app.py] Response sent: 200 OK
[2026-09-07 17:11:17] [INFO ] [req-unique-id-999] [app.py] Request received: request_id='req-unique-id-999', pdf_path='sample.pdf'
[2026-09-07 17:11:17] [INFO ] [req-unique-id-999] [app.py] Response sent: 409 Conflict
[2026-09-07 17:11:17] [INFO ] [1] [app.py] Request received with invalid payload: body -> request_id: Value error, Invalid request_id '1': must be a unique identifier, not simple sequential numbers like 1, 2, 3...
[2026-09-07 17:11:17] [INFO ] [1] [app.py] Response sent: 422 Unprocessable Entity
[2026-09-07 17:11:17] [INFO ] [2] [app.py] Request received with invalid payload: body -> request_id: Value error, Invalid request_id '2': must be a unique identifier, not simple sequential numbers like 1, 2, 3...
[2026-09-07 17:11:17] [INFO ] [2] [app.py] Response sent: 422 Unprocessable Entity
[2026-09-07 17:11:17] [INFO ] [3] [app.py] Request received with invalid payload: body -> request_id: Value error, Invalid request_id '3': must be a unique identifier, not simple sequential numbers like 1, 2, 3...
[2026-09-07 17:11:17] [INFO ] [3] [app.py] Response sent: 422 Unprocessable Entity
[2026-09-07 17:11:17] [INFO ] [007] [app.py] Request received with invalid payload: body -> request_id: Value error, Invalid request_id '007': must be a unique identifier, not simple sequential numbers like 1, 2, 3...
[2026-09-07 17:11:17] [INFO ] [007] [app.py] Response sent: 422 Unprocessable Entity
[2026-09-07 17:11:17] [INFO ] [req-upload-test-01] [app.py] Request received: request_id='req-upload-test-01', pdf_path='uploads\req-upload-test-01_uploaded_test.pdf'
[2026-09-07 17:11:17] [INFO ] [req-upload-test-01] [app.py] File path validation started for 'uploads\req-upload-test-01_uploaded_test.pdf'
[2026-09-07 17:11:17] [INFO ] [req-upload-test-01] [app.py] File path validation passed: file exists at 'C:\Users\Asus\PycharmProjects\pdf_processor\uploads\req-upload-test-01_uploaded_test.pdf'
[2026-09-07 17:11:17] [INFO ] [req-upload-test-01] [app.py] Opening PDF file 'req-upload-test-01_uploaded_test.pdf'
[2026-09-07 17:11:17] [INFO ] [req-upload-test-01] [app.py] PDF opened successfully
[2026-09-07 17:11:17] [INFO ] [req-upload-test-01] [app.py] Task started: extracting page count and metadata
[2026-09-07 17:11:17] [INFO ] [req-upload-test-01] [app.py] Page count extracted: 3 page(s)
[2026-09-07 17:11:17] [INFO ] [req-upload-test-01] [app.py] Basic metadata extracted: 5 field(s) populated (title, author, subject, creator, producer)
[2026-09-07 17:11:17] [INFO ] [req-upload-test-01] [app.py] Task completed: Successfully processed 'req-upload-test-01_uploaded_test.pdf' (3 page(s))
[2026-09-07 17:11:17] [INFO ] [req-upload-test-01] [app.py] Response sent: 200 OK
[2026-09-07 17:11:17] [INFO ] [req-backslash-001] [app.py] JSON body contained unescaped backslashes (Windows path); repaired automatically.
[2026-09-07 17:11:17] [INFO ] [req-backslash-001] [app.py] Request received: request_id='req-backslash-001', pdf_path='.\sample.pdf'
[2026-09-07 17:11:17] [INFO ] [req-backslash-001] [app.py] File path validation started for '.\sample.pdf'
[2026-09-07 17:11:17] [INFO ] [req-backslash-001] [app.py] File path validation passed: file exists at 'C:\Users\Asus\AppData\Local\Temp\pytest-of-Asus\pytest-9\test_process_pdf_with_unescape0\sample.pdf'
[2026-09-07 17:11:17] [INFO ] [req-backslash-001] [app.py] Opening PDF file 'sample.pdf'
[2026-09-07 17:11:17] [INFO ] [req-backslash-001] [app.py] PDF opened successfully
[2026-09-07 17:11:17] [INFO ] [req-backslash-001] [app.py] Task started: extracting page count and metadata
[2026-09-07 17:11:17] [INFO ] [req-backslash-001] [app.py] Page count extracted: 3 page(s)
[2026-09-07 17:11:17] [INFO ] [req-backslash-001] [app.py] Basic metadata extracted: 5 field(s) populated (title, author, subject, creator, producer)
[2026-09-07 17:11:17] [INFO ] [req-backslash-001] [app.py] Task completed: Successfully processed 'sample.pdf' (3 page(s))
[2026-09-07 17:11:17] [INFO ] [req-backslash-001] [app.py] Response sent: 200 OK
[2026-09-07 17:11:17] [INFO ] [INVALID_REQUEST] [app.py] Request received with invalid payload: body -> 46: JSON decode error
[2026-09-07 17:11:17] [INFO ] [INVALID_REQUEST] [app.py] Response sent: 422 Unprocessable Entity
[2026-09-07 17:11:55] [INFO ] [req-test-success-001] [app.py] Request received: request_id='req-test-success-001', pdf_path='sample.pdf'
[2026-09-07 17:11:55] [INFO ] [req-test-success-001] [app.py] File path validation started for 'sample.pdf'
[2026-09-07 17:11:55] [INFO ] [req-test-success-001] [app.py] File path validation passed: file exists at 'C:\Users\Asus\PycharmProjects\pdf_processor\sample.pdf'
[2026-09-07 17:11:55] [INFO ] [req-test-success-001] [app.py] Opening PDF file 'sample.pdf'
[2026-09-07 17:11:55] [INFO ] [req-test-success-001] [app.py] PDF opened successfully
[2026-09-07 17:11:55] [INFO ] [req-test-success-001] [app.py] Task started: extracting page count and metadata
[2026-09-07 17:11:55] [INFO ] [req-test-success-001] [app.py] Page count extracted: 3 page(s)
[2026-09-07 17:11:55] [INFO ] [req-test-success-001] [app.py] Basic metadata extracted: 5 field(s) populated (title, author, subject, creator, producer)
[2026-09-07 17:11:55] [INFO ] [req-test-success-001] [app.py] Task completed: Successfully processed 'sample.pdf' (3 page(s))
[2026-09-07 17:11:55] [INFO ] [req-test-success-001] [app.py] Response sent: 200 OK
[2026-09-07 17:11:55] [INFO ] [req-test-not-found-404] [app.py] Request received: request_id='req-test-not-found-404', pdf_path='missing_123.pdf'
[2026-09-07 17:11:55] [INFO ] [req-test-not-found-404] [app.py] File path validation started for 'missing_123.pdf'
[2026-09-07 17:11:55] [INFO ] [req-test-not-found-404] [app.py] Response sent: 404 Not Found
[2026-09-07 17:11:55] [INFO ] [req-test-invalid-ext] [app.py] Request received: request_id='req-test-invalid-ext', pdf_path='README.md'
[2026-09-07 17:11:55] [INFO ] [req-test-invalid-ext] [app.py] File path validation started for 'README.md'
[2026-09-07 17:11:55] [INFO ] [req-test-invalid-ext] [app.py] Response sent: 400 Bad Request
[2026-09-07 17:11:55] [INFO ] [req-test-corrupt-001] [app.py] Request received: request_id='req-test-corrupt-001', pdf_path='C:\Users\Asus\AppData\Local\Temp\pytest-of-Asus\pytest-10\test_corrupted_pdf0\corrupted.pdf'
[2026-09-07 17:11:55] [INFO ] [req-test-corrupt-001] [app.py] File path validation started for 'C:\Users\Asus\AppData\Local\Temp\pytest-of-Asus\pytest-10\test_corrupted_pdf0\corrupted.pdf'
[2026-09-07 17:11:55] [INFO ] [req-test-corrupt-001] [app.py] File path validation passed: file exists at 'C:\Users\Asus\AppData\Local\Temp\pytest-of-Asus\pytest-10\test_corrupted_pdf0\corrupted.pdf'
[2026-09-07 17:11:55] [INFO ] [req-test-corrupt-001] [app.py] Opening PDF file 'corrupted.pdf'
[2026-09-07 17:11:55] [INFO ] [req-test-corrupt-001] [app.py] Response sent: 422 Unprocessable Entity
[2026-09-07 17:11:56] [INFO ] [req-unique-id-999] [app.py] Request received: request_id='req-unique-id-999', pdf_path='sample.pdf'
[2026-09-07 17:11:56] [INFO ] [req-unique-id-999] [app.py] File path validation started for 'sample.pdf'
[2026-09-07 17:11:56] [INFO ] [req-unique-id-999] [app.py] File path validation passed: file exists at 'C:\Users\Asus\PycharmProjects\pdf_processor\sample.pdf'
[2026-09-07 17:11:56] [INFO ] [req-unique-id-999] [app.py] Opening PDF file 'sample.pdf'
[2026-09-07 17:11:56] [INFO ] [req-unique-id-999] [app.py] PDF opened successfully
[2026-09-07 17:11:56] [INFO ] [req-unique-id-999] [app.py] Task started: extracting page count and metadata
[2026-09-07 17:11:56] [INFO ] [req-unique-id-999] [app.py] Page count extracted: 3 page(s)
[2026-09-07 17:11:56] [INFO ] [req-unique-id-999] [app.py] Basic metadata extracted: 5 field(s) populated (title, author, subject, creator, producer)
[2026-09-07 17:11:56] [INFO ] [req-unique-id-999] [app.py] Task completed: Successfully processed 'sample.pdf' (3 page(s))
[2026-09-07 17:11:56] [INFO ] [req-unique-id-999] [app.py] Response sent: 200 OK
[2026-09-07 17:11:56] [INFO ] [req-unique-id-999] [app.py] Request received: request_id='req-unique-id-999', pdf_path='sample.pdf'
[2026-09-07 17:11:56] [INFO ] [req-unique-id-999] [app.py] Response sent: 409 Conflict
[2026-09-07 17:11:56] [INFO ] [1] [app.py] Request received with invalid payload: body -> request_id: Value error, Invalid request_id '1': must be a unique identifier, not simple sequential numbers like 1, 2, 3...
[2026-09-07 17:11:56] [INFO ] [1] [app.py] Response sent: 422 Unprocessable Entity
[2026-09-07 17:11:56] [INFO ] [2] [app.py] Request received with invalid payload: body -> request_id: Value error, Invalid request_id '2': must be a unique identifier, not simple sequential numbers like 1, 2, 3...
[2026-09-07 17:11:56] [INFO ] [2] [app.py] Response sent: 422 Unprocessable Entity
[2026-09-07 17:11:56] [INFO ] [3] [app.py] Request received with invalid payload: body -> request_id: Value error, Invalid request_id '3': must be a unique identifier, not simple sequential numbers like 1, 2, 3...
[2026-09-07 17:11:56] [INFO ] [3] [app.py] Response sent: 422 Unprocessable Entity
[2026-09-07 17:11:56] [INFO ] [007] [app.py] Request received with invalid payload: body -> request_id: Value error, Invalid request_id '007': must be a unique identifier, not simple sequential numbers like 1, 2, 3...
[2026-09-07 17:11:56] [INFO ] [007] [app.py] Response sent: 422 Unprocessable Entity
[2026-09-07 17:11:56] [INFO ] [req-upload-test-01] [app.py] Request received: request_id='req-upload-test-01', pdf_path='uploads\req-upload-test-01_uploaded_test.pdf'
[2026-09-07 17:11:56] [INFO ] [req-upload-test-01] [app.py] File path validation started for 'uploads\req-upload-test-01_uploaded_test.pdf'
[2026-09-07 17:11:56] [INFO ] [req-upload-test-01] [app.py] File path validation passed: file exists at 'C:\Users\Asus\PycharmProjects\pdf_processor\uploads\req-upload-test-01_uploaded_test.pdf'
[2026-09-07 17:11:56] [INFO ] [req-upload-test-01] [app.py] Opening PDF file 'req-upload-test-01_uploaded_test.pdf'
[2026-09-07 17:11:56] [INFO ] [req-upload-test-01] [app.py] PDF opened successfully
[2026-09-07 17:11:56] [INFO ] [req-upload-test-01] [app.py] Task started: extracting page count and metadata
[2026-09-07 17:11:56] [INFO ] [req-upload-test-01] [app.py] Page count extracted: 3 page(s)
[2026-09-07 17:11:56] [INFO ] [req-upload-test-01] [app.py] Basic metadata extracted: 5 field(s) populated (title, author, subject, creator, producer)
[2026-09-07 17:11:56] [INFO ] [req-upload-test-01] [app.py] Task completed: Successfully processed 'req-upload-test-01_uploaded_test.pdf' (3 page(s))
[2026-09-07 17:11:56] [INFO ] [req-upload-test-01] [app.py] Response sent: 200 OK
[2026-09-07 17:11:56] [INFO ] [req-backslash-001] [app.py] JSON body contained unescaped backslashes (Windows path); repaired automatically.
[2026-09-07 17:11:56] [INFO ] [req-backslash-001] [app.py] Request received: request_id='req-backslash-001', pdf_path='.\sample.pdf'
[2026-09-07 17:11:56] [INFO ] [req-backslash-001] [app.py] File path validation started for '.\sample.pdf'
[2026-09-07 17:11:56] [INFO ] [req-backslash-001] [app.py] File path validation passed: file exists at 'C:\Users\Asus\AppData\Local\Temp\pytest-of-Asus\pytest-10\test_process_pdf_with_unescape0\sample.pdf'
[2026-09-07 17:11:56] [INFO ] [req-backslash-001] [app.py] Opening PDF file 'sample.pdf'
[2026-09-07 17:11:56] [INFO ] [req-backslash-001] [app.py] PDF opened successfully
[2026-09-07 17:11:56] [INFO ] [req-backslash-001] [app.py] Task started: extracting page count and metadata
[2026-09-07 17:11:56] [INFO ] [req-backslash-001] [app.py] Page count extracted: 3 page(s)
[2026-09-07 17:11:56] [INFO ] [req-backslash-001] [app.py] Basic metadata extracted: 5 field(s) populated (title, author, subject, creator, producer)
[2026-09-07 17:11:56] [INFO ] [req-backslash-001] [app.py] Task completed: Successfully processed 'sample.pdf' (3 page(s))
[2026-09-07 17:11:56] [INFO ] [req-backslash-001] [app.py] Response sent: 200 OK
[2026-09-07 17:11:56] [INFO ] [INVALID_REQUEST] [app.py] Request received with invalid payload: body -> 46: JSON decode error
[2026-09-07 17:11:56] [INFO ] [INVALID_REQUEST] [app.py] Response sent: 422 Unprocessable Entity
[2026-09-07 17:12:36] [INFO ] [g] [app.py] JSON body contained unescaped backslashes (Windows path); repaired automatically.
[2026-09-07 17:12:36] [INFO ] [g] [app.py] Request received: request_id='g', pdf_path='C:\Users\Asus\PycharmProjects\pdf_processor\sample_pdf_for_stream_extraction.pdf'
[2026-09-07 17:12:36] [INFO ] [g] [app.py] File path validation started for 'C:\Users\Asus\PycharmProjects\pdf_processor\sample_pdf_for_stream_extraction.pdf'
[2026-09-07 17:12:36] [INFO ] [g] [app.py] File path validation passed: file exists at 'C:\Users\Asus\PycharmProjects\pdf_processor\sample_pdf_for_stream_extraction.pdf'
[2026-09-07 17:12:36] [INFO ] [g] [app.py] Opening PDF file 'sample_pdf_for_stream_extraction.pdf'
[2026-09-07 17:12:36] [INFO ] [g] [app.py] PDF opened successfully
[2026-09-07 17:12:36] [INFO ] [g] [app.py] Task started: extracting page count and metadata
[2026-09-07 17:12:36] [INFO ] [g] [app.py] Page count extracted: 1 page(s)
[2026-09-07 17:12:36] [INFO ] [g] [app.py] Basic metadata extracted: 7 field(s) populated (title, author, subject, creator, producer, creation_date, modification_date)
[2026-09-07 17:12:36] [INFO ] [g] [app.py] Task completed: Successfully processed 'sample_pdf_for_stream_extraction.pdf' (1 page(s))
[2026-09-07 17:12:36] [INFO ] [g] [app.py] Response sent: 200 OK
[2026-09-07 17:15:02] [INFO ] [req-demo-001] [app.py] Request received: request_id='req-demo-001', pdf_path='sample.pdf'
[2026-09-07 17:15:02] [INFO ] [req-demo-001] [app.py] File path validation started for 'sample.pdf'
[2026-09-07 17:15:02] [INFO ] [req-demo-001] [app.py] File path validation passed: file exists at 'C:\Users\Asus\PycharmProjects\pdf_processor\sample.pdf'
[2026-09-07 17:15:02] [INFO ] [req-demo-001] [app.py] Opening PDF file 'sample.pdf'
[2026-09-07 17:15:02] [INFO ] [req-demo-001] [app.py] PDF opened successfully
[2026-09-07 17:15:02] [INFO ] [req-demo-001] [app.py] Task started: extracting page count and metadata
[2026-09-07 17:15:02] [INFO ] [req-demo-001] [app.py] Page count extracted: 3 page(s)
[2026-09-07 17:15:02] [INFO ] [req-demo-001] [app.py] Basic metadata extracted: 5 field(s) populated (title, author, subject, creator, producer)
[2026-09-07 17:15:02] [INFO ] [req-demo-001] [app.py] Task completed: Successfully processed 'sample.pdf' (3 page(s))
[2026-09-07 17:15:02] [INFO ] [req-demo-001] [app.py] Response sent: 200 OK
[2026-09-07 17:16:27] [INFO ] [req-demo-001] [app.py] Request received: request_id='req-demo-001', pdf_path='sample_pdf_for_processing_api.pdf'
[2026-09-07 17:16:27] [INFO ] [req-demo-001] [app.py] Response sent: 409 Conflict
[2026-09-07 17:16:40] [INFO ] [req-demo-002] [app.py] Request received: request_id='req-demo-002', pdf_path='sample_pdf_for_processing_api.pdf'
[2026-09-07 17:16:40] [INFO ] [req-demo-002] [app.py] File path validation started for 'sample_pdf_for_processing_api.pdf'
[2026-09-07 17:16:40] [INFO ] [req-demo-002] [app.py] File path validation passed: file exists at 'C:\Users\Asus\PycharmProjects\pdf_processor\sample_pdf_for_processing_api.pdf'
[2026-09-07 17:16:40] [INFO ] [req-demo-002] [app.py] Opening PDF file 'sample_pdf_for_processing_api.pdf'
[2026-09-07 17:16:40] [INFO ] [req-demo-002] [app.py] PDF opened successfully
[2026-09-07 17:16:40] [INFO ] [req-demo-002] [app.py] Task started: extracting page count and metadata
[2026-09-07 17:16:40] [INFO ] [req-demo-002] [app.py] Page count extracted: 3 page(s)
[2026-09-07 17:16:40] [INFO ] [req-demo-002] [app.py] Basic metadata extracted: 7 field(s) populated (title, author, subject, creator, producer, creation_date, modification_date)
[2026-09-07 17:16:40] [INFO ] [req-demo-002] [app.py] Task completed: Successfully processed 'sample_pdf_for_processing_api.pdf' (3 page(s))
[2026-09-07 17:16:40] [INFO ] [req-demo-002] [app.py] Response sent: 200 OK
[2026-09-07 17:47:14] [INFO ] [req-mtr78c0g-w8jc] [app.py] Request received: request_id='req-mtr78c0g-w8jc', pdf_path='sample.pdf'
[2026-09-08 10:23:52] [INFO ] [req-demo-001] [app.py] Request received: request_id='req-demo-001', pdf_path='sample.pdf'
[2026-09-08 10:23:52] [INFO ] [req-demo-001] [app.py] File path validation started for 'sample.pdf'
[2026-09-08 10:23:52] [INFO ] [req-demo-001] [app.py] File path validation passed: file exists at 'C:\Users\Asus\PycharmProjects\pdf_processor\sample.pdf'
[2026-09-08 10:23:52] [INFO ] [req-demo-001] [app.py] Opening PDF file 'sample.pdf'
[2026-09-08 10:23:52] [INFO ] [req-demo-001] [app.py] PDF opened successfully
[2026-09-08 10:23:52] [INFO ] [req-demo-001] [app.py] Task started: extracting page count and metadata
[2026-09-08 10:23:52] [INFO ] [req-demo-001] [app.py] Page count extracted: 3 page(s)
[2026-09-08 10:23:52] [INFO ] [req-demo-001] [app.py] Basic metadata extracted: 5 field(s) populated (title, author, subject, creator, producer)
[2026-09-08 10:23:52] [INFO ] [req-demo-001] [app.py] Task completed: Successfully processed 'sample.pdf' (3 page(s))
[2026-09-08 10:23:52] [INFO ] [req-demo-001] [app.py] Response sent: 200 OK
[2026-09-08 10:23:57] [INFO ] [req-demo-001] [app.py] Request received: request_id='req-demo-001', pdf_path='sample.pdf'
[2026-09-08 10:23:57] [INFO ] [req-demo-001] [app.py] Response sent: 409 Conflict
[2026-09-08 10:24:08] [INFO ] [req-demo-001] [app.py] Request received: request_id='req-demo-001', pdf_path='sample.pdf'
[2026-09-08 10:24:08] [INFO ] [req-demo-001] [app.py] Response sent: 409 Conflict
[2026-09-08 10:24:11] [INFO ] [req-demo-001] [app.py] Request received: request_id='req-demo-001', pdf_path='sample.pdf'
[2026-09-08 10:24:11] [INFO ] [req-demo-001] [app.py] Response sent: 409 Conflict
[2026-09-08 10:24:49] [INFO ] [req-demo-001] [app.py] Request received: request_id='req-demo-001', pdf_path='sample.pdf'
[2026-09-08 10:24:49] [INFO ] [req-demo-001] [app.py] Response sent: 409 Conflict
[2026-09-08 10:24:53] [INFO ] [req-demo-001] [app.py] Request received: request_id='req-demo-001', pdf_path='sample.pdf'
[2026-09-08 10:24:53] [INFO ] [req-demo-001] [app.py] Response sent: 409 Conflict
[2026-09-08 11:26:01] [INFO ] [req-test-success-001] [app.py] Request received: request_id='req-test-success-001', pdf_path='sample.pdf'
[2026-09-08 11:26:01] [INFO ] [req-test-success-001] [app.py] File path validation started for 'sample.pdf'
[2026-09-08 11:26:01] [INFO ] [req-test-success-001] [app.py] File path validation passed: file exists at 'C:\Users\Asus\PycharmProjects\pdf_processor\sample.pdf'
[2026-09-08 11:26:01] [INFO ] [req-test-success-001] [app.py] Opening PDF file 'sample.pdf'
[2026-09-08 11:26:01] [INFO ] [req-test-success-001] [app.py] PDF opened successfully
[2026-09-08 11:26:01] [INFO ] [req-test-success-001] [app.py] Task started: extracting page count and metadata
[2026-09-08 11:26:01] [INFO ] [req-test-success-001] [app.py] Page count extracted: 3 page(s)
[2026-09-08 11:26:01] [INFO ] [req-test-success-001] [app.py] Basic metadata extracted: 5 field(s) populated (title, author, subject, creator, producer)
[2026-09-08 11:26:01] [INFO ] [req-test-success-001] [app.py] Task completed: Successfully processed 'sample.pdf' (3 page(s))
[2026-09-08 11:26:01] [INFO ] [req-test-success-001] [app.py] Response sent: 200 OK
[2026-09-08 11:26:01] [INFO ] [req-test-not-found-404] [app.py] Request received: request_id='req-test-not-found-404', pdf_path='missing_123.pdf'
[2026-09-08 11:26:01] [INFO ] [req-test-not-found-404] [app.py] File path validation started for 'missing_123.pdf'
[2026-09-08 11:26:01] [INFO ] [req-test-not-found-404] [app.py] Response sent: 404 Not Found
[2026-09-08 11:26:01] [INFO ] [req-test-invalid-ext] [app.py] Request received: request_id='req-test-invalid-ext', pdf_path='README.md'
[2026-09-08 11:26:01] [INFO ] [req-test-invalid-ext] [app.py] File path validation started for 'README.md'
[2026-09-08 11:26:01] [INFO ] [req-test-invalid-ext] [app.py] Response sent: 400 Bad Request
[2026-09-08 11:26:01] [INFO ] [req-test-corrupt-001] [app.py] Request received: request_id='req-test-corrupt-001', pdf_path='C:\Users\Asus\AppData\Local\Temp\pytest-of-Asus\pytest-11\test_corrupted_pdf0\corrupted.pdf'
[2026-09-08 11:26:01] [INFO ] [req-test-corrupt-001] [app.py] File path validation started for 'C:\Users\Asus\AppData\Local\Temp\pytest-of-Asus\pytest-11\test_corrupted_pdf0\corrupted.pdf'
[2026-09-08 11:26:01] [INFO ] [req-test-corrupt-001] [app.py] File path validation passed: file exists at 'C:\Users\Asus\AppData\Local\Temp\pytest-of-Asus\pytest-11\test_corrupted_pdf0\corrupted.pdf'
[2026-09-08 11:26:01] [INFO ] [req-test-corrupt-001] [app.py] Opening PDF file 'corrupted.pdf'
[2026-09-08 11:26:01] [INFO ] [req-test-corrupt-001] [app.py] Response sent: 422 Unprocessable Entity
[2026-09-08 11:26:01] [INFO ] [req-unique-id-999] [app.py] Request received: request_id='req-unique-id-999', pdf_path='sample.pdf'
[2026-09-08 11:26:01] [INFO ] [req-unique-id-999] [app.py] File path validation started for 'sample.pdf'
[2026-09-08 11:26:01] [INFO ] [req-unique-id-999] [app.py] File path validation passed: file exists at 'C:\Users\Asus\PycharmProjects\pdf_processor\sample.pdf'
[2026-09-08 11:26:01] [INFO ] [req-unique-id-999] [app.py] Opening PDF file 'sample.pdf'
[2026-09-08 11:26:01] [INFO ] [req-unique-id-999] [app.py] PDF opened successfully
[2026-09-08 11:26:01] [INFO ] [req-unique-id-999] [app.py] Task started: extracting page count and metadata
[2026-09-08 11:26:01] [INFO ] [req-unique-id-999] [app.py] Page count extracted: 3 page(s)
[2026-09-08 11:26:01] [INFO ] [req-unique-id-999] [app.py] Basic metadata extracted: 5 field(s) populated (title, author, subject, creator, producer)
[2026-09-08 11:26:01] [INFO ] [req-unique-id-999] [app.py] Task completed: Successfully processed 'sample.pdf' (3 page(s))
[2026-09-08 11:26:01] [INFO ] [req-unique-id-999] [app.py] Response sent: 200 OK
[2026-09-08 11:26:01] [INFO ] [req-unique-id-999] [app.py] Request received: request_id='req-unique-id-999', pdf_path='sample.pdf'
[2026-09-08 11:26:01] [INFO ] [req-unique-id-999] [app.py] Response sent: 409 Conflict
[2026-09-08 11:26:01] [INFO ] [1] [app.py] Request received with invalid payload: body -> request_id: Value error, Invalid request_id '1': must be a unique identifier, not simple sequential numbers like 1, 2, 3...
[2026-09-08 11:26:01] [INFO ] [1] [app.py] Response sent: 422 Unprocessable Entity
[2026-09-08 11:26:01] [INFO ] [2] [app.py] Request received with invalid payload: body -> request_id: Value error, Invalid request_id '2': must be a unique identifier, not simple sequential numbers like 1, 2, 3...
[2026-09-08 11:26:01] [INFO ] [2] [app.py] Response sent: 422 Unprocessable Entity
[2026-09-08 11:26:01] [INFO ] [3] [app.py] Request received with invalid payload: body -> request_id: Value error, Invalid request_id '3': must be a unique identifier, not simple sequential numbers like 1, 2, 3...
[2026-09-08 11:26:01] [INFO ] [3] [app.py] Response sent: 422 Unprocessable Entity
[2026-09-08 11:26:02] [INFO ] [007] [app.py] Request received with invalid payload: body -> request_id: Value error, Invalid request_id '007': must be a unique identifier, not simple sequential numbers like 1, 2, 3...
[2026-09-08 11:26:02] [INFO ] [007] [app.py] Response sent: 422 Unprocessable Entity
[2026-09-08 11:26:02] [INFO ] [req-upload-test-01] [app.py] Request received: request_id='req-upload-test-01', pdf_path='uploads\req-upload-test-01_uploaded_test.pdf'
[2026-09-08 11:26:02] [INFO ] [req-upload-test-01] [app.py] File path validation started for 'uploads\req-upload-test-01_uploaded_test.pdf'
[2026-09-08 11:26:02] [INFO ] [req-upload-test-01] [app.py] File path validation passed: file exists at 'C:\Users\Asus\PycharmProjects\pdf_processor\uploads\req-upload-test-01_uploaded_test.pdf'
[2026-09-08 11:26:02] [INFO ] [req-upload-test-01] [app.py] Opening PDF file 'req-upload-test-01_uploaded_test.pdf'
[2026-09-08 11:26:02] [INFO ] [req-upload-test-01] [app.py] PDF opened successfully
[2026-09-08 11:26:02] [INFO ] [req-upload-test-01] [app.py] Task started: extracting page count and metadata
[2026-09-08 11:26:02] [INFO ] [req-upload-test-01] [app.py] Page count extracted: 3 page(s)
[2026-09-08 11:26:02] [INFO ] [req-upload-test-01] [app.py] Basic metadata extracted: 5 field(s) populated (title, author, subject, creator, producer)
[2026-09-08 11:26:02] [INFO ] [req-upload-test-01] [app.py] Task completed: Successfully processed 'req-upload-test-01_uploaded_test.pdf' (3 page(s))
[2026-09-08 11:26:02] [INFO ] [req-upload-test-01] [app.py] Response sent: 200 OK
[2026-09-08 11:26:02] [INFO ] [req-history-001] [app.py] Request received: request_id='req-history-001', pdf_path='sample.pdf'
[2026-09-08 11:26:02] [INFO ] [req-history-001] [app.py] File path validation started for 'sample.pdf'
[2026-09-08 11:26:02] [INFO ] [req-history-001] [app.py] File path validation passed: file exists at 'C:\Users\Asus\PycharmProjects\pdf_processor\sample.pdf'
[2026-09-08 11:26:02] [INFO ] [req-history-001] [app.py] Opening PDF file 'sample.pdf'
[2026-09-08 11:26:02] [INFO ] [req-history-001] [app.py] PDF opened successfully
[2026-09-08 11:26:02] [INFO ] [req-history-001] [app.py] Task started: extracting page count and metadata
[2026-09-08 11:26:02] [INFO ] [req-history-001] [app.py] Page count extracted: 3 page(s)
[2026-09-08 11:26:02] [INFO ] [req-history-001] [app.py] Basic metadata extracted: 5 field(s) populated (title, author, subject, creator, producer)
[2026-09-08 11:26:02] [INFO ] [req-history-001] [app.py] Task completed: Successfully processed 'sample.pdf' (3 page(s))
[2026-09-08 11:26:02] [INFO ] [req-history-001] [app.py] Response sent: 200 OK
[2026-09-08 11:26:02] [INFO ] [req-history-miss] [app.py] Request received: request_id='req-history-miss', pdf_path='missing.pdf'
[2026-09-08 11:26:02] [INFO ] [req-history-miss] [app.py] File path validation started for 'missing.pdf'
[2026-09-08 11:26:02] [INFO ] [req-history-miss] [app.py] Response sent: 404 Not Found
[2026-09-08 11:26:02] [INFO ] [req-history-002] [app.py] Request received: request_id='req-history-002', pdf_path='sample.pdf'
[2026-09-08 11:26:02] [INFO ] [req-history-002] [app.py] File path validation started for 'sample.pdf'
[2026-09-08 11:26:02] [INFO ] [req-history-002] [app.py] File path validation passed: file exists at 'C:\Users\Asus\PycharmProjects\pdf_processor\sample.pdf'
[2026-09-08 11:26:02] [INFO ] [req-history-002] [app.py] Opening PDF file 'sample.pdf'
[2026-09-08 11:26:02] [INFO ] [req-history-002] [app.py] PDF opened successfully
[2026-09-08 11:26:02] [INFO ] [req-history-002] [app.py] Task started: extracting page count and metadata
[2026-09-08 11:26:02] [INFO ] [req-history-002] [app.py] Page count extracted: 3 page(s)
[2026-09-08 11:26:02] [INFO ] [req-history-002] [app.py] Basic metadata extracted: 5 field(s) populated (title, author, subject, creator, producer)
[2026-09-08 11:26:02] [INFO ] [req-history-002] [app.py] Task completed: Successfully processed 'sample.pdf' (3 page(s))
[2026-09-08 11:26:02] [INFO ] [req-history-002] [app.py] Response sent: 200 OK
[2026-09-08 11:26:02] [INFO ] [req-history-api] [app.py] Request received: request_id='req-history-api', pdf_path='sample.pdf'
[2026-09-08 11:26:02] [INFO ] [req-history-api] [app.py] File path validation started for 'sample.pdf'
[2026-09-08 11:26:02] [INFO ] [req-history-api] [app.py] File path validation passed: file exists at 'C:\Users\Asus\PycharmProjects\pdf_processor\sample.pdf'
[2026-09-08 11:26:02] [INFO ] [req-history-api] [app.py] Opening PDF file 'sample.pdf'
[2026-09-08 11:26:02] [INFO ] [req-history-api] [app.py] PDF opened successfully
[2026-09-08 11:26:02] [INFO ] [req-history-api] [app.py] Task started: extracting page count and metadata
[2026-09-08 11:26:02] [INFO ] [req-history-api] [app.py] Page count extracted: 3 page(s)
[2026-09-08 11:26:02] [INFO ] [req-history-api] [app.py] Basic metadata extracted: 5 field(s) populated (title, author, subject, creator, producer)
[2026-09-08 11:26:02] [INFO ] [req-history-api] [app.py] Task completed: Successfully processed 'sample.pdf' (3 page(s))
[2026-09-08 11:26:02] [INFO ] [req-history-api] [app.py] Response sent: 200 OK
[2026-09-08 11:26:02] [INFO ] [req-backslash-001] [app.py] JSON body contained unescaped backslashes (Windows path); repaired automatically.
[2026-09-08 11:26:02] [INFO ] [req-backslash-001] [app.py] Request received: request_id='req-backslash-001', pdf_path='.\sample.pdf'
[2026-09-08 11:26:02] [INFO ] [req-backslash-001] [app.py] File path validation started for '.\sample.pdf'
[2026-09-08 11:26:02] [INFO ] [req-backslash-001] [app.py] File path validation passed: file exists at 'C:\Users\Asus\AppData\Local\Temp\pytest-of-Asus\pytest-11\test_process_pdf_with_unescape0\sample.pdf'
[2026-09-08 11:26:02] [INFO ] [req-backslash-001] [app.py] Opening PDF file 'sample.pdf'
[2026-09-08 11:26:02] [INFO ] [req-backslash-001] [app.py] PDF opened successfully
[2026-09-08 11:26:02] [INFO ] [req-backslash-001] [app.py] Task started: extracting page count and metadata
[2026-09-08 11:26:02] [INFO ] [req-backslash-001] [app.py] Page count extracted: 3 page(s)
[2026-09-08 11:26:02] [INFO ] [req-backslash-001] [app.py] Basic metadata extracted: 5 field(s) populated (title, author, subject, creator, producer)
[2026-09-08 11:26:02] [INFO ] [req-backslash-001] [app.py] Task completed: Successfully processed 'sample.pdf' (3 page(s))
[2026-09-08 11:26:02] [INFO ] [req-backslash-001] [app.py] Response sent: 200 OK
[2026-09-08 11:26:02] [INFO ] [INVALID_REQUEST] [app.py] Request received with invalid payload: body -> 46: JSON decode error
[2026-09-08 11:26:02] [INFO ] [INVALID_REQUEST] [app.py] Response sent: 422 Unprocessable Entity
[2026-09-08 11:28:18] [INFO ] [req-mts9dbdh-l66g] [app.py] Request received: request_id='req-mts9dbdh-l66g', pdf_path='uploads\req-mts9dbdh-l66g_sample_pdf_for_stream_extraction.pdf'
[2026-09-08 11:28:18] [INFO ] [req-mts9dbdh-l66g] [app.py] File path validation started for 'uploads\req-mts9dbdh-l66g_sample_pdf_for_stream_extraction.pdf'
[2026-09-08 11:28:18] [INFO ] [req-mts9dbdh-l66g] [app.py] File path validation passed: file exists at 'C:\Users\Asus\PycharmProjects\pdf_processor\uploads\req-mts9dbdh-l66g_sample_pdf_for_stream_extraction.pdf'
[2026-09-08 11:28:18] [INFO ] [req-mts9dbdh-l66g] [app.py] Opening PDF file 'req-mts9dbdh-l66g_sample_pdf_for_stream_extraction.pdf'
[2026-09-08 11:28:18] [INFO ] [req-mts9dbdh-l66g] [app.py] PDF opened successfully
[2026-09-08 11:28:18] [INFO ] [req-mts9dbdh-l66g] [app.py] Task started: extracting page count and metadata
[2026-09-08 11:28:18] [INFO ] [req-mts9dbdh-l66g] [app.py] Page count extracted: 1 page(s)
[2026-09-08 11:28:18] [INFO ] [req-mts9dbdh-l66g] [app.py] Basic metadata extracted: 7 field(s) populated (title, author, subject, creator, producer, creation_date, modification_date)
[2026-09-08 11:28:18] [INFO ] [req-mts9dbdh-l66g] [app.py] Task completed: Successfully processed 'req-mts9dbdh-l66g_sample_pdf_for_stream_extraction.pdf' (1 page(s))
[2026-09-08 11:28:18] [INFO ] [req-mts9dbdh-l66g] [app.py] Response sent: 200 OK
[2026-09-08 11:29:35] [INFO ] [req-mts9dbdh-l66g] [app.py] Request received: request_id='req-mts9dbdh-l66g', pdf_path='uploads\req-mts9dbdh-l66g_sample_pdf_for_stream_extraction.pdf'
[2026-09-08 11:29:35] [INFO ] [req-mts9dbdh-l66g] [app.py] Response sent: 409 Conflict
[2026-09-08 11:30:01] [INFO ] [req-mts9dbdh-l66g] [app.py] Request received: request_id='req-mts9dbdh-l66g', pdf_path='uploads\req-mts9dbdh-l66g_sample_pdf_for_stream_extraction.pdf'
[2026-09-08 11:30:01] [INFO ] [req-mts9dbdh-l66g] [app.py] Response sent: 409 Conflict
[2026-09-08 11:33:01] [INFO ] [req-mts9j8bx-ve8c] [app.py] Request received: request_id='req-mts9j8bx-ve8c', pdf_path='sample.pdf'
[2026-09-08 11:33:01] [INFO ] [req-mts9j8bx-ve8c] [app.py] File path validation started for 'sample.pdf'
[2026-09-08 11:33:01] [INFO ] [req-mts9j8bx-ve8c] [app.py] File path validation passed: file exists at 'C:\Users\Asus\PycharmProjects\pdf_processor\sample.pdf'
[2026-09-08 11:33:01] [INFO ] [req-mts9j8bx-ve8c] [app.py] Opening PDF file 'sample.pdf'
[2026-09-08 11:33:01] [INFO ] [req-mts9j8bx-ve8c] [app.py] PDF opened successfully
[2026-09-08 11:33:01] [INFO ] [req-mts9j8bx-ve8c] [app.py] Task started: extracting page count and metadata
[2026-09-08 11:33:01] [INFO ] [req-mts9j8bx-ve8c] [app.py] Page count extracted: 3 page(s)
[2026-09-08 11:33:01] [INFO ] [req-mts9j8bx-ve8c] [app.py] Basic metadata extracted: 5 field(s) populated (title, author, subject, creator, producer)
[2026-09-08 11:33:01] [INFO ] [req-mts9j8bx-ve8c] [app.py] Task completed: Successfully processed 'sample.pdf' (3 page(s))
[2026-09-08 11:33:01] [INFO ] [req-mts9j8bx-ve8c] [app.py] Response sent: 200 OK
[2026-09-08 14:01:07] [INFO ] [req-test-success-001] [app.py] Request received: request_id='req-test-success-001', pdf_path='sample.pdf'
[2026-09-08 14:01:07] [INFO ] [req-test-success-001] [app.py] File path validation started for 'sample.pdf'
[2026-09-08 14:01:07] [INFO ] [req-test-success-001] [app.py] File path validation passed: file exists at 'C:\Users\Asus\PycharmProjects\pdf_processor\sample.pdf'
[2026-09-08 14:01:07] [INFO ] [req-test-success-001] [app.py] Opening PDF file 'sample.pdf'
[2026-09-08 14:01:07] [INFO ] [req-test-success-001] [app.py] PDF opened successfully
[2026-09-08 14:01:07] [INFO ] [req-test-success-001] [app.py] Task started: extracting page count and metadata
[2026-09-08 14:01:07] [INFO ] [req-test-success-001] [app.py] Page count extracted: 3 page(s)
[2026-09-08 14:01:07] [INFO ] [req-test-success-001] [app.py] Basic metadata extracted: 5 field(s) populated (title, author, subject, creator, producer)
[2026-09-08 14:01:07] [INFO ] [req-test-success-001] [app.py] Task completed: Successfully processed 'sample.pdf' (3 page(s))
[2026-09-08 14:01:07] [INFO ] [req-test-success-001] [app.py] Response sent: 200 OK
[2026-09-08 14:01:07] [INFO ] [req-test-not-found-404] [app.py] Request received: request_id='req-test-not-found-404', pdf_path='missing_123.pdf'
[2026-09-08 14:01:07] [INFO ] [req-test-not-found-404] [app.py] File path validation started for 'missing_123.pdf'
[2026-09-08 14:01:07] [INFO ] [req-test-not-found-404] [app.py] Response sent: 404 Not Found
[2026-09-08 14:01:07] [INFO ] [req-test-invalid-ext] [app.py] Request received: request_id='req-test-invalid-ext', pdf_path='README.md'
[2026-09-08 14:01:07] [INFO ] [req-test-invalid-ext] [app.py] File path validation started for 'README.md'
[2026-09-08 14:01:07] [INFO ] [req-test-invalid-ext] [app.py] Response sent: 400 Bad Request
[2026-09-08 14:01:07] [INFO ] [req-test-corrupt-001] [app.py] Request received: request_id='req-test-corrupt-001', pdf_path='C:\Users\Asus\AppData\Local\Temp\pytest-of-Asus\pytest-12\test_corrupted_pdf0\corrupted.pdf'
[2026-09-08 14:01:07] [INFO ] [req-test-corrupt-001] [app.py] File path validation started for 'C:\Users\Asus\AppData\Local\Temp\pytest-of-Asus\pytest-12\test_corrupted_pdf0\corrupted.pdf'
[2026-09-08 14:01:07] [INFO ] [req-test-corrupt-001] [app.py] File path validation passed: file exists at 'C:\Users\Asus\AppData\Local\Temp\pytest-of-Asus\pytest-12\test_corrupted_pdf0\corrupted.pdf'
[2026-09-08 14:01:07] [INFO ] [req-test-corrupt-001] [app.py] Opening PDF file 'corrupted.pdf'
[2026-09-08 14:01:07] [INFO ] [req-test-corrupt-001] [app.py] Response sent: 422 Unprocessable Entity
[2026-09-08 14:01:07] [INFO ] [req-unique-id-999] [app.py] Request received: request_id='req-unique-id-999', pdf_path='sample.pdf'
[2026-09-08 14:01:07] [INFO ] [req-unique-id-999] [app.py] File path validation started for 'sample.pdf'
[2026-09-08 14:01:07] [INFO ] [req-unique-id-999] [app.py] File path validation passed: file exists at 'C:\Users\Asus\PycharmProjects\pdf_processor\sample.pdf'
[2026-09-08 14:01:07] [INFO ] [req-unique-id-999] [app.py] Opening PDF file 'sample.pdf'
[2026-09-08 14:01:07] [INFO ] [req-unique-id-999] [app.py] PDF opened successfully
[2026-09-08 14:01:07] [INFO ] [req-unique-id-999] [app.py] Task started: extracting page count and metadata
[2026-09-08 14:01:07] [INFO ] [req-unique-id-999] [app.py] Page count extracted: 3 page(s)
[2026-09-08 14:01:07] [INFO ] [req-unique-id-999] [app.py] Basic metadata extracted: 5 field(s) populated (title, author, subject, creator, producer)
[2026-09-08 14:01:07] [INFO ] [req-unique-id-999] [app.py] Task completed: Successfully processed 'sample.pdf' (3 page(s))
[2026-09-08 14:01:07] [INFO ] [req-unique-id-999] [app.py] Response sent: 200 OK
[2026-09-08 14:01:07] [INFO ] [req-unique-id-999] [app.py] Request received: request_id='req-unique-id-999', pdf_path='sample.pdf'
[2026-09-08 14:01:07] [INFO ] [req-unique-id-999] [app.py] Response sent: 409 Conflict
[2026-09-08 14:01:07] [INFO ] [1] [app.py] Request received with invalid payload: body -> request_id: Value error, Invalid request_id '1': must be a unique identifier, not simple sequential numbers like 1, 2, 3...
[2026-09-08 14:01:07] [INFO ] [1] [app.py] Response sent: 422 Unprocessable Entity
[2026-09-08 14:01:07] [INFO ] [2] [app.py] Request received with invalid payload: body -> request_id: Value error, Invalid request_id '2': must be a unique identifier, not simple sequential numbers like 1, 2, 3...
[2026-09-08 14:01:07] [INFO ] [2] [app.py] Response sent: 422 Unprocessable Entity
[2026-09-08 14:01:07] [INFO ] [3] [app.py] Request received with invalid payload: body -> request_id: Value error, Invalid request_id '3': must be a unique identifier, not simple sequential numbers like 1, 2, 3...
[2026-09-08 14:01:07] [INFO ] [3] [app.py] Response sent: 422 Unprocessable Entity
[2026-09-08 14:01:07] [INFO ] [007] [app.py] Request received with invalid payload: body -> request_id: Value error, Invalid request_id '007': must be a unique identifier, not simple sequential numbers like 1, 2, 3...
[2026-09-08 14:01:07] [INFO ] [007] [app.py] Response sent: 422 Unprocessable Entity
[2026-09-08 14:01:07] [INFO ] [req-history-001] [app.py] Request received: request_id='req-history-001', pdf_path='sample.pdf'
[2026-09-08 14:01:07] [INFO ] [req-history-001] [app.py] File path validation started for 'sample.pdf'
[2026-09-08 14:01:07] [INFO ] [req-history-001] [app.py] File path validation passed: file exists at 'C:\Users\Asus\PycharmProjects\pdf_processor\sample.pdf'
[2026-09-08 14:01:07] [INFO ] [req-history-001] [app.py] Opening PDF file 'sample.pdf'
[2026-09-08 14:01:07] [INFO ] [req-history-001] [app.py] PDF opened successfully
[2026-09-08 14:01:07] [INFO ] [req-history-001] [app.py] Task started: extracting page count and metadata
[2026-09-08 14:01:07] [INFO ] [req-history-001] [app.py] Page count extracted: 3 page(s)
[2026-09-08 14:01:07] [INFO ] [req-history-001] [app.py] Basic metadata extracted: 5 field(s) populated (title, author, subject, creator, producer)
[2026-09-08 14:01:07] [INFO ] [req-history-001] [app.py] Task completed: Successfully processed 'sample.pdf' (3 page(s))
[2026-09-08 14:01:07] [INFO ] [req-history-001] [app.py] Response sent: 200 OK
[2026-09-08 14:01:07] [INFO ] [req-history-miss] [app.py] Request received: request_id='req-history-miss', pdf_path='missing.pdf'
[2026-09-08 14:01:07] [INFO ] [req-history-miss] [app.py] File path validation started for 'missing.pdf'
[2026-09-08 14:01:07] [INFO ] [req-history-miss] [app.py] Response sent: 404 Not Found
[2026-09-08 14:01:07] [INFO ] [req-history-002] [app.py] Request received: request_id='req-history-002', pdf_path='sample.pdf'
[2026-09-08 14:01:07] [INFO ] [req-history-002] [app.py] File path validation started for 'sample.pdf'
[2026-09-08 14:01:07] [INFO ] [req-history-002] [app.py] File path validation passed: file exists at 'C:\Users\Asus\PycharmProjects\pdf_processor\sample.pdf'
[2026-09-08 14:01:07] [INFO ] [req-history-002] [app.py] Opening PDF file 'sample.pdf'
[2026-09-08 14:01:07] [INFO ] [req-history-002] [app.py] PDF opened successfully
[2026-09-08 14:01:07] [INFO ] [req-history-002] [app.py] Task started: extracting page count and metadata
[2026-09-08 14:01:07] [INFO ] [req-history-002] [app.py] Page count extracted: 3 page(s)
[2026-09-08 14:01:07] [INFO ] [req-history-002] [app.py] Basic metadata extracted: 5 field(s) populated (title, author, subject, creator, producer)
[2026-09-08 14:01:07] [INFO ] [req-history-002] [app.py] Task completed: Successfully processed 'sample.pdf' (3 page(s))
[2026-09-08 14:01:07] [INFO ] [req-history-002] [app.py] Response sent: 200 OK
[2026-09-08 14:01:07] [INFO ] [req-backslash-001] [app.py] JSON body contained unescaped backslashes (Windows path); repaired automatically.
[2026-09-08 14:01:07] [INFO ] [req-backslash-001] [app.py] Request received: request_id='req-backslash-001', pdf_path='.\sample.pdf'
[2026-09-08 14:01:07] [INFO ] [req-backslash-001] [app.py] File path validation started for '.\sample.pdf'
[2026-09-08 14:01:07] [INFO ] [req-backslash-001] [app.py] File path validation passed: file exists at 'C:\Users\Asus\AppData\Local\Temp\pytest-of-Asus\pytest-12\test_process_pdf_with_unescape0\sample.pdf'
[2026-09-08 14:01:07] [INFO ] [req-backslash-001] [app.py] Opening PDF file 'sample.pdf'
[2026-09-08 14:01:07] [INFO ] [req-backslash-001] [app.py] PDF opened successfully
[2026-09-08 14:01:07] [INFO ] [req-backslash-001] [app.py] Task started: extracting page count and metadata
[2026-09-08 14:01:07] [INFO ] [req-backslash-001] [app.py] Page count extracted: 3 page(s)
[2026-09-08 14:01:07] [INFO ] [req-backslash-001] [app.py] Basic metadata extracted: 5 field(s) populated (title, author, subject, creator, producer)
[2026-09-08 14:01:07] [INFO ] [req-backslash-001] [app.py] Task completed: Successfully processed 'sample.pdf' (3 page(s))
[2026-09-08 14:01:07] [INFO ] [req-backslash-001] [app.py] Response sent: 200 OK
[2026-09-08 14:01:07] [INFO ] [INVALID_REQUEST] [app.py] Request received with invalid payload: body -> 46: JSON decode error
[2026-09-08 14:01:07] [INFO ] [INVALID_REQUEST] [app.py] Response sent: 422 Unprocessable Entity
[2026-09-08 14:02:15] [INFO ] [req-test-success-001] [app.py] Request received: request_id='req-test-success-001', pdf_path='sample.pdf'
[2026-09-08 14:02:15] [INFO ] [req-test-success-001] [app.py] File path validation started for 'sample.pdf'
[2026-09-08 14:02:15] [INFO ] [req-test-success-001] [app.py] File path validation passed: file exists at 'C:\Users\Asus\PycharmProjects\pdf_processor\sample.pdf'
[2026-09-08 14:02:15] [INFO ] [req-test-success-001] [app.py] Opening PDF file 'sample.pdf'
[2026-09-08 14:02:15] [INFO ] [req-test-success-001] [app.py] PDF opened successfully
[2026-09-08 14:02:15] [INFO ] [req-test-success-001] [app.py] Task started: extracting page count and metadata
[2026-09-08 14:02:15] [INFO ] [req-test-success-001] [app.py] Page count extracted: 3 page(s)
[2026-09-08 14:02:15] [INFO ] [req-test-success-001] [app.py] Basic metadata extracted: 5 field(s) populated (title, author, subject, creator, producer)
[2026-09-08 14:02:15] [INFO ] [req-test-success-001] [app.py] Task completed: Successfully processed 'sample.pdf' (3 page(s))
[2026-09-08 14:02:15] [INFO ] [req-test-success-001] [app.py] Response sent: 200 OK
[2026-09-08 14:02:15] [INFO ] [req-test-not-found-404] [app.py] Request received: request_id='req-test-not-found-404', pdf_path='missing_123.pdf'
[2026-09-08 14:02:15] [INFO ] [req-test-not-found-404] [app.py] File path validation started for 'missing_123.pdf'
[2026-09-08 14:02:15] [INFO ] [req-test-not-found-404] [app.py] Response sent: 404 Not Found
[2026-09-08 14:02:15] [INFO ] [req-test-invalid-ext] [app.py] Request received: request_id='req-test-invalid-ext', pdf_path='README.md'
[2026-09-08 14:02:15] [INFO ] [req-test-invalid-ext] [app.py] File path validation started for 'README.md'
[2026-09-08 14:02:15] [INFO ] [req-test-invalid-ext] [app.py] Response sent: 400 Bad Request
[2026-09-08 14:02:15] [INFO ] [req-test-corrupt-001] [app.py] Request received: request_id='req-test-corrupt-001', pdf_path='C:\Users\Asus\AppData\Local\Temp\pytest-of-Asus\pytest-13\test_corrupted_pdf0\corrupted.pdf'
[2026-09-08 14:02:15] [INFO ] [req-test-corrupt-001] [app.py] File path validation started for 'C:\Users\Asus\AppData\Local\Temp\pytest-of-Asus\pytest-13\test_corrupted_pdf0\corrupted.pdf'
[2026-09-08 14:02:15] [INFO ] [req-test-corrupt-001] [app.py] File path validation passed: file exists at 'C:\Users\Asus\AppData\Local\Temp\pytest-of-Asus\pytest-13\test_corrupted_pdf0\corrupted.pdf'
[2026-09-08 14:02:15] [INFO ] [req-test-corrupt-001] [app.py] Opening PDF file 'corrupted.pdf'
[2026-09-08 14:02:15] [INFO ] [req-test-corrupt-001] [app.py] Response sent: 422 Unprocessable Entity
[2026-09-08 14:02:15] [INFO ] [req-unique-id-999] [app.py] Request received: request_id='req-unique-id-999', pdf_path='sample.pdf'
[2026-09-08 14:02:15] [INFO ] [req-unique-id-999] [app.py] File path validation started for 'sample.pdf'
[2026-09-08 14:02:15] [INFO ] [req-unique-id-999] [app.py] File path validation passed: file exists at 'C:\Users\Asus\PycharmProjects\pdf_processor\sample.pdf'
[2026-09-08 14:02:15] [INFO ] [req-unique-id-999] [app.py] Opening PDF file 'sample.pdf'
[2026-09-08 14:02:15] [INFO ] [req-unique-id-999] [app.py] PDF opened successfully
[2026-09-08 14:02:15] [INFO ] [req-unique-id-999] [app.py] Task started: extracting page count and metadata
[2026-09-08 14:02:15] [INFO ] [req-unique-id-999] [app.py] Page count extracted: 3 page(s)
[2026-09-08 14:02:15] [INFO ] [req-unique-id-999] [app.py] Basic metadata extracted: 5 field(s) populated (title, author, subject, creator, producer)
[2026-09-08 14:02:15] [INFO ] [req-unique-id-999] [app.py] Task completed: Successfully processed 'sample.pdf' (3 page(s))
[2026-09-08 14:02:15] [INFO ] [req-unique-id-999] [app.py] Response sent: 200 OK
[2026-09-08 14:02:15] [INFO ] [req-unique-id-999] [app.py] Request received: request_id='req-unique-id-999', pdf_path='sample.pdf'
[2026-09-08 14:02:15] [INFO ] [req-unique-id-999] [app.py] Response sent: 409 Conflict
[2026-09-08 14:02:15] [INFO ] [1] [app.py] Request received with invalid payload: body -> request_id: Value error, Invalid request_id '1': must be a unique identifier, not simple sequential numbers like 1, 2, 3...
[2026-09-08 14:02:15] [INFO ] [1] [app.py] Response sent: 422 Unprocessable Entity
[2026-09-08 14:02:15] [INFO ] [2] [app.py] Request received with invalid payload: body -> request_id: Value error, Invalid request_id '2': must be a unique identifier, not simple sequential numbers like 1, 2, 3...
[2026-09-08 14:02:15] [INFO ] [2] [app.py] Response sent: 422 Unprocessable Entity
[2026-09-08 14:02:15] [INFO ] [3] [app.py] Request received with invalid payload: body -> request_id: Value error, Invalid request_id '3': must be a unique identifier, not simple sequential numbers like 1, 2, 3...
[2026-09-08 14:02:15] [INFO ] [3] [app.py] Response sent: 422 Unprocessable Entity
[2026-09-08 14:02:15] [INFO ] [007] [app.py] Request received with invalid payload: body -> request_id: Value error, Invalid request_id '007': must be a unique identifier, not simple sequential numbers like 1, 2, 3...
[2026-09-08 14:02:15] [INFO ] [007] [app.py] Response sent: 422 Unprocessable Entity
[2026-09-08 14:02:15] [INFO ] [req-history-001] [app.py] Request received: request_id='req-history-001', pdf_path='sample.pdf'
[2026-09-08 14:02:15] [INFO ] [req-history-001] [app.py] File path validation started for 'sample.pdf'
[2026-09-08 14:02:15] [INFO ] [req-history-001] [app.py] File path validation passed: file exists at 'C:\Users\Asus\PycharmProjects\pdf_processor\sample.pdf'
[2026-09-08 14:02:15] [INFO ] [req-history-001] [app.py] Opening PDF file 'sample.pdf'
[2026-09-08 14:02:15] [INFO ] [req-history-001] [app.py] PDF opened successfully
[2026-09-08 14:02:15] [INFO ] [req-history-001] [app.py] Task started: extracting page count and metadata
[2026-09-08 14:02:15] [INFO ] [req-history-001] [app.py] Page count extracted: 3 page(s)
[2026-09-08 14:02:15] [INFO ] [req-history-001] [app.py] Basic metadata extracted: 5 field(s) populated (title, author, subject, creator, producer)
[2026-09-08 14:02:15] [INFO ] [req-history-001] [app.py] Task completed: Successfully processed 'sample.pdf' (3 page(s))
[2026-09-08 14:02:15] [INFO ] [req-history-001] [app.py] Response sent: 200 OK
[2026-09-08 14:02:15] [INFO ] [req-history-miss] [app.py] Request received: request_id='req-history-miss', pdf_path='missing.pdf'
[2026-09-08 14:02:15] [INFO ] [req-history-miss] [app.py] File path validation started for 'missing.pdf'
[2026-09-08 14:02:15] [INFO ] [req-history-miss] [app.py] Response sent: 404 Not Found
[2026-09-08 14:02:15] [INFO ] [req-history-002] [app.py] Request received: request_id='req-history-002', pdf_path='sample.pdf'
[2026-09-08 14:02:15] [INFO ] [req-history-002] [app.py] File path validation started for 'sample.pdf'
[2026-09-08 14:02:15] [INFO ] [req-history-002] [app.py] File path validation passed: file exists at 'C:\Users\Asus\PycharmProjects\pdf_processor\sample.pdf'
[2026-09-08 14:02:15] [INFO ] [req-history-002] [app.py] Opening PDF file 'sample.pdf'
[2026-09-08 14:02:15] [INFO ] [req-history-002] [app.py] PDF opened successfully
[2026-09-08 14:02:15] [INFO ] [req-history-002] [app.py] Task started: extracting page count and metadata
[2026-09-08 14:02:15] [INFO ] [req-history-002] [app.py] Page count extracted: 3 page(s)
[2026-09-08 14:02:15] [INFO ] [req-history-002] [app.py] Basic metadata extracted: 5 field(s) populated (title, author, subject, creator, producer)
[2026-09-08 14:02:15] [INFO ] [req-history-002] [app.py] Task completed: Successfully processed 'sample.pdf' (3 page(s))
[2026-09-08 14:02:15] [INFO ] [req-history-002] [app.py] Response sent: 200 OK
[2026-09-08 14:02:15] [INFO ] [req-backslash-001] [app.py] JSON body contained unescaped backslashes (Windows path); repaired automatically.
[2026-09-08 14:02:15] [INFO ] [req-backslash-001] [app.py] Request received: request_id='req-backslash-001', pdf_path='.\sample.pdf'
[2026-09-08 14:02:15] [INFO ] [req-backslash-001] [app.py] File path validation started for '.\sample.pdf'
[2026-09-08 14:02:15] [INFO ] [req-backslash-001] [app.py] File path validation passed: file exists at 'C:\Users\Asus\AppData\Local\Temp\pytest-of-Asus\pytest-13\test_process_pdf_with_unescape0\sample.pdf'
[2026-09-08 14:02:15] [INFO ] [req-backslash-001] [app.py] Opening PDF file 'sample.pdf'
[2026-09-08 14:02:15] [INFO ] [req-backslash-001] [app.py] PDF opened successfully
[2026-09-08 14:02:15] [INFO ] [req-backslash-001] [app.py] Task started: extracting page count and metadata
[2026-09-08 14:02:15] [INFO ] [req-backslash-001] [app.py] Page count extracted: 3 page(s)
[2026-09-08 14:02:15] [INFO ] [req-backslash-001] [app.py] Basic metadata extracted: 5 field(s) populated (title, author, subject, creator, producer)
[2026-09-08 14:02:15] [INFO ] [req-backslash-001] [app.py] Task completed: Successfully processed 'sample.pdf' (3 page(s))
[2026-09-08 14:02:15] [INFO ] [req-backslash-001] [app.py] Response sent: 200 OK
[2026-09-08 14:02:15] [INFO ] [INVALID_REQUEST] [app.py] Request received with invalid payload: body -> 46: JSON decode error
[2026-09-08 14:02:15] [INFO ] [INVALID_REQUEST] [app.py] Response sent: 422 Unprocessable Entity
[2026-09-08 14:04:51] [INFO ] [req-mtsey2hc-migk] [app.py] Request received: request_id='req-mtsey2hc-migk', pdf_path='sample.pdf'
[2026-09-08 14:04:51] [INFO ] [req-mtsey2hc-migk] [app.py] File path validation started for 'sample.pdf'
[2026-09-08 14:04:51] [INFO ] [req-mtsey2hc-migk] [app.py] File path validation passed: file exists at 'C:\Users\Asus\PycharmProjects\pdf_processor\sample.pdf'
[2026-09-08 14:04:51] [INFO ] [req-mtsey2hc-migk] [app.py] Opening PDF file 'sample.pdf'
[2026-09-08 14:04:51] [INFO ] [req-mtsey2hc-migk] [app.py] PDF opened successfully
[2026-09-08 14:04:51] [INFO ] [req-mtsey2hc-migk] [app.py] Task started: extracting page count and metadata
[2026-09-08 14:04:51] [INFO ] [req-mtsey2hc-migk] [app.py] Page count extracted: 3 page(s)
[2026-09-08 14:04:51] [INFO ] [req-mtsey2hc-migk] [app.py] Basic metadata extracted: 5 field(s) populated (title, author, subject, creator, producer)
[2026-09-08 14:04:51] [INFO ] [req-mtsey2hc-migk] [app.py] Task completed: Successfully processed 'sample.pdf' (3 page(s))
[2026-09-08 14:04:51] [INFO ] [req-mtsey2hc-migk] [app.py] Response sent: 200 OK
[2026-09-08 14:10:03] [INFO ] [req-mtsf5gzq-u6ee] [app.py] Request received: request_id='req-mtsf5gzq-u6ee', pdf_path='sample_pdf_for_stream_extraction.pdf'
[2026-09-08 14:10:03] [INFO ] [req-mtsf5gzq-u6ee] [app.py] File path validation started for 'sample_pdf_for_stream_extraction.pdf'
[2026-09-08 14:10:03] [INFO ] [req-mtsf5gzq-u6ee] [app.py] File path validation passed: file exists at 'C:\Users\Asus\PycharmProjects\pdf_processor\sample_pdf_for_stream_extraction.pdf'
[2026-09-08 14:10:03] [INFO ] [req-mtsf5gzq-u6ee] [app.py] Opening PDF file 'sample_pdf_for_stream_extraction.pdf'
[2026-09-08 14:10:03] [INFO ] [req-mtsf5gzq-u6ee] [app.py] PDF opened successfully
[2026-09-08 14:10:03] [INFO ] [req-mtsf5gzq-u6ee] [app.py] Task started: extracting page count and metadata
[2026-09-08 14:10:03] [INFO ] [req-mtsf5gzq-u6ee] [app.py] Page count extracted: 1 page(s)
[2026-09-08 14:10:03] [INFO ] [req-mtsf5gzq-u6ee] [app.py] Basic metadata extracted: 7 field(s) populated (title, author, subject, creator, producer, creation_date, modification_date)
[2026-09-08 14:10:03] [INFO ] [req-mtsf5gzq-u6ee] [app.py] Task completed: Successfully processed 'sample_pdf_for_stream_extraction.pdf' (1 page(s))
[2026-09-08 14:10:03] [INFO ] [req-mtsf5gzq-u6ee] [app.py] Response sent: 200 OK
[2026-09-08 14:10:08] [INFO ] [req-mtsf5gzq-u6ee] [app.py] Request received: request_id='req-mtsf5gzq-u6ee', pdf_path='sample_pdf_for_stream_extraction.pdf'
[2026-09-08 14:10:08] [INFO ] [req-mtsf5gzq-u6ee] [app.py] Response sent: 409 Conflict
[2026-09-08 14:10:38] [INFO ] [req-mtsf68zb-9e8w] [app.py] Request received: request_id='req-mtsf68zb-9e8w', pdf_path='sample_pdf_for_processing_api.pdf'
[2026-09-08 14:10:38] [INFO ] [req-mtsf68zb-9e8w] [app.py] File path validation started for 'sample_pdf_for_processing_api.pdf'
[2026-09-08 14:10:38] [INFO ] [req-mtsf68zb-9e8w] [app.py] File path validation passed: file exists at 'C:\Users\Asus\PycharmProjects\pdf_processor\sample_pdf_for_processing_api.pdf'
[2026-09-08 14:10:38] [INFO ] [req-mtsf68zb-9e8w] [app.py] Opening PDF file 'sample_pdf_for_processing_api.pdf'
[2026-09-08 14:10:38] [INFO ] [req-mtsf68zb-9e8w] [app.py] PDF opened successfully
[2026-09-08 14:10:38] [INFO ] [req-mtsf68zb-9e8w] [app.py] Task started: extracting page count and metadata
[2026-09-08 14:10:38] [INFO ] [req-mtsf68zb-9e8w] [app.py] Page count extracted: 3 page(s)
[2026-09-08 14:10:38] [INFO ] [req-mtsf68zb-9e8w] [app.py] Basic metadata extracted: 7 field(s) populated (title, author, subject, creator, producer, creation_date, modification_date)
[2026-09-08 14:10:38] [INFO ] [req-mtsf68zb-9e8w] [app.py] Task completed: Successfully processed 'sample_pdf_for_processing_api.pdf' (3 page(s))
[2026-09-08 14:10:38] [INFO ] [req-mtsf68zb-9e8w] [app.py] Response sent: 200 OK
[2026-09-08 15:24:58] [INFO ] [1a08596d-2d4b-43f3-9143-2e0add2bdf98] [app.py] Request received: request_id='1a08596d-2d4b-43f3-9143-2e0add2bdf98', pdf_path='sample_pdf_for_stream_extraction.pdf'
[2026-09-08 15:24:58] [INFO ] [1a08596d-2d4b-43f3-9143-2e0add2bdf98] [app.py] File path validation started for 'sample_pdf_for_stream_extraction.pdf'
[2026-09-08 15:24:58] [INFO ] [1a08596d-2d4b-43f3-9143-2e0add2bdf98] [app.py] File path validation passed: file exists at 'C:\Users\Asus\PycharmProjects\pdf_processor\sample_pdf_for_stream_extraction.pdf'
[2026-09-08 15:24:58] [INFO ] [1a08596d-2d4b-43f3-9143-2e0add2bdf98] [app.py] Opening PDF file 'sample_pdf_for_stream_extraction.pdf'
[2026-09-08 15:24:58] [INFO ] [1a08596d-2d4b-43f3-9143-2e0add2bdf98] [app.py] PDF opened successfully
[2026-09-08 15:24:58] [INFO ] [1a08596d-2d4b-43f3-9143-2e0add2bdf98] [app.py] Task started: extracting page count and metadata
[2026-09-08 15:24:58] [INFO ] [1a08596d-2d4b-43f3-9143-2e0add2bdf98] [app.py] Page count extracted: 1 page(s)
[2026-09-08 15:24:58] [INFO ] [1a08596d-2d4b-43f3-9143-2e0add2bdf98] [app.py] Basic metadata extracted: 7 field(s) populated (title, author, subject, creator, producer, creation_date, modification_date)
[2026-09-08 15:24:58] [INFO ] [1a08596d-2d4b-43f3-9143-2e0add2bdf98] [app.py] Task completed: Successfully processed 'sample_pdf_for_stream_extraction.pdf' (1 page(s))
[2026-09-08 15:24:58] [INFO ] [1a08596d-2d4b-43f3-9143-2e0add2bdf98] [app.py] Response sent: 200 OK
[2026-09-08 15:25:05] [INFO ] [1a08596d-2d4b-43f3-9143-2e0add2bdf98] [app.py] Request received: request_id='1a08596d-2d4b-43f3-9143-2e0add2bdf98', pdf_path='sample.pdf'
[2026-09-08 15:25:05] [INFO ] [1a08596d-2d4b-43f3-9143-2e0add2bdf98] [app.py] Response sent: 409 Conflict
[2026-09-08 16:05:42] [INFO ] [67ed6791-251d-4891-91dc-c94edb01047b] [app.py] Request received: request_id='67ed6791-251d-4891-91dc-c94edb01047b', pdf_path='sample_pdf_for_stream_extraction.pdf'
[2026-09-08 16:05:42] [INFO ] [67ed6791-251d-4891-91dc-c94edb01047b] [app.py] File path validation started for 'sample_pdf_for_stream_extraction.pdf'
[2026-09-08 16:05:42] [INFO ] [67ed6791-251d-4891-91dc-c94edb01047b] [app.py] File path validation passed: file exists at 'C:\Users\Asus\PycharmProjects\pdf_processor\sample_pdf_for_stream_extraction.pdf'
[2026-09-08 16:05:42] [INFO ] [67ed6791-251d-4891-91dc-c94edb01047b] [app.py] Opening PDF file 'sample_pdf_for_stream_extraction.pdf'
[2026-09-08 16:05:42] [INFO ] [67ed6791-251d-4891-91dc-c94edb01047b] [app.py] PDF opened successfully
[2026-09-08 16:05:42] [INFO ] [67ed6791-251d-4891-91dc-c94edb01047b] [app.py] Task started: extracting page count and metadata
[2026-09-08 16:05:42] [INFO ] [67ed6791-251d-4891-91dc-c94edb01047b] [app.py] Page count extracted: 1 page(s)
[2026-09-08 16:05:42] [INFO ] [67ed6791-251d-4891-91dc-c94edb01047b] [app.py] Basic metadata extracted: 7 field(s) populated (title, author, subject, creator, producer, creation_date, modification_date)
[2026-09-08 16:05:42] [INFO ] [67ed6791-251d-4891-91dc-c94edb01047b] [app.py] Task completed: Successfully processed 'sample_pdf_for_stream_extraction.pdf' (1 page(s))
[2026-09-08 16:05:42] [INFO ] [67ed6791-251d-4891-91dc-c94edb01047b] [app.py] Response sent: 200 OK
[2026-09-08 16:06:29] [INFO ] [req-demo-947] [app.py] Request received: request_id='req-demo-947', pdf_path='sample.pdf'
[2026-09-08 16:06:29] [INFO ] [req-demo-947] [app.py] File path validation started for 'sample.pdf'
[2026-09-08 16:06:29] [INFO ] [req-demo-947] [app.py] File path validation passed: file exists at 'C:\Users\Asus\PycharmProjects\pdf_processor\sample.pdf'
[2026-09-08 16:06:29] [INFO ] [req-demo-947] [app.py] Opening PDF file 'sample.pdf'
[2026-09-08 16:06:29] [INFO ] [req-demo-947] [app.py] PDF opened successfully
[2026-09-08 16:06:29] [INFO ] [req-demo-947] [app.py] Task started: extracting page count and metadata
[2026-09-08 16:06:29] [INFO ] [req-demo-947] [app.py] Page count extracted: 3 page(s)
[2026-09-08 16:06:29] [INFO ] [req-demo-947] [app.py] Basic metadata extracted: 5 field(s) populated (title, author, subject, creator, producer)
[2026-09-08 16:06:29] [INFO ] [req-demo-947] [app.py] Task completed: Successfully processed 'sample.pdf' (3 page(s))
[2026-09-08 16:06:29] [INFO ] [req-demo-947] [app.py] Response sent: 200 OK
[2026-09-08 16:06:31] [INFO ] [req-demo-947] [app.py] Request received: request_id='req-demo-947', pdf_path='sample.pdf'
[2026-09-08 16:06:31] [INFO ] [req-demo-947] [app.py] Response sent: 409 Conflict
[2026-09-08 16:09:39] [INFO ] [req-demo-949] [app.py] Request received: request_id='req-demo-949', pdf_path='sample.pdf'
[2026-09-08 16:09:39] [INFO ] [req-demo-949] [app.py] File path validation started for 'sample.pdf'
[2026-09-08 16:09:39] [INFO ] [req-demo-949] [app.py] File path validation passed: file exists at 'C:\Users\Asus\PycharmProjects\pdf_processor\sample.pdf'
[2026-09-08 16:09:39] [INFO ] [req-demo-949] [app.py] Opening PDF file 'sample.pdf'
[2026-09-08 16:09:39] [INFO ] [req-demo-949] [app.py] PDF opened successfully
[2026-09-08 16:09:39] [INFO ] [req-demo-949] [app.py] Task started: extracting page count and metadata
[2026-09-08 16:09:39] [INFO ] [req-demo-949] [app.py] Page count extracted: 3 page(s)
[2026-09-08 16:09:39] [INFO ] [req-demo-949] [app.py] Basic metadata extracted: 5 field(s) populated (title, author, subject, creator, producer)
[2026-09-08 16:09:39] [INFO ] [req-demo-949] [app.py] Task completed: Successfully processed 'sample.pdf' (3 page(s))
[2026-09-08 16:09:40] [INFO ] [req-demo-949] [app.py] Response sent: 200 OK
[2026-09-08 16:17:33] [INFO ] [req-demo-99] [app.py] Request received: request_id='req-demo-99', pdf_path='sample.pdf'
[2026-09-08 16:17:33] [INFO ] [req-demo-99] [app.py] File path validation started for 'sample.pdf'
[2026-09-08 16:17:33] [INFO ] [req-demo-99] [app.py] File path validation passed: file exists at 'C:\Users\Asus\PycharmProjects\pdf_processor\sample.pdf'
[2026-09-08 16:17:33] [INFO ] [req-demo-99] [app.py] Opening PDF file 'sample.pdf'
[2026-09-08 16:17:33] [INFO ] [req-demo-99] [app.py] PDF opened successfully
[2026-09-08 16:17:33] [INFO ] [req-demo-99] [app.py] Task started: extracting page count and metadata
[2026-09-08 16:17:33] [INFO ] [req-demo-99] [app.py] Page count extracted: 3 page(s)
[2026-09-08 16:17:33] [INFO ] [req-demo-99] [app.py] Basic metadata extracted: 5 field(s) populated (title, author, subject, creator, producer)
[2026-09-08 16:17:33] [INFO ] [req-demo-99] [app.py] Task completed: Successfully processed 'sample.pdf' (3 page(s))
[2026-09-08 16:17:33] [INFO ] [req-demo-99] [app.py] Response sent: 200 OK
[2026-09-08 17:10:48] [INFO ] [req-test-success-001] [app.py] Request received: request_id='req-test-success-001', pdf_path='sample.pdf'
[2026-09-08 17:10:48] [INFO ] [req-test-success-001] [app.py] File path validation started for 'sample.pdf'
[2026-09-08 17:10:48] [INFO ] [req-test-success-001] [app.py] File path validation passed: file exists at 'C:\Users\Asus\PycharmProjects\pdf_processor\sample.pdf'
[2026-09-08 17:10:48] [INFO ] [req-test-success-001] [app.py] Opening PDF file 'sample.pdf'
[2026-09-08 17:10:48] [INFO ] [req-test-success-001] [app.py] PDF opened successfully
[2026-09-08 17:10:48] [INFO ] [req-test-success-001] [app.py] Task started: extracting page count and metadata
[2026-09-08 17:10:48] [INFO ] [req-test-success-001] [app.py] Page count extracted: 3 page(s)
[2026-09-08 17:10:48] [INFO ] [req-test-success-001] [app.py] Basic metadata extracted: 5 field(s) populated (title, author, subject, creator, producer)
[2026-09-08 17:10:48] [INFO ] [req-test-success-001] [app.py] Task completed: Successfully processed 'sample.pdf' (3 page(s))
[2026-09-08 17:10:48] [INFO ] [req-test-success-001] [app.py] Response sent: 200 OK
[2026-09-08 17:10:48] [INFO ] [req-test-not-found-404] [app.py] Request received: request_id='req-test-not-found-404', pdf_path='missing_123.pdf'
[2026-09-08 17:10:48] [INFO ] [req-test-not-found-404] [app.py] File path validation started for 'missing_123.pdf'
[2026-09-08 17:10:48] [INFO ] [req-test-not-found-404] [app.py] Response sent: 404 Not Found
[2026-09-08 17:10:48] [INFO ] [req-test-invalid-ext] [app.py] Request received: request_id='req-test-invalid-ext', pdf_path='README.md'
[2026-09-08 17:10:48] [INFO ] [req-test-invalid-ext] [app.py] File path validation started for 'README.md'
[2026-09-08 17:10:48] [INFO ] [req-test-invalid-ext] [app.py] Response sent: 400 Bad Request
[2026-09-08 17:10:48] [INFO ] [req-test-corrupt-001] [app.py] Request received: request_id='req-test-corrupt-001', pdf_path='C:\Users\Asus\AppData\Local\Temp\pytest-of-Asus\pytest-14\test_corrupted_pdf0\corrupted.pdf'
[2026-09-08 17:10:48] [INFO ] [req-test-corrupt-001] [app.py] File path validation started for 'C:\Users\Asus\AppData\Local\Temp\pytest-of-Asus\pytest-14\test_corrupted_pdf0\corrupted.pdf'
[2026-09-08 17:10:48] [INFO ] [req-test-corrupt-001] [app.py] File path validation passed: file exists at 'C:\Users\Asus\AppData\Local\Temp\pytest-of-Asus\pytest-14\test_corrupted_pdf0\corrupted.pdf'
[2026-09-08 17:10:48] [INFO ] [req-test-corrupt-001] [app.py] Opening PDF file 'corrupted.pdf'
[2026-09-08 17:10:48] [INFO ] [req-test-corrupt-001] [app.py] Response sent: 422 Unprocessable Entity
[2026-09-08 17:10:48] [INFO ] [req-unique-id-999] [app.py] Request received: request_id='req-unique-id-999', pdf_path='sample.pdf'
[2026-09-08 17:10:48] [INFO ] [req-unique-id-999] [app.py] File path validation started for 'sample.pdf'
[2026-09-08 17:10:48] [INFO ] [req-unique-id-999] [app.py] File path validation passed: file exists at 'C:\Users\Asus\PycharmProjects\pdf_processor\sample.pdf'
[2026-09-08 17:10:48] [INFO ] [req-unique-id-999] [app.py] Opening PDF file 'sample.pdf'
[2026-09-08 17:10:48] [INFO ] [req-unique-id-999] [app.py] PDF opened successfully
[2026-09-08 17:10:48] [INFO ] [req-unique-id-999] [app.py] Task started: extracting page count and metadata
[2026-09-08 17:10:48] [INFO ] [req-unique-id-999] [app.py] Page count extracted: 3 page(s)
[2026-09-08 17:10:48] [INFO ] [req-unique-id-999] [app.py] Basic metadata extracted: 5 field(s) populated (title, author, subject, creator, producer)
[2026-09-08 17:10:48] [INFO ] [req-unique-id-999] [app.py] Task completed: Successfully processed 'sample.pdf' (3 page(s))
[2026-09-08 17:10:48] [INFO ] [req-unique-id-999] [app.py] Response sent: 200 OK
[2026-09-08 17:10:48] [INFO ] [req-unique-id-999] [app.py] Request received: request_id='req-unique-id-999', pdf_path='sample.pdf'
[2026-09-08 17:10:48] [INFO ] [req-unique-id-999] [app.py] Response sent: 409 Conflict
[2026-09-08 17:10:48] [INFO ] [1] [app.py] Request received with invalid payload: body -> request_id: Value error, Invalid request_id '1': must be a unique identifier, not simple sequential numbers like 1, 2, 3...
[2026-09-08 17:10:48] [INFO ] [1] [app.py] Response sent: 422 Unprocessable Entity
[2026-09-08 17:10:48] [INFO ] [2] [app.py] Request received with invalid payload: body -> request_id: Value error, Invalid request_id '2': must be a unique identifier, not simple sequential numbers like 1, 2, 3...
[2026-09-08 17:10:48] [INFO ] [2] [app.py] Response sent: 422 Unprocessable Entity
[2026-09-08 17:10:48] [INFO ] [3] [app.py] Request received with invalid payload: body -> request_id: Value error, Invalid request_id '3': must be a unique identifier, not simple sequential numbers like 1, 2, 3...
[2026-09-08 17:10:48] [INFO ] [3] [app.py] Response sent: 422 Unprocessable Entity
[2026-09-08 17:10:48] [INFO ] [007] [app.py] Request received with invalid payload: body -> request_id: Value error, Invalid request_id '007': must be a unique identifier, not simple sequential numbers like 1, 2, 3...
[2026-09-08 17:10:48] [INFO ] [007] [app.py] Response sent: 422 Unprocessable Entity
[2026-09-08 17:10:48] [INFO ] [req-history-001] [app.py] Request received: request_id='req-history-001', pdf_path='sample.pdf'
[2026-09-08 17:10:48] [INFO ] [req-history-001] [app.py] File path validation started for 'sample.pdf'
[2026-09-08 17:10:48] [INFO ] [req-history-001] [app.py] File path validation passed: file exists at 'C:\Users\Asus\PycharmProjects\pdf_processor\sample.pdf'
[2026-09-08 17:10:48] [INFO ] [req-history-001] [app.py] Opening PDF file 'sample.pdf'
[2026-09-08 17:10:48] [INFO ] [req-history-001] [app.py] PDF opened successfully
[2026-09-08 17:10:48] [INFO ] [req-history-001] [app.py] Task started: extracting page count and metadata
[2026-09-08 17:10:48] [INFO ] [req-history-001] [app.py] Page count extracted: 3 page(s)
[2026-09-08 17:10:48] [INFO ] [req-history-001] [app.py] Basic metadata extracted: 5 field(s) populated (title, author, subject, creator, producer)
[2026-09-08 17:10:48] [INFO ] [req-history-001] [app.py] Task completed: Successfully processed 'sample.pdf' (3 page(s))
[2026-09-08 17:10:48] [INFO ] [req-history-001] [app.py] Response sent: 200 OK
[2026-09-08 17:10:48] [INFO ] [req-history-miss] [app.py] Request received: request_id='req-history-miss', pdf_path='missing.pdf'
[2026-09-08 17:10:48] [INFO ] [req-history-miss] [app.py] File path validation started for 'missing.pdf'
[2026-09-08 17:10:48] [INFO ] [req-history-miss] [app.py] Response sent: 404 Not Found
[2026-09-08 17:10:48] [INFO ] [req-history-002] [app.py] Request received: request_id='req-history-002', pdf_path='sample.pdf'
[2026-09-08 17:10:48] [INFO ] [req-history-002] [app.py] File path validation started for 'sample.pdf'
[2026-09-08 17:10:48] [INFO ] [req-history-002] [app.py] File path validation passed: file exists at 'C:\Users\Asus\PycharmProjects\pdf_processor\sample.pdf'
[2026-09-08 17:10:48] [INFO ] [req-history-002] [app.py] Opening PDF file 'sample.pdf'
[2026-09-08 17:10:48] [INFO ] [req-history-002] [app.py] PDF opened successfully
[2026-09-08 17:10:48] [INFO ] [req-history-002] [app.py] Task started: extracting page count and metadata
[2026-09-08 17:10:48] [INFO ] [req-history-002] [app.py] Page count extracted: 3 page(s)
[2026-09-08 17:10:48] [INFO ] [req-history-002] [app.py] Basic metadata extracted: 5 field(s) populated (title, author, subject, creator, producer)
[2026-09-08 17:10:48] [INFO ] [req-history-002] [app.py] Task completed: Successfully processed 'sample.pdf' (3 page(s))
[2026-09-08 17:10:48] [INFO ] [req-history-002] [app.py] Response sent: 200 OK
[2026-09-08 17:10:48] [INFO ] [req-backslash-001] [app.py] JSON body contained unescaped backslashes (Windows path); repaired automatically.
[2026-09-08 17:10:48] [INFO ] [req-backslash-001] [app.py] Request received: request_id='req-backslash-001', pdf_path='.\sample.pdf'
[2026-09-08 17:10:48] [INFO ] [req-backslash-001] [app.py] File path validation started for '.\sample.pdf'
[2026-09-08 17:10:48] [INFO ] [req-backslash-001] [app.py] File path validation passed: file exists at 'C:\Users\Asus\AppData\Local\Temp\pytest-of-Asus\pytest-14\test_process_pdf_with_unescape0\sample.pdf'
[2026-09-08 17:10:48] [INFO ] [req-backslash-001] [app.py] Opening PDF file 'sample.pdf'
[2026-09-08 17:10:48] [INFO ] [req-backslash-001] [app.py] PDF opened successfully
[2026-09-08 17:10:48] [INFO ] [req-backslash-001] [app.py] Task started: extracting page count and metadata
[2026-09-08 17:10:48] [INFO ] [req-backslash-001] [app.py] Page count extracted: 3 page(s)
[2026-09-08 17:10:48] [INFO ] [req-backslash-001] [app.py] Basic metadata extracted: 5 field(s) populated (title, author, subject, creator, producer)
[2026-09-08 17:10:48] [INFO ] [req-backslash-001] [app.py] Task completed: Successfully processed 'sample.pdf' (3 page(s))
[2026-09-08 17:10:48] [INFO ] [req-backslash-001] [app.py] Response sent: 200 OK
[2026-09-08 17:10:48] [INFO ] [INVALID_REQUEST] [app.py] Request received with invalid payload: body -> 46: JSON decode error
[2026-09-08 17:10:48] [INFO ] [INVALID_REQUEST] [app.py] Response sent: 422 Unprocessable Entity
[2026-09-08 17:20:22] [INFO ] [req-test-success-001] [app.py] Request received: request_id='req-test-success-001', pdf_path='sample.pdf'
[2026-09-08 17:20:22] [INFO ] [req-test-success-001] [app.py] File path validation started for 'sample.pdf'
[2026-09-08 17:20:22] [INFO ] [req-test-success-001] [app.py] File path validation passed: file exists at 'C:\Users\Asus\PycharmProjects\pdf_processor\sample.pdf'
[2026-09-08 17:20:22] [INFO ] [req-test-success-001] [app.py] Opening PDF file 'sample.pdf'
[2026-09-08 17:20:22] [INFO ] [req-test-success-001] [app.py] PDF opened successfully
[2026-09-08 17:20:22] [INFO ] [req-test-success-001] [app.py] Task started: extracting page count and metadata
[2026-09-08 17:20:22] [INFO ] [req-test-success-001] [app.py] Page count extracted: 3 page(s)
[2026-09-08 17:20:22] [INFO ] [req-test-success-001] [app.py] Basic metadata extracted: 5 field(s) populated (title, author, subject, creator, producer)
[2026-09-08 17:20:22] [INFO ] [req-test-success-001] [app.py] Task completed: Successfully processed 'sample.pdf' (3 page(s))
[2026-09-08 17:20:22] [INFO ] [req-test-success-001] [app.py] Response sent: 200 OK
[2026-09-08 17:20:22] [INFO ] [req-test-not-found-404] [app.py] Request received: request_id='req-test-not-found-404', pdf_path='missing_123.pdf'
[2026-09-08 17:20:22] [INFO ] [req-test-not-found-404] [app.py] File path validation started for 'missing_123.pdf'
[2026-09-08 17:20:22] [INFO ] [req-test-not-found-404] [app.py] Response sent: 404 Not Found
[2026-09-08 17:20:22] [INFO ] [req-test-invalid-ext] [app.py] Request received: request_id='req-test-invalid-ext', pdf_path='README.md'
[2026-09-08 17:20:22] [INFO ] [req-test-invalid-ext] [app.py] File path validation started for 'README.md'
[2026-09-08 17:20:22] [INFO ] [req-test-invalid-ext] [app.py] Response sent: 400 Bad Request
[2026-09-08 17:20:23] [INFO ] [req-test-corrupt-001] [app.py] Request received: request_id='req-test-corrupt-001', pdf_path='C:\Users\Asus\AppData\Local\Temp\pytest-of-Asus\pytest-15\test_corrupted_pdf0\corrupted.pdf'
[2026-09-08 17:20:23] [INFO ] [req-test-corrupt-001] [app.py] File path validation started for 'C:\Users\Asus\AppData\Local\Temp\pytest-of-Asus\pytest-15\test_corrupted_pdf0\corrupted.pdf'
[2026-09-08 17:20:23] [INFO ] [req-test-corrupt-001] [app.py] File path validation passed: file exists at 'C:\Users\Asus\AppData\Local\Temp\pytest-of-Asus\pytest-15\test_corrupted_pdf0\corrupted.pdf'
[2026-09-08 17:20:23] [INFO ] [req-test-corrupt-001] [app.py] Opening PDF file 'corrupted.pdf'
[2026-09-08 17:20:23] [INFO ] [req-test-corrupt-001] [app.py] Response sent: 422 Unprocessable Entity
[2026-09-08 17:20:23] [INFO ] [req-unique-id-999] [app.py] Request received: request_id='req-unique-id-999', pdf_path='sample.pdf'
[2026-09-08 17:20:23] [INFO ] [req-unique-id-999] [app.py] File path validation started for 'sample.pdf'
[2026-09-08 17:20:23] [INFO ] [req-unique-id-999] [app.py] File path validation passed: file exists at 'C:\Users\Asus\PycharmProjects\pdf_processor\sample.pdf'
[2026-09-08 17:20:23] [INFO ] [req-unique-id-999] [app.py] Opening PDF file 'sample.pdf'
[2026-09-08 17:20:23] [INFO ] [req-unique-id-999] [app.py] PDF opened successfully
[2026-09-08 17:20:23] [INFO ] [req-unique-id-999] [app.py] Task started: extracting page count and metadata
[2026-09-08 17:20:23] [INFO ] [req-unique-id-999] [app.py] Page count extracted: 3 page(s)
[2026-09-08 17:20:23] [INFO ] [req-unique-id-999] [app.py] Basic metadata extracted: 5 field(s) populated (title, author, subject, creator, producer)
[2026-09-08 17:20:23] [INFO ] [req-unique-id-999] [app.py] Task completed: Successfully processed 'sample.pdf' (3 page(s))
[2026-09-08 17:20:23] [INFO ] [req-unique-id-999] [app.py] Response sent: 200 OK
[2026-09-08 17:20:23] [INFO ] [req-unique-id-999] [app.py] Request received: request_id='req-unique-id-999', pdf_path='sample.pdf'
[2026-09-08 17:20:23] [INFO ] [req-unique-id-999] [app.py] Response sent: 409 Conflict
[2026-09-08 17:20:23] [INFO ] [1] [app.py] Request received with invalid payload: body -> request_id: Value error, Invalid request_id '1': must be a unique identifier, not simple sequential numbers like 1, 2, 3...
[2026-09-08 17:20:23] [INFO ] [1] [app.py] Response sent: 422 Unprocessable Entity
[2026-09-08 17:20:23] [INFO ] [2] [app.py] Request received with invalid payload: body -> request_id: Value error, Invalid request_id '2': must be a unique identifier, not simple sequential numbers like 1, 2, 3...
[2026-09-08 17:20:23] [INFO ] [2] [app.py] Response sent: 422 Unprocessable Entity
[2026-09-08 17:20:23] [INFO ] [3] [app.py] Request received with invalid payload: body -> request_id: Value error, Invalid request_id '3': must be a unique identifier, not simple sequential numbers like 1, 2, 3...
[2026-09-08 17:20:23] [INFO ] [3] [app.py] Response sent: 422 Unprocessable Entity
[2026-09-08 17:20:23] [INFO ] [007] [app.py] Request received with invalid payload: body -> request_id: Value error, Invalid request_id '007': must be a unique identifier, not simple sequential numbers like 1, 2, 3...
[2026-09-08 17:20:23] [INFO ] [007] [app.py] Response sent: 422 Unprocessable Entity
[2026-09-08 17:20:23] [INFO ] [req-history-001] [app.py] Request received: request_id='req-history-001', pdf_path='sample.pdf'
[2026-09-08 17:20:23] [INFO ] [req-history-001] [app.py] File path validation started for 'sample.pdf'
[2026-09-08 17:20:23] [INFO ] [req-history-001] [app.py] File path validation passed: file exists at 'C:\Users\Asus\PycharmProjects\pdf_processor\sample.pdf'
[2026-09-08 17:20:23] [INFO ] [req-history-001] [app.py] Opening PDF file 'sample.pdf'
[2026-09-08 17:20:23] [INFO ] [req-history-001] [app.py] PDF opened successfully
[2026-09-08 17:20:23] [INFO ] [req-history-001] [app.py] Task started: extracting page count and metadata
[2026-09-08 17:20:23] [INFO ] [req-history-001] [app.py] Page count extracted: 3 page(s)
[2026-09-08 17:20:23] [INFO ] [req-history-001] [app.py] Basic metadata extracted: 5 field(s) populated (title, author, subject, creator, producer)
[2026-09-08 17:20:23] [INFO ] [req-history-001] [app.py] Task completed: Successfully processed 'sample.pdf' (3 page(s))
[2026-09-08 17:20:23] [INFO ] [req-history-001] [app.py] Response sent: 200 OK
[2026-09-08 17:20:23] [INFO ] [req-history-miss] [app.py] Request received: request_id='req-history-miss', pdf_path='missing.pdf'
[2026-09-08 17:20:23] [INFO ] [req-history-miss] [app.py] File path validation started for 'missing.pdf'
[2026-09-08 17:20:23] [INFO ] [req-history-miss] [app.py] Response sent: 404 Not Found
[2026-09-08 17:20:23] [INFO ] [req-history-002] [app.py] Request received: request_id='req-history-002', pdf_path='sample.pdf'
[2026-09-08 17:20:23] [INFO ] [req-history-002] [app.py] File path validation started for 'sample.pdf'
[2026-09-08 17:20:23] [INFO ] [req-history-002] [app.py] File path validation passed: file exists at 'C:\Users\Asus\PycharmProjects\pdf_processor\sample.pdf'
[2026-09-08 17:20:23] [INFO ] [req-history-002] [app.py] Opening PDF file 'sample.pdf'
[2026-09-08 17:20:23] [INFO ] [req-history-002] [app.py] PDF opened successfully
[2026-09-08 17:20:23] [INFO ] [req-history-002] [app.py] Task started: extracting page count and metadata
[2026-09-08 17:20:23] [INFO ] [req-history-002] [app.py] Page count extracted: 3 page(s)
[2026-09-08 17:20:23] [INFO ] [req-history-002] [app.py] Basic metadata extracted: 5 field(s) populated (title, author, subject, creator, producer)
[2026-09-08 17:20:23] [INFO ] [req-history-002] [app.py] Task completed: Successfully processed 'sample.pdf' (3 page(s))
[2026-09-08 17:20:23] [INFO ] [req-history-002] [app.py] Response sent: 200 OK
[2026-09-08 17:20:23] [INFO ] [req-backslash-001] [app.py] JSON body contained unescaped backslashes (Windows path); repaired automatically.
[2026-09-08 17:20:23] [INFO ] [req-backslash-001] [app.py] Request received: request_id='req-backslash-001', pdf_path='.\sample.pdf'
[2026-09-08 17:20:23] [INFO ] [req-backslash-001] [app.py] File path validation started for '.\sample.pdf'
[2026-09-08 17:20:23] [INFO ] [req-backslash-001] [app.py] File path validation passed: file exists at 'C:\Users\Asus\AppData\Local\Temp\pytest-of-Asus\pytest-15\test_process_pdf_with_unescape0\sample.pdf'
[2026-09-08 17:20:23] [INFO ] [req-backslash-001] [app.py] Opening PDF file 'sample.pdf'
[2026-09-08 17:20:23] [INFO ] [req-backslash-001] [app.py] PDF opened successfully
[2026-09-08 17:20:23] [INFO ] [req-backslash-001] [app.py] Task started: extracting page count and metadata
[2026-09-08 17:20:23] [INFO ] [req-backslash-001] [app.py] Page count extracted: 3 page(s)
[2026-09-08 17:20:23] [INFO ] [req-backslash-001] [app.py] Basic metadata extracted: 5 field(s) populated (title, author, subject, creator, producer)
[2026-09-08 17:20:23] [INFO ] [req-backslash-001] [app.py] Task completed: Successfully processed 'sample.pdf' (3 page(s))
[2026-09-08 17:20:23] [INFO ] [req-backslash-001] [app.py] Response sent: 200 OK
[2026-09-08 17:20:23] [INFO ] [INVALID_REQUEST] [app.py] Request received with invalid payload: body -> 46: JSON decode error
[2026-09-08 17:20:23] [INFO ] [INVALID_REQUEST] [app.py] Response sent: 422 Unprocessable Entity
[2026-09-09 11:21:31] [INFO ] [req-demo-001] [app.py] Request received: request_id='req-demo-001', pdf_path='sample.pdf'
[2026-09-09 11:21:31] [INFO ] [req-demo-001] [app.py] File path validation started for 'sample.pdf'
[2026-09-09 11:21:31] [INFO ] [req-demo-001] [app.py] File path validation passed: file exists at 'C:\Users\Asus\PycharmProjects\pdf_processor\sample.pdf'
[2026-09-09 11:21:31] [INFO ] [req-demo-001] [app.py] Opening PDF file 'sample.pdf'
[2026-09-09 11:21:31] [INFO ] [req-demo-001] [app.py] PDF opened successfully
[2026-09-09 11:21:31] [INFO ] [req-demo-001] [app.py] Task started: extracting page count and metadata
[2026-09-09 11:21:31] [INFO ] [req-demo-001] [app.py] Page count extracted: 3 page(s)
[2026-09-09 11:21:31] [INFO ] [req-demo-001] [app.py] Basic metadata extracted: 5 field(s) populated (title, author, subject, creator, producer)
[2026-09-09 11:21:31] [INFO ] [req-demo-001] [app.py] Task completed: Successfully processed 'sample.pdf' (3 page(s))
[2026-09-09 11:21:31] [INFO ] [req-demo-001] [app.py] Response sent: 200 OK
[2026-09-09 11:21:42] [INFO ] [req-demo-001] [app.py] Request received: request_id='req-demo-001', pdf_path='sample.pdf'
[2026-09-09 11:21:42] [INFO ] [req-demo-001] [app.py] Response sent: 409 Conflict
[2026-09-09 11:22:00] [INFO ] [req-demo-453] [app.py] Request received: request_id='req-demo-453', pdf_path='sample.pdf'
[2026-09-09 11:22:00] [INFO ] [req-demo-453] [app.py] File path validation started for 'sample.pdf'
[2026-09-09 11:22:00] [INFO ] [req-demo-453] [app.py] File path validation passed: file exists at 'C:\Users\Asus\PycharmProjects\pdf_processor\sample.pdf'
[2026-09-09 11:22:00] [INFO ] [req-demo-453] [app.py] Opening PDF file 'sample.pdf'
[2026-09-09 11:22:00] [INFO ] [req-demo-453] [app.py] PDF opened successfully
[2026-09-09 11:22:00] [INFO ] [req-demo-453] [app.py] Task started: extracting page count and metadata
[2026-09-09 11:22:00] [INFO ] [req-demo-453] [app.py] Page count extracted: 3 page(s)
[2026-09-09 11:22:00] [INFO ] [req-demo-453] [app.py] Basic metadata extracted: 5 field(s) populated (title, author, subject, creator, producer)
[2026-09-09 11:22:00] [INFO ] [req-demo-453] [app.py] Task completed: Successfully processed 'sample.pdf' (3 page(s))
[2026-09-09 11:22:00] [INFO ] [req-demo-453] [app.py] Response sent: 200 OK
[2026-09-09 11:22:02] [INFO ] [req-demo-453] [app.py] Request received: request_id='req-demo-453', pdf_path='sample.pdf'
[2026-09-09 11:22:02] [INFO ] [req-demo-453] [app.py] Response sent: 409 Conflict
[2026-09-09 11:25:27] [INFO ] [req-test-success-001] [app.py] Request received: request_id='req-test-success-001', pdf_path='sample.pdf'
[2026-09-09 11:25:27] [INFO ] [req-test-success-001] [app.py] File path validation started for 'sample.pdf'
[2026-09-09 11:25:27] [INFO ] [req-test-success-001] [app.py] File path validation passed: file exists at 'C:\Users\Asus\PycharmProjects\pdf_processor\sample.pdf'
[2026-09-09 11:25:27] [INFO ] [req-test-success-001] [app.py] Opening PDF file 'sample.pdf'
[2026-09-09 11:25:27] [INFO ] [req-test-success-001] [app.py] PDF opened successfully
[2026-09-09 11:25:27] [INFO ] [req-test-success-001] [app.py] Task started: extracting page count and metadata
[2026-09-09 11:25:27] [INFO ] [req-test-success-001] [app.py] Page count extracted: 3 page(s)
[2026-09-09 11:25:27] [INFO ] [req-test-success-001] [app.py] Basic metadata extracted: 5 field(s) populated (title, author, subject, creator, producer)
[2026-09-09 11:25:27] [INFO ] [req-test-success-001] [app.py] Task completed: Successfully processed 'sample.pdf' (3 page(s))
[2026-09-09 11:25:27] [INFO ] [req-test-success-001] [app.py] Response sent: 200 OK
[2026-09-09 11:25:27] [INFO ] [req-test-not-found-404] [app.py] Request received: request_id='req-test-not-found-404', pdf_path='missing_123.pdf'
[2026-09-09 11:25:27] [INFO ] [req-test-not-found-404] [app.py] File path validation started for 'missing_123.pdf'
[2026-09-09 11:25:27] [INFO ] [req-test-not-found-404] [app.py] Response sent: 404 Not Found
[2026-09-09 11:25:27] [INFO ] [req-test-invalid-ext] [app.py] Request received: request_id='req-test-invalid-ext', pdf_path='README.md'
[2026-09-09 11:25:27] [INFO ] [req-test-invalid-ext] [app.py] File path validation started for 'README.md'
[2026-09-09 11:25:27] [INFO ] [req-test-invalid-ext] [app.py] Response sent: 400 Bad Request
[2026-09-09 11:25:27] [INFO ] [req-test-corrupt-001] [app.py] Request received: request_id='req-test-corrupt-001', pdf_path='C:\Users\Asus\AppData\Local\Temp\pytest-of-Asus\pytest-16\test_corrupted_pdf0\corrupted.pdf'
[2026-09-09 11:25:27] [INFO ] [req-test-corrupt-001] [app.py] File path validation started for 'C:\Users\Asus\AppData\Local\Temp\pytest-of-Asus\pytest-16\test_corrupted_pdf0\corrupted.pdf'
[2026-09-09 11:25:27] [INFO ] [req-test-corrupt-001] [app.py] File path validation passed: file exists at 'C:\Users\Asus\AppData\Local\Temp\pytest-of-Asus\pytest-16\test_corrupted_pdf0\corrupted.pdf'
[2026-09-09 11:25:27] [INFO ] [req-test-corrupt-001] [app.py] Opening PDF file 'corrupted.pdf'
[2026-09-09 11:25:27] [INFO ] [req-test-corrupt-001] [app.py] Response sent: 422 Unprocessable Entity
[2026-09-09 11:25:27] [INFO ] [req-unique-id-999] [app.py] Request received: request_id='req-unique-id-999', pdf_path='sample.pdf'
[2026-09-09 11:25:27] [INFO ] [req-unique-id-999] [app.py] File path validation started for 'sample.pdf'
[2026-09-09 11:25:27] [INFO ] [req-unique-id-999] [app.py] File path validation passed: file exists at 'C:\Users\Asus\PycharmProjects\pdf_processor\sample.pdf'
[2026-09-09 11:25:27] [INFO ] [req-unique-id-999] [app.py] Opening PDF file 'sample.pdf'
[2026-09-09 11:25:27] [INFO ] [req-unique-id-999] [app.py] PDF opened successfully
[2026-09-09 11:25:27] [INFO ] [req-unique-id-999] [app.py] Task started: extracting page count and metadata
[2026-09-09 11:25:27] [INFO ] [req-unique-id-999] [app.py] Page count extracted: 3 page(s)
[2026-09-09 11:25:27] [INFO ] [req-unique-id-999] [app.py] Basic metadata extracted: 5 field(s) populated (title, author, subject, creator, producer)
[2026-09-09 11:25:27] [INFO ] [req-unique-id-999] [app.py] Task completed: Successfully processed 'sample.pdf' (3 page(s))
[2026-09-09 11:25:27] [INFO ] [req-unique-id-999] [app.py] Response sent: 200 OK
[2026-09-09 11:25:27] [INFO ] [req-unique-id-999] [app.py] Request received: request_id='req-unique-id-999', pdf_path='sample.pdf'
[2026-09-09 11:25:27] [INFO ] [req-unique-id-999] [app.py] Response sent: 409 Conflict
[2026-09-09 11:25:27] [INFO ] [1] [app.py] Request received with invalid payload: body -> request_id: Value error, Invalid request_id '1': must be a unique identifier, not simple sequential numbers like 1, 2, 3...
[2026-09-09 11:25:27] [INFO ] [1] [app.py] Response sent: 422 Unprocessable Entity
[2026-09-09 11:25:27] [INFO ] [2] [app.py] Request received with invalid payload: body -> request_id: Value error, Invalid request_id '2': must be a unique identifier, not simple sequential numbers like 1, 2, 3...
[2026-09-09 11:25:27] [INFO ] [2] [app.py] Response sent: 422 Unprocessable Entity
[2026-09-09 11:25:27] [INFO ] [3] [app.py] Request received with invalid payload: body -> request_id: Value error, Invalid request_id '3': must be a unique identifier, not simple sequential numbers like 1, 2, 3...
[2026-09-09 11:25:27] [INFO ] [3] [app.py] Response sent: 422 Unprocessable Entity
[2026-09-09 11:25:28] [INFO ] [007] [app.py] Request received with invalid payload: body -> request_id: Value error, Invalid request_id '007': must be a unique identifier, not simple sequential numbers like 1, 2, 3...
[2026-09-09 11:25:28] [INFO ] [007] [app.py] Response sent: 422 Unprocessable Entity
[2026-09-09 11:25:28] [INFO ] [req-history-001] [app.py] Request received: request_id='req-history-001', pdf_path='sample.pdf'
[2026-09-09 11:25:28] [INFO ] [req-history-001] [app.py] File path validation started for 'sample.pdf'
[2026-09-09 11:25:28] [INFO ] [req-history-001] [app.py] File path validation passed: file exists at 'C:\Users\Asus\PycharmProjects\pdf_processor\sample.pdf'
[2026-09-09 11:25:28] [INFO ] [req-history-001] [app.py] Opening PDF file 'sample.pdf'
[2026-09-09 11:25:28] [INFO ] [req-history-001] [app.py] PDF opened successfully
[2026-09-09 11:25:28] [INFO ] [req-history-001] [app.py] Task started: extracting page count and metadata
[2026-09-09 11:25:28] [INFO ] [req-history-001] [app.py] Page count extracted: 3 page(s)
[2026-09-09 11:25:28] [INFO ] [req-history-001] [app.py] Basic metadata extracted: 5 field(s) populated (title, author, subject, creator, producer)
[2026-09-09 11:25:28] [INFO ] [req-history-001] [app.py] Task completed: Successfully processed 'sample.pdf' (3 page(s))
[2026-09-09 11:25:28] [INFO ] [req-history-001] [app.py] Response sent: 200 OK
[2026-09-09 11:25:28] [INFO ] [req-history-miss] [app.py] Request received: request_id='req-history-miss', pdf_path='missing.pdf'
[2026-09-09 11:25:28] [INFO ] [req-history-miss] [app.py] File path validation started for 'missing.pdf'
[2026-09-09 11:25:28] [INFO ] [req-history-miss] [app.py] Response sent: 404 Not Found
[2026-09-09 11:25:28] [INFO ] [req-history-002] [app.py] Request received: request_id='req-history-002', pdf_path='sample.pdf'
[2026-09-09 11:25:28] [INFO ] [req-history-002] [app.py] File path validation started for 'sample.pdf'
[2026-09-09 11:25:28] [INFO ] [req-history-002] [app.py] File path validation passed: file exists at 'C:\Users\Asus\PycharmProjects\pdf_processor\sample.pdf'
[2026-09-09 11:25:28] [INFO ] [req-history-002] [app.py] Opening PDF file 'sample.pdf'
[2026-09-09 11:25:28] [INFO ] [req-history-002] [app.py] PDF opened successfully
[2026-09-09 11:25:28] [INFO ] [req-history-002] [app.py] Task started: extracting page count and metadata
[2026-09-09 11:25:28] [INFO ] [req-history-002] [app.py] Page count extracted: 3 page(s)
[2026-09-09 11:25:28] [INFO ] [req-history-002] [app.py] Basic metadata extracted: 5 field(s) populated (title, author, subject, creator, producer)
[2026-09-09 11:25:28] [INFO ] [req-history-002] [app.py] Task completed: Successfully processed 'sample.pdf' (3 page(s))
[2026-09-09 11:25:28] [INFO ] [req-history-002] [app.py] Response sent: 200 OK
[2026-09-09 11:25:28] [INFO ] [req-backslash-001] [app.py] JSON body contained unescaped backslashes (Windows path); repaired automatically.
[2026-09-09 11:25:28] [INFO ] [req-backslash-001] [app.py] Request received: request_id='req-backslash-001', pdf_path='.\sample.pdf'
[2026-09-09 11:25:28] [INFO ] [req-backslash-001] [app.py] File path validation started for '.\sample.pdf'
[2026-09-09 11:25:28] [INFO ] [req-backslash-001] [app.py] File path validation passed: file exists at 'C:\Users\Asus\AppData\Local\Temp\pytest-of-Asus\pytest-16\test_process_pdf_with_unescape0\sample.pdf'
[2026-09-09 11:25:28] [INFO ] [req-backslash-001] [app.py] Opening PDF file 'sample.pdf'
[2026-09-09 11:25:28] [INFO ] [req-backslash-001] [app.py] PDF opened successfully
[2026-09-09 11:25:28] [INFO ] [req-backslash-001] [app.py] Task started: extracting page count and metadata
[2026-09-09 11:25:28] [INFO ] [req-backslash-001] [app.py] Page count extracted: 3 page(s)
[2026-09-09 11:25:28] [INFO ] [req-backslash-001] [app.py] Basic metadata extracted: 5 field(s) populated (title, author, subject, creator, producer)
[2026-09-09 11:25:28] [INFO ] [req-backslash-001] [app.py] Task completed: Successfully processed 'sample.pdf' (3 page(s))
[2026-09-09 11:25:28] [INFO ] [req-backslash-001] [app.py] Response sent: 200 OK
[2026-09-09 11:25:28] [INFO ] [INVALID_REQUEST] [app.py] Request received with invalid payload: body -> 46: JSON decode error
[2026-09-09 11:25:28] [INFO ] [INVALID_REQUEST] [app.py] Response sent: 422 Unprocessable Entity
[2026-09-09 11:25:55] [INFO ] [req-up-5a4988aa] [app.py] File upload started: filename='my device test.pdf' (request_id='req-up-5a4988aa')
[2026-09-09 11:25:55] [INFO ] [req-up-5a4988aa] [app.py] Uploaded file saved at 'uploads\req-a490e8e1-51b3_my_device_test.pdf'
[2026-09-09 11:25:55] [INFO ] [req-up-5a4988aa] [app.py] Request received: request_id='req-up-5a4988aa', pdf_path='uploads\req-a490e8e1-51b3_my_device_test.pdf'
[2026-09-09 11:25:55] [INFO ] [req-up-5a4988aa] [app.py] File path validation started for 'uploads\req-a490e8e1-51b3_my_device_test.pdf'
[2026-09-09 11:25:55] [INFO ] [req-up-5a4988aa] [app.py] File path validation passed: file exists at 'C:\Users\Asus\PycharmProjects\pdf_processor\uploads\req-a490e8e1-51b3_my_device_test.pdf'
[2026-09-09 11:25:55] [INFO ] [req-up-5a4988aa] [app.py] Opening PDF file 'req-a490e8e1-51b3_my_device_test.pdf'
[2026-09-09 11:25:55] [INFO ] [req-up-5a4988aa] [app.py] PDF opened successfully
[2026-09-09 11:25:55] [INFO ] [req-up-5a4988aa] [app.py] Task started: extracting page count and metadata
[2026-09-09 11:25:55] [INFO ] [req-up-5a4988aa] [app.py] Page count extracted: 3 page(s)
[2026-09-09 11:25:55] [INFO ] [req-up-5a4988aa] [app.py] Basic metadata extracted: 5 field(s) populated (title, author, subject, creator, producer)
[2026-09-09 11:25:55] [INFO ] [req-up-5a4988aa] [app.py] Task completed: Successfully processed 'req-a490e8e1-51b3_my_device_test.pdf' (3 page(s))
[2026-09-09 11:25:55] [INFO ] [req-up-5a4988aa] [app.py] Response sent: 200 OK
[2026-09-09 11:25:55] [INFO ] [req-up-5a4988aa-x] [app.py] File upload started: filename='notes.txt' (request_id='req-up-5a4988aa-x')
[2026-09-09 12:40:03] [INFO ] [req-test-success-001] [app.py] Request received: request_id='req-test-success-001', pdf_path='sample.pdf'
[2026-09-09 12:40:03] [INFO ] [req-test-success-001] [app.py] File path validation started for 'sample.pdf'
[2026-09-09 12:40:03] [INFO ] [req-test-success-001] [app.py] File path validation passed: file exists at 'C:\Users\Asus\PycharmProjects\pdf_processor\sample.pdf'
[2026-09-09 12:40:03] [INFO ] [req-test-success-001] [app.py] Opening PDF file 'sample.pdf'
[2026-09-09 12:40:03] [INFO ] [req-test-success-001] [app.py] PDF opened successfully
[2026-09-09 12:40:03] [INFO ] [req-test-success-001] [app.py] Task started: extracting page count and metadata
[2026-09-09 12:40:03] [INFO ] [req-test-success-001] [app.py] Page count extracted: 3 page(s)
[2026-09-09 12:40:03] [INFO ] [req-test-success-001] [app.py] Basic metadata extracted: 5 field(s) populated (title, author, subject, creator, producer)
[2026-09-09 12:40:03] [INFO ] [req-test-success-001] [app.py] Task completed: Successfully processed 'sample.pdf' (3 page(s))
[2026-09-09 12:40:03] [INFO ] [req-test-success-001] [app.py] Response sent: 200 OK
[2026-09-09 12:40:03] [INFO ] [req-test-not-found-404] [app.py] Request received: request_id='req-test-not-found-404', pdf_path='missing_123.pdf'
[2026-09-09 12:40:03] [INFO ] [req-test-not-found-404] [app.py] File path validation started for 'missing_123.pdf'
[2026-09-09 12:40:03] [INFO ] [req-test-not-found-404] [app.py] Response sent: 404 Not Found
[2026-09-09 12:40:03] [INFO ] [req-test-invalid-ext] [app.py] Request received: request_id='req-test-invalid-ext', pdf_path='README.md'
[2026-09-09 12:40:03] [INFO ] [req-test-invalid-ext] [app.py] File path validation started for 'README.md'
[2026-09-09 12:40:03] [INFO ] [req-test-invalid-ext] [app.py] Response sent: 400 Bad Request
[2026-09-09 12:40:03] [INFO ] [req-test-corrupt-001] [app.py] Request received: request_id='req-test-corrupt-001', pdf_path='C:\Users\Asus\AppData\Local\Temp\pytest-of-Asus\pytest-17\test_corrupted_pdf0\corrupted.pdf'
[2026-09-09 12:40:03] [INFO ] [req-test-corrupt-001] [app.py] File path validation started for 'C:\Users\Asus\AppData\Local\Temp\pytest-of-Asus\pytest-17\test_corrupted_pdf0\corrupted.pdf'
[2026-09-09 12:40:03] [INFO ] [req-test-corrupt-001] [app.py] File path validation passed: file exists at 'C:\Users\Asus\AppData\Local\Temp\pytest-of-Asus\pytest-17\test_corrupted_pdf0\corrupted.pdf'
[2026-09-09 12:40:03] [INFO ] [req-test-corrupt-001] [app.py] Opening PDF file 'corrupted.pdf'
[2026-09-09 12:40:03] [INFO ] [req-test-corrupt-001] [app.py] Response sent: 422 Unprocessable Entity
[2026-09-09 12:40:03] [INFO ] [req-unique-id-999] [app.py] Request received: request_id='req-unique-id-999', pdf_path='sample.pdf'
[2026-09-09 12:40:03] [INFO ] [req-unique-id-999] [app.py] File path validation started for 'sample.pdf'
[2026-09-09 12:40:03] [INFO ] [req-unique-id-999] [app.py] File path validation passed: file exists at 'C:\Users\Asus\PycharmProjects\pdf_processor\sample.pdf'
[2026-09-09 12:40:03] [INFO ] [req-unique-id-999] [app.py] Opening PDF file 'sample.pdf'
[2026-09-09 12:40:03] [INFO ] [req-unique-id-999] [app.py] PDF opened successfully
[2026-09-09 12:40:03] [INFO ] [req-unique-id-999] [app.py] Task started: extracting page count and metadata
[2026-09-09 12:40:03] [INFO ] [req-unique-id-999] [app.py] Page count extracted: 3 page(s)
[2026-09-09 12:40:03] [INFO ] [req-unique-id-999] [app.py] Basic metadata extracted: 5 field(s) populated (title, author, subject, creator, producer)
[2026-09-09 12:40:03] [INFO ] [req-unique-id-999] [app.py] Task completed: Successfully processed 'sample.pdf' (3 page(s))
[2026-09-09 12:40:03] [INFO ] [req-unique-id-999] [app.py] Response sent: 200 OK
[2026-09-09 12:40:03] [INFO ] [req-unique-id-999] [app.py] Request received: request_id='req-unique-id-999', pdf_path='sample.pdf'
[2026-09-09 12:40:03] [INFO ] [req-unique-id-999] [app.py] Response sent: 409 Conflict
[2026-09-09 12:40:03] [INFO ] [1] [app.py] Request received with invalid payload: body -> request_id: Value error, Invalid request_id '1': must be a unique identifier, not simple sequential numbers like 1, 2, 3...
[2026-09-09 12:40:03] [INFO ] [1] [app.py] Response sent: 422 Unprocessable Entity
[2026-09-09 12:40:03] [INFO ] [2] [app.py] Request received with invalid payload: body -> request_id: Value error, Invalid request_id '2': must be a unique identifier, not simple sequential numbers like 1, 2, 3...
[2026-09-09 12:40:03] [INFO ] [2] [app.py] Response sent: 422 Unprocessable Entity
[2026-09-09 12:40:03] [INFO ] [3] [app.py] Request received with invalid payload: body -> request_id: Value error, Invalid request_id '3': must be a unique identifier, not simple sequential numbers like 1, 2, 3...
[2026-09-09 12:40:03] [INFO ] [3] [app.py] Response sent: 422 Unprocessable Entity
[2026-09-09 12:40:03] [INFO ] [007] [app.py] Request received with invalid payload: body -> request_id: Value error, Invalid request_id '007': must be a unique identifier, not simple sequential numbers like 1, 2, 3...
[2026-09-09 12:40:03] [INFO ] [007] [app.py] Response sent: 422 Unprocessable Entity
[2026-09-09 12:40:03] [INFO ] [req-history-001] [app.py] Request received: request_id='req-history-001', pdf_path='sample.pdf'
[2026-09-09 12:40:03] [INFO ] [req-history-001] [app.py] File path validation started for 'sample.pdf'
[2026-09-09 12:40:03] [INFO ] [req-history-001] [app.py] File path validation passed: file exists at 'C:\Users\Asus\PycharmProjects\pdf_processor\sample.pdf'
[2026-09-09 12:40:03] [INFO ] [req-history-001] [app.py] Opening PDF file 'sample.pdf'
[2026-09-09 12:40:03] [INFO ] [req-history-001] [app.py] PDF opened successfully
[2026-09-09 12:40:03] [INFO ] [req-history-001] [app.py] Task started: extracting page count and metadata
[2026-09-09 12:40:03] [INFO ] [req-history-001] [app.py] Page count extracted: 3 page(s)
[2026-09-09 12:40:03] [INFO ] [req-history-001] [app.py] Basic metadata extracted: 5 field(s) populated (title, author, subject, creator, producer)
[2026-09-09 12:40:03] [INFO ] [req-history-001] [app.py] Task completed: Successfully processed 'sample.pdf' (3 page(s))
[2026-09-09 12:40:03] [INFO ] [req-history-001] [app.py] Response sent: 200 OK
[2026-09-09 12:40:03] [INFO ] [req-history-miss] [app.py] Request received: request_id='req-history-miss', pdf_path='missing.pdf'
[2026-09-09 12:40:04] [INFO ] [req-history-miss] [app.py] File path validation started for 'missing.pdf'
[2026-09-09 12:40:04] [INFO ] [req-history-miss] [app.py] Response sent: 404 Not Found
[2026-09-09 12:40:04] [INFO ] [req-history-002] [app.py] Request received: request_id='req-history-002', pdf_path='sample.pdf'
[2026-09-09 12:40:04] [INFO ] [req-history-002] [app.py] File path validation started for 'sample.pdf'
[2026-09-09 12:40:04] [INFO ] [req-history-002] [app.py] File path validation passed: file exists at 'C:\Users\Asus\PycharmProjects\pdf_processor\sample.pdf'
[2026-09-09 12:40:04] [INFO ] [req-history-002] [app.py] Opening PDF file 'sample.pdf'
[2026-09-09 12:40:04] [INFO ] [req-history-002] [app.py] PDF opened successfully
[2026-09-09 12:40:04] [INFO ] [req-history-002] [app.py] Task started: extracting page count and metadata
[2026-09-09 12:40:04] [INFO ] [req-history-002] [app.py] Page count extracted: 3 page(s)
[2026-09-09 12:40:04] [INFO ] [req-history-002] [app.py] Basic metadata extracted: 5 field(s) populated (title, author, subject, creator, producer)
[2026-09-09 12:40:04] [INFO ] [req-history-002] [app.py] Task completed: Successfully processed 'sample.pdf' (3 page(s))
[2026-09-09 12:40:04] [INFO ] [req-history-002] [app.py] Response sent: 200 OK
[2026-09-09 12:40:04] [INFO ] [req-backslash-001] [app.py] JSON body contained unescaped backslashes (Windows path); repaired automatically.
[2026-09-09 12:40:04] [INFO ] [req-backslash-001] [app.py] Request received: request_id='req-backslash-001', pdf_path='.\sample.pdf'
[2026-09-09 12:40:04] [INFO ] [req-backslash-001] [app.py] File path validation started for '.\sample.pdf'
[2026-09-09 12:40:04] [INFO ] [req-backslash-001] [app.py] File path validation passed: file exists at 'C:\Users\Asus\AppData\Local\Temp\pytest-of-Asus\pytest-17\test_process_pdf_with_unescape0\sample.pdf'
[2026-09-09 12:40:04] [INFO ] [req-backslash-001] [app.py] Opening PDF file 'sample.pdf'
[2026-09-09 12:40:04] [INFO ] [req-backslash-001] [app.py] PDF opened successfully
[2026-09-09 12:40:04] [INFO ] [req-backslash-001] [app.py] Task started: extracting page count and metadata
[2026-09-09 12:40:04] [INFO ] [req-backslash-001] [app.py] Page count extracted: 3 page(s)
[2026-09-09 12:40:04] [INFO ] [req-backslash-001] [app.py] Basic metadata extracted: 5 field(s) populated (title, author, subject, creator, producer)
[2026-09-09 12:40:04] [INFO ] [req-backslash-001] [app.py] Task completed: Successfully processed 'sample.pdf' (3 page(s))
[2026-09-09 12:40:04] [INFO ] [req-backslash-001] [app.py] Response sent: 200 OK
[2026-09-09 12:40:04] [INFO ] [INVALID_REQUEST] [app.py] Request received with invalid payload: body -> 46: JSON decode error
[2026-09-09 12:40:04] [INFO ] [INVALID_REQUEST] [app.py] Response sent: 422 Unprocessable Entity
[2026-09-09 14:03:21] [INFO ] [req-test-success-001] [app.py] Request received: request_id='req-test-success-001', pdf_path='sample.pdf'
[2026-09-09 14:03:21] [INFO ] [req-test-success-001] [app.py] File path validation started for 'sample.pdf'
[2026-09-09 14:03:21] [INFO ] [req-test-success-001] [app.py] File path validation passed: file exists at 'C:\Users\Asus\PycharmProjects\pdf_processor\sample.pdf'
[2026-09-09 14:03:21] [INFO ] [req-test-success-001] [app.py] Opening PDF file 'sample.pdf'
[2026-09-09 14:03:21] [INFO ] [req-test-success-001] [app.py] PDF opened successfully
[2026-09-09 14:03:21] [INFO ] [req-test-success-001] [app.py] Task started: extracting page count and metadata
[2026-09-09 14:03:21] [INFO ] [req-test-success-001] [app.py] Page count extracted: 3 page(s)
[2026-09-09 14:03:21] [INFO ] [req-test-success-001] [app.py] Basic metadata extracted: 5 field(s) populated (title, author, subject, creator, producer)
[2026-09-09 14:03:21] [INFO ] [req-test-success-001] [app.py] Task completed: Successfully processed 'sample.pdf' (3 page(s))
[2026-09-09 14:03:21] [INFO ] [req-test-success-001] [app.py] Response sent: 200 OK
[2026-09-09 14:03:21] [INFO ] [req-test-not-found-404] [app.py] Request received: request_id='req-test-not-found-404', pdf_path='missing_123.pdf'
[2026-09-09 14:03:21] [INFO ] [req-test-not-found-404] [app.py] File path validation started for 'missing_123.pdf'
[2026-09-09 14:03:21] [INFO ] [req-test-not-found-404] [app.py] Response sent: 404 Not Found
[2026-09-09 14:03:21] [INFO ] [req-test-invalid-ext] [app.py] Request received: request_id='req-test-invalid-ext', pdf_path='README.md'
[2026-09-09 14:03:21] [INFO ] [req-test-invalid-ext] [app.py] File path validation started for 'README.md'
[2026-09-09 14:03:21] [INFO ] [req-test-invalid-ext] [app.py] Response sent: 400 Bad Request
[2026-09-09 14:03:22] [INFO ] [req-test-corrupt-001] [app.py] Request received: request_id='req-test-corrupt-001', pdf_path='C:\Users\Asus\AppData\Local\Temp\pytest-of-Asus\pytest-18\test_corrupted_pdf0\corrupted.pdf'
[2026-09-09 14:03:22] [INFO ] [req-test-corrupt-001] [app.py] File path validation started for 'C:\Users\Asus\AppData\Local\Temp\pytest-of-Asus\pytest-18\test_corrupted_pdf0\corrupted.pdf'
[2026-09-09 14:03:22] [INFO ] [req-test-corrupt-001] [app.py] File path validation passed: file exists at 'C:\Users\Asus\AppData\Local\Temp\pytest-of-Asus\pytest-18\test_corrupted_pdf0\corrupted.pdf'
[2026-09-09 14:03:22] [INFO ] [req-test-corrupt-001] [app.py] Opening PDF file 'corrupted.pdf'
[2026-09-09 14:03:22] [INFO ] [req-test-corrupt-001] [app.py] Response sent: 422 Unprocessable Entity
[2026-09-09 14:03:22] [INFO ] [req-unique-id-999] [app.py] Request received: request_id='req-unique-id-999', pdf_path='sample.pdf'
[2026-09-09 14:03:22] [INFO ] [req-unique-id-999] [app.py] File path validation started for 'sample.pdf'
[2026-09-09 14:03:22] [INFO ] [req-unique-id-999] [app.py] File path validation passed: file exists at 'C:\Users\Asus\PycharmProjects\pdf_processor\sample.pdf'
[2026-09-09 14:03:22] [INFO ] [req-unique-id-999] [app.py] Opening PDF file 'sample.pdf'
[2026-09-09 14:03:22] [INFO ] [req-unique-id-999] [app.py] PDF opened successfully
[2026-09-09 14:03:22] [INFO ] [req-unique-id-999] [app.py] Task started: extracting page count and metadata
[2026-09-09 14:03:22] [INFO ] [req-unique-id-999] [app.py] Page count extracted: 3 page(s)
[2026-09-09 14:03:22] [INFO ] [req-unique-id-999] [app.py] Basic metadata extracted: 5 field(s) populated (title, author, subject, creator, producer)
[2026-09-09 14:03:22] [INFO ] [req-unique-id-999] [app.py] Task completed: Successfully processed 'sample.pdf' (3 page(s))
[2026-09-09 14:03:22] [INFO ] [req-unique-id-999] [app.py] Response sent: 200 OK
[2026-09-09 14:03:22] [INFO ] [req-unique-id-999] [app.py] Request received: request_id='req-unique-id-999', pdf_path='sample.pdf'
[2026-09-09 14:03:22] [INFO ] [req-unique-id-999] [app.py] Response sent: 409 Conflict
[2026-09-09 14:03:22] [INFO ] [1] [app.py] Request received with invalid payload: body -> request_id: Value error, Invalid request_id '1': must be a unique identifier, not simple sequential numbers like 1, 2, 3...
[2026-09-09 14:03:22] [INFO ] [1] [app.py] Response sent: 422 Unprocessable Entity
[2026-09-09 14:03:22] [INFO ] [2] [app.py] Request received with invalid payload: body -> request_id: Value error, Invalid request_id '2': must be a unique identifier, not simple sequential numbers like 1, 2, 3...
[2026-09-09 14:03:22] [INFO ] [2] [app.py] Response sent: 422 Unprocessable Entity
[2026-09-09 14:03:22] [INFO ] [3] [app.py] Request received with invalid payload: body -> request_id: Value error, Invalid request_id '3': must be a unique identifier, not simple sequential numbers like 1, 2, 3...
[2026-09-09 14:03:22] [INFO ] [3] [app.py] Response sent: 422 Unprocessable Entity
[2026-09-09 14:03:22] [INFO ] [007] [app.py] Request received with invalid payload: body -> request_id: Value error, Invalid request_id '007': must be a unique identifier, not simple sequential numbers like 1, 2, 3...
[2026-09-09 14:03:22] [INFO ] [007] [app.py] Response sent: 422 Unprocessable Entity
[2026-09-09 14:03:22] [INFO ] [req-history-001] [app.py] Request received: request_id='req-history-001', pdf_path='sample.pdf'
[2026-09-09 14:03:22] [INFO ] [req-history-001] [app.py] File path validation started for 'sample.pdf'
[2026-09-09 14:03:22] [INFO ] [req-history-001] [app.py] File path validation passed: file exists at 'C:\Users\Asus\PycharmProjects\pdf_processor\sample.pdf'
[2026-09-09 14:03:22] [INFO ] [req-history-001] [app.py] Opening PDF file 'sample.pdf'
[2026-09-09 14:03:22] [INFO ] [req-history-001] [app.py] PDF opened successfully
[2026-09-09 14:03:22] [INFO ] [req-history-001] [app.py] Task started: extracting page count and metadata
[2026-09-09 14:03:22] [INFO ] [req-history-001] [app.py] Page count extracted: 3 page(s)
[2026-09-09 14:03:22] [INFO ] [req-history-001] [app.py] Basic metadata extracted: 5 field(s) populated (title, author, subject, creator, producer)
[2026-09-09 14:03:22] [INFO ] [req-history-001] [app.py] Task completed: Successfully processed 'sample.pdf' (3 page(s))
[2026-09-09 14:03:22] [INFO ] [req-history-001] [app.py] Response sent: 200 OK
[2026-09-09 14:03:22] [INFO ] [req-history-miss] [app.py] Request received: request_id='req-history-miss', pdf_path='missing.pdf'
[2026-09-09 14:03:22] [INFO ] [req-history-miss] [app.py] File path validation started for 'missing.pdf'
[2026-09-09 14:03:22] [INFO ] [req-history-miss] [app.py] Response sent: 404 Not Found
[2026-09-09 14:03:22] [INFO ] [req-history-002] [app.py] Request received: request_id='req-history-002', pdf_path='sample.pdf'
[2026-09-09 14:03:22] [INFO ] [req-history-002] [app.py] File path validation started for 'sample.pdf'
[2026-09-09 14:03:22] [INFO ] [req-history-002] [app.py] File path validation passed: file exists at 'C:\Users\Asus\PycharmProjects\pdf_processor\sample.pdf'
[2026-09-09 14:03:22] [INFO ] [req-history-002] [app.py] Opening PDF file 'sample.pdf'
[2026-09-09 14:03:22] [INFO ] [req-history-002] [app.py] PDF opened successfully
[2026-09-09 14:03:22] [INFO ] [req-history-002] [app.py] Task started: extracting page count and metadata
[2026-09-09 14:03:22] [INFO ] [req-history-002] [app.py] Page count extracted: 3 page(s)
[2026-09-09 14:03:22] [INFO ] [req-history-002] [app.py] Basic metadata extracted: 5 field(s) populated (title, author, subject, creator, producer)
[2026-09-09 14:03:22] [INFO ] [req-history-002] [app.py] Task completed: Successfully processed 'sample.pdf' (3 page(s))
[2026-09-09 14:03:22] [INFO ] [req-history-002] [app.py] Response sent: 200 OK
[2026-09-09 14:03:22] [INFO ] [req-backslash-001] [app.py] JSON body contained unescaped backslashes (Windows path); repaired automatically.
[2026-09-09 14:03:22] [INFO ] [req-backslash-001] [app.py] Request received: request_id='req-backslash-001', pdf_path='.\sample.pdf'
[2026-09-09 14:03:22] [INFO ] [req-backslash-001] [app.py] File path validation started for '.\sample.pdf'
[2026-09-09 14:03:22] [INFO ] [req-backslash-001] [app.py] File path validation passed: file exists at 'C:\Users\Asus\AppData\Local\Temp\pytest-of-Asus\pytest-18\test_process_pdf_with_unescape0\sample.pdf'
[2026-09-09 14:03:22] [INFO ] [req-backslash-001] [app.py] Opening PDF file 'sample.pdf'
[2026-09-09 14:03:22] [INFO ] [req-backslash-001] [app.py] PDF opened successfully
[2026-09-09 14:03:22] [INFO ] [req-backslash-001] [app.py] Task started: extracting page count and metadata
[2026-09-09 14:03:22] [INFO ] [req-backslash-001] [app.py] Page count extracted: 3 page(s)
[2026-09-09 14:03:22] [INFO ] [req-backslash-001] [app.py] Basic metadata extracted: 5 field(s) populated (title, author, subject, creator, producer)
[2026-09-09 14:03:22] [INFO ] [req-backslash-001] [app.py] Task completed: Successfully processed 'sample.pdf' (3 page(s))
[2026-09-09 14:03:22] [INFO ] [req-backslash-001] [app.py] Response sent: 200 OK
[2026-09-09 14:03:22] [INFO ] [INVALID_REQUEST] [app.py] Request received with invalid payload: body -> 46: JSON decode error
[2026-09-09 14:03:22] [INFO ] [INVALID_REQUEST] [app.py] Response sent: 422 Unprocessable Entity
[2026-09-09 14:08:07] [INFO ] [req-test-success-001] [app.py] Request received: request_id='req-test-success-001', pdf_path='sample.pdf'
[2026-09-09 14:08:07] [INFO ] [req-test-success-001] [app.py] File path validation started for 'sample.pdf'
[2026-09-09 14:08:07] [INFO ] [req-test-success-001] [app.py] File path validation passed: file exists at 'C:\Users\Asus\PycharmProjects\pdf_processor\sample.pdf'
[2026-09-09 14:08:07] [INFO ] [req-test-success-001] [app.py] Opening PDF file 'sample.pdf'
[2026-09-09 14:08:07] [INFO ] [req-test-success-001] [app.py] PDF opened successfully
[2026-09-09 14:08:07] [INFO ] [req-test-success-001] [app.py] Task started: extracting page count and metadata
[2026-09-09 14:08:07] [INFO ] [req-test-success-001] [app.py] Page count extracted: 3 page(s)
[2026-09-09 14:08:07] [INFO ] [req-test-success-001] [app.py] Basic metadata extracted: 5 field(s) populated (title, author, subject, creator, producer)
[2026-09-09 14:08:07] [INFO ] [req-test-success-001] [app.py] Task completed: Successfully processed 'sample.pdf' (3 page(s))
[2026-09-09 14:08:07] [INFO ] [req-test-success-001] [app.py] Response sent: 200 OK
[2026-09-09 14:08:07] [INFO ] [req-test-not-found-404] [app.py] Request received: request_id='req-test-not-found-404', pdf_path='missing_123.pdf'
[2026-09-09 14:08:07] [INFO ] [req-test-not-found-404] [app.py] File path validation started for 'missing_123.pdf'
[2026-09-09 14:08:07] [INFO ] [req-test-not-found-404] [app.py] Response sent: 404 Not Found
[2026-09-09 14:08:07] [INFO ] [req-test-invalid-ext] [app.py] Request received: request_id='req-test-invalid-ext', pdf_path='README.md'
[2026-09-09 14:08:07] [INFO ] [req-test-invalid-ext] [app.py] File path validation started for 'README.md'
[2026-09-09 14:08:07] [INFO ] [req-test-invalid-ext] [app.py] Response sent: 400 Bad Request
[2026-09-09 14:08:07] [INFO ] [req-test-corrupt-001] [app.py] Request received: request_id='req-test-corrupt-001', pdf_path='C:\Users\Asus\AppData\Local\Temp\pytest-of-Asus\pytest-19\test_corrupted_pdf0\corrupted.pdf'
[2026-09-09 14:08:07] [INFO ] [req-test-corrupt-001] [app.py] File path validation started for 'C:\Users\Asus\AppData\Local\Temp\pytest-of-Asus\pytest-19\test_corrupted_pdf0\corrupted.pdf'
[2026-09-09 14:08:07] [INFO ] [req-test-corrupt-001] [app.py] File path validation passed: file exists at 'C:\Users\Asus\AppData\Local\Temp\pytest-of-Asus\pytest-19\test_corrupted_pdf0\corrupted.pdf'
[2026-09-09 14:08:07] [INFO ] [req-test-corrupt-001] [app.py] Opening PDF file 'corrupted.pdf'
[2026-09-09 14:08:07] [INFO ] [req-test-corrupt-001] [app.py] Response sent: 422 Unprocessable Entity
[2026-09-09 14:08:07] [INFO ] [req-unique-id-999] [app.py] Request received: request_id='req-unique-id-999', pdf_path='sample.pdf'
[2026-09-09 14:08:07] [INFO ] [req-unique-id-999] [app.py] File path validation started for 'sample.pdf'
[2026-09-09 14:08:07] [INFO ] [req-unique-id-999] [app.py] File path validation passed: file exists at 'C:\Users\Asus\PycharmProjects\pdf_processor\sample.pdf'
[2026-09-09 14:08:07] [INFO ] [req-unique-id-999] [app.py] Opening PDF file 'sample.pdf'
[2026-09-09 14:08:07] [INFO ] [req-unique-id-999] [app.py] PDF opened successfully
[2026-09-09 14:08:07] [INFO ] [req-unique-id-999] [app.py] Task started: extracting page count and metadata
[2026-09-09 14:08:07] [INFO ] [req-unique-id-999] [app.py] Page count extracted: 3 page(s)
[2026-09-09 14:08:07] [INFO ] [req-unique-id-999] [app.py] Basic metadata extracted: 5 field(s) populated (title, author, subject, creator, producer)
[2026-09-09 14:08:07] [INFO ] [req-unique-id-999] [app.py] Task completed: Successfully processed 'sample.pdf' (3 page(s))
[2026-09-09 14:08:07] [INFO ] [req-unique-id-999] [app.py] Response sent: 200 OK
[2026-09-09 14:08:07] [INFO ] [req-unique-id-999] [app.py] Request received: request_id='req-unique-id-999', pdf_path='sample.pdf'
[2026-09-09 14:08:07] [INFO ] [req-unique-id-999] [app.py] Response sent: 409 Conflict
[2026-09-09 14:08:07] [INFO ] [1] [app.py] Request received with invalid payload: body -> request_id: Value error, Invalid request_id '1': must be a unique identifier, not simple sequential numbers like 1, 2, 3...
[2026-09-09 14:08:07] [INFO ] [1] [app.py] Response sent: 422 Unprocessable Entity
[2026-09-09 14:08:07] [INFO ] [2] [app.py] Request received with invalid payload: body -> request_id: Value error, Invalid request_id '2': must be a unique identifier, not simple sequential numbers like 1, 2, 3...
[2026-09-09 14:08:07] [INFO ] [2] [app.py] Response sent: 422 Unprocessable Entity
[2026-09-09 14:08:07] [INFO ] [3] [app.py] Request received with invalid payload: body -> request_id: Value error, Invalid request_id '3': must be a unique identifier, not simple sequential numbers like 1, 2, 3...
[2026-09-09 14:08:07] [INFO ] [3] [app.py] Response sent: 422 Unprocessable Entity
[2026-09-09 14:08:07] [INFO ] [007] [app.py] Request received with invalid payload: body -> request_id: Value error, Invalid request_id '007': must be a unique identifier, not simple sequential numbers like 1, 2, 3...
[2026-09-09 14:08:07] [INFO ] [007] [app.py] Response sent: 422 Unprocessable Entity
[2026-09-09 14:08:07] [INFO ] [req-history-001] [app.py] Request received: request_id='req-history-001', pdf_path='sample.pdf'
[2026-09-09 14:08:07] [INFO ] [req-history-001] [app.py] File path validation started for 'sample.pdf'
[2026-09-09 14:08:07] [INFO ] [req-history-001] [app.py] File path validation passed: file exists at 'C:\Users\Asus\PycharmProjects\pdf_processor\sample.pdf'
[2026-09-09 14:08:07] [INFO ] [req-history-001] [app.py] Opening PDF file 'sample.pdf'
[2026-09-09 14:08:07] [INFO ] [req-history-001] [app.py] PDF opened successfully
[2026-09-09 14:08:07] [INFO ] [req-history-001] [app.py] Task started: extracting page count and metadata
[2026-09-09 14:08:07] [INFO ] [req-history-001] [app.py] Page count extracted: 3 page(s)
[2026-09-09 14:08:07] [INFO ] [req-history-001] [app.py] Basic metadata extracted: 5 field(s) populated (title, author, subject, creator, producer)
[2026-09-09 14:08:07] [INFO ] [req-history-001] [app.py] Task completed: Successfully processed 'sample.pdf' (3 page(s))
[2026-09-09 14:08:07] [INFO ] [req-history-001] [app.py] Response sent: 200 OK
[2026-09-09 14:08:07] [INFO ] [req-history-miss] [app.py] Request received: request_id='req-history-miss', pdf_path='missing.pdf'
[2026-09-09 14:08:07] [INFO ] [req-history-miss] [app.py] File path validation started for 'missing.pdf'
[2026-09-09 14:08:07] [INFO ] [req-history-miss] [app.py] Response sent: 404 Not Found
[2026-09-09 14:08:07] [INFO ] [req-history-002] [app.py] Request received: request_id='req-history-002', pdf_path='sample.pdf'
[2026-09-09 14:08:07] [INFO ] [req-history-002] [app.py] File path validation started for 'sample.pdf'
[2026-09-09 14:08:07] [INFO ] [req-history-002] [app.py] File path validation passed: file exists at 'C:\Users\Asus\PycharmProjects\pdf_processor\sample.pdf'
[2026-09-09 14:08:07] [INFO ] [req-history-002] [app.py] Opening PDF file 'sample.pdf'
[2026-09-09 14:08:07] [INFO ] [req-history-002] [app.py] PDF opened successfully
[2026-09-09 14:08:07] [INFO ] [req-history-002] [app.py] Task started: extracting page count and metadata
[2026-09-09 14:08:07] [INFO ] [req-history-002] [app.py] Page count extracted: 3 page(s)
[2026-09-09 14:08:07] [INFO ] [req-history-002] [app.py] Basic metadata extracted: 5 field(s) populated (title, author, subject, creator, producer)
[2026-09-09 14:08:07] [INFO ] [req-history-002] [app.py] Task completed: Successfully processed 'sample.pdf' (3 page(s))
[2026-09-09 14:08:07] [INFO ] [req-history-002] [app.py] Response sent: 200 OK
[2026-09-09 14:08:07] [INFO ] [req-backslash-001] [app.py] JSON body contained unescaped backslashes (Windows path); repaired automatically.
[2026-09-09 14:08:07] [INFO ] [req-backslash-001] [app.py] Request received: request_id='req-backslash-001', pdf_path='.\sample.pdf'
[2026-09-09 14:08:07] [INFO ] [req-backslash-001] [app.py] File path validation started for '.\sample.pdf'
[2026-09-09 14:08:07] [INFO ] [req-backslash-001] [app.py] File path validation passed: file exists at 'C:\Users\Asus\AppData\Local\Temp\pytest-of-Asus\pytest-19\test_process_pdf_with_unescape0\sample.pdf'
[2026-09-09 14:08:07] [INFO ] [req-backslash-001] [app.py] Opening PDF file 'sample.pdf'
[2026-09-09 14:08:07] [INFO ] [req-backslash-001] [app.py] PDF opened successfully
[2026-09-09 14:08:07] [INFO ] [req-backslash-001] [app.py] Task started: extracting page count and metadata
[2026-09-09 14:08:07] [INFO ] [req-backslash-001] [app.py] Page count extracted: 3 page(s)
[2026-09-09 14:08:07] [INFO ] [req-backslash-001] [app.py] Basic metadata extracted: 5 field(s) populated (title, author, subject, creator, producer)
[2026-09-09 14:08:07] [INFO ] [req-backslash-001] [app.py] Task completed: Successfully processed 'sample.pdf' (3 page(s))
[2026-09-09 14:08:07] [INFO ] [req-backslash-001] [app.py] Response sent: 200 OK
[2026-09-09 14:08:07] [INFO ] [INVALID_REQUEST] [app.py] Request received with invalid payload: body -> 46: JSON decode error
[2026-09-09 14:08:07] [INFO ] [INVALID_REQUEST] [app.py] Response sent: 422 Unprocessable Entity
[2026-09-09 14:13:28] [INFO ] [req-test-success-001] [app.py] Request received: request_id='req-test-success-001', pdf_path='sample.pdf'
[2026-09-09 14:13:28] [INFO ] [req-test-success-001] [app.py] File path validation started for 'sample.pdf'
[2026-09-09 14:13:28] [INFO ] [req-test-success-001] [app.py] File path validation passed: file exists at 'C:\Users\Asus\PycharmProjects\pdf_processor\sample.pdf'
[2026-09-09 14:13:28] [INFO ] [req-test-success-001] [app.py] Opening PDF file 'sample.pdf'
[2026-09-09 14:13:28] [INFO ] [req-test-success-001] [app.py] PDF opened successfully
[2026-09-09 14:13:28] [INFO ] [req-test-success-001] [app.py] Task started: extracting page count and metadata
[2026-09-09 14:13:28] [INFO ] [req-test-success-001] [app.py] Page count extracted: 3 page(s)
[2026-09-09 14:13:28] [INFO ] [req-test-success-001] [app.py] Basic metadata extracted: 5 field(s) populated (title, author, subject, creator, producer)
[2026-09-09 14:13:28] [INFO ] [req-test-success-001] [app.py] Task completed: Successfully processed 'sample.pdf' (3 page(s))
[2026-09-09 14:13:28] [INFO ] [req-test-success-001] [app.py] Response sent: 200 OK
[2026-09-09 14:13:29] [INFO ] [req-test-not-found-404] [app.py] Request received: request_id='req-test-not-found-404', pdf_path='missing_123.pdf'
[2026-09-09 14:13:29] [INFO ] [req-test-not-found-404] [app.py] File path validation started for 'missing_123.pdf'
[2026-09-09 14:13:29] [INFO ] [req-test-not-found-404] [app.py] Response sent: 404 Not Found
[2026-09-09 14:13:29] [INFO ] [req-test-invalid-ext] [app.py] Request received: request_id='req-test-invalid-ext', pdf_path='README.md'
[2026-09-09 14:13:29] [INFO ] [req-test-invalid-ext] [app.py] File path validation started for 'README.md'
[2026-09-09 14:13:29] [INFO ] [req-test-invalid-ext] [app.py] Response sent: 400 Bad Request
[2026-09-09 14:13:29] [INFO ] [req-test-corrupt-001] [app.py] Request received: request_id='req-test-corrupt-001', pdf_path='C:\Users\Asus\AppData\Local\Temp\pytest-of-Asus\pytest-20\test_corrupted_pdf0\corrupted.pdf'
[2026-09-09 14:13:29] [INFO ] [req-test-corrupt-001] [app.py] File path validation started for 'C:\Users\Asus\AppData\Local\Temp\pytest-of-Asus\pytest-20\test_corrupted_pdf0\corrupted.pdf'
[2026-09-09 14:13:29] [INFO ] [req-test-corrupt-001] [app.py] File path validation passed: file exists at 'C:\Users\Asus\AppData\Local\Temp\pytest-of-Asus\pytest-20\test_corrupted_pdf0\corrupted.pdf'
[2026-09-09 14:13:29] [INFO ] [req-test-corrupt-001] [app.py] Opening PDF file 'corrupted.pdf'
[2026-09-09 14:13:29] [INFO ] [req-test-corrupt-001] [app.py] Response sent: 422 Unprocessable Entity
[2026-09-09 14:13:29] [INFO ] [req-unique-id-999] [app.py] Request received: request_id='req-unique-id-999', pdf_path='sample.pdf'
[2026-09-09 14:13:29] [INFO ] [req-unique-id-999] [app.py] File path validation started for 'sample.pdf'
[2026-09-09 14:13:29] [INFO ] [req-unique-id-999] [app.py] File path validation passed: file exists at 'C:\Users\Asus\PycharmProjects\pdf_processor\sample.pdf'
[2026-09-09 14:13:29] [INFO ] [req-unique-id-999] [app.py] Opening PDF file 'sample.pdf'
[2026-09-09 14:13:29] [INFO ] [req-unique-id-999] [app.py] PDF opened successfully
[2026-09-09 14:13:29] [INFO ] [req-unique-id-999] [app.py] Task started: extracting page count and metadata
[2026-09-09 14:13:29] [INFO ] [req-unique-id-999] [app.py] Page count extracted: 3 page(s)
[2026-09-09 14:13:29] [INFO ] [req-unique-id-999] [app.py] Basic metadata extracted: 5 field(s) populated (title, author, subject, creator, producer)
[2026-09-09 14:13:29] [INFO ] [req-unique-id-999] [app.py] Task completed: Successfully processed 'sample.pdf' (3 page(s))
[2026-09-09 14:13:29] [INFO ] [req-unique-id-999] [app.py] Response sent: 200 OK
[2026-09-09 14:13:29] [INFO ] [req-unique-id-999] [app.py] Request received: request_id='req-unique-id-999', pdf_path='sample.pdf'
[2026-09-09 14:13:29] [INFO ] [req-unique-id-999] [app.py] Response sent: 409 Conflict
[2026-09-09 14:13:29] [INFO ] [1] [app.py] Request received with invalid payload: body -> request_id: Value error, Invalid request_id '1': must be a unique identifier, not simple sequential numbers like 1, 2, 3...
[2026-09-09 14:13:29] [INFO ] [1] [app.py] Response sent: 422 Unprocessable Entity
[2026-09-09 14:13:29] [INFO ] [2] [app.py] Request received with invalid payload: body -> request_id: Value error, Invalid request_id '2': must be a unique identifier, not simple sequential numbers like 1, 2, 3...
[2026-09-09 14:13:29] [INFO ] [2] [app.py] Response sent: 422 Unprocessable Entity
[2026-09-09 14:13:29] [INFO ] [3] [app.py] Request received with invalid payload: body -> request_id: Value error, Invalid request_id '3': must be a unique identifier, not simple sequential numbers like 1, 2, 3...
[2026-09-09 14:13:29] [INFO ] [3] [app.py] Response sent: 422 Unprocessable Entity
[2026-09-09 14:13:29] [INFO ] [007] [app.py] Request received with invalid payload: body -> request_id: Value error, Invalid request_id '007': must be a unique identifier, not simple sequential numbers like 1, 2, 3...
[2026-09-09 14:13:29] [INFO ] [007] [app.py] Response sent: 422 Unprocessable Entity
[2026-09-09 14:13:29] [INFO ] [req-backslash-001] [app.py] JSON body contained unescaped backslashes (Windows path); repaired automatically.
[2026-09-09 14:13:29] [INFO ] [req-backslash-001] [app.py] Request received: request_id='req-backslash-001', pdf_path='.\sample.pdf'
[2026-09-09 14:13:29] [INFO ] [req-backslash-001] [app.py] File path validation started for '.\sample.pdf'
[2026-09-09 14:13:29] [INFO ] [req-backslash-001] [app.py] File path validation passed: file exists at 'C:\Users\Asus\AppData\Local\Temp\pytest-of-Asus\pytest-20\test_process_pdf_with_unescape0\sample.pdf'
[2026-09-09 14:13:29] [INFO ] [req-backslash-001] [app.py] Opening PDF file 'sample.pdf'
[2026-09-09 14:13:29] [INFO ] [req-backslash-001] [app.py] PDF opened successfully
[2026-09-09 14:13:29] [INFO ] [req-backslash-001] [app.py] Task started: extracting page count and metadata
[2026-09-09 14:13:29] [INFO ] [req-backslash-001] [app.py] Page count extracted: 3 page(s)
[2026-09-09 14:13:29] [INFO ] [req-backslash-001] [app.py] Basic metadata extracted: 5 field(s) populated (title, author, subject, creator, producer)
[2026-09-09 14:13:29] [INFO ] [req-backslash-001] [app.py] Task completed: Successfully processed 'sample.pdf' (3 page(s))
[2026-09-09 14:13:29] [INFO ] [req-backslash-001] [app.py] Response sent: 200 OK
[2026-09-09 14:13:29] [INFO ] [INVALID_REQUEST] [app.py] Request received with invalid payload: body -> 46: JSON decode error
[2026-09-09 14:13:29] [INFO ] [INVALID_REQUEST] [app.py] Response sent: 422 Unprocessable Entity
[2026-09-09 14:14:22] [INFO ] [req-final-check-02] [app.py] Request received: request_id='req-final-check-02', pdf_path='sample.pdf'
[2026-09-09 14:14:22] [INFO ] [req-final-check-02] [app.py] File path validation started for 'sample.pdf'
[2026-09-09 14:14:22] [INFO ] [req-final-check-02] [app.py] File path validation passed: file exists at 'C:\Users\Asus\PycharmProjects\pdf_processor\sample.pdf'
[2026-09-09 14:14:22] [INFO ] [req-final-check-02] [app.py] Opening PDF file 'sample.pdf'
[2026-09-09 14:14:22] [INFO ] [req-final-check-02] [app.py] PDF opened successfully
[2026-09-09 14:14:22] [INFO ] [req-final-check-02] [app.py] Task started: extracting page count and metadata
[2026-09-09 14:14:22] [INFO ] [req-final-check-02] [app.py] Page count extracted: 3 page(s)
[2026-09-09 14:14:22] [INFO ] [req-final-check-02] [app.py] Basic metadata extracted: 5 field(s) populated (title, author, subject, creator, producer)
[2026-09-09 14:14:22] [INFO ] [req-final-check-02] [app.py] Task completed: Successfully processed 'sample.pdf' (3 page(s))
[2026-09-09 14:14:22] [INFO ] [req-final-check-02] [app.py] Response sent: 200 OK
[2026-09-09 14:24:11] [INFO ] [req-test-success-001] [app.py] Request received: request_id='req-test-success-001', pdf_path='sample.pdf'
[2026-09-09 14:24:11] [INFO ] [req-test-success-001] [app.py] File path validation started for 'sample.pdf'
[2026-09-09 14:24:11] [INFO ] [req-test-success-001] [app.py] File path validation passed: file exists at 'C:\Users\Asus\PycharmProjects\pdf_processor\sample.pdf'
[2026-09-09 14:24:11] [INFO ] [req-test-success-001] [app.py] Opening PDF file 'sample.pdf'
[2026-09-09 14:24:11] [INFO ] [req-test-success-001] [app.py] PDF opened successfully
[2026-09-09 14:24:11] [INFO ] [req-test-success-001] [app.py] Task started: extracting page count and metadata
[2026-09-09 14:24:11] [INFO ] [req-test-success-001] [app.py] Page count extracted: 3 page(s)
[2026-09-09 14:24:11] [INFO ] [req-test-success-001] [app.py] Basic metadata extracted: 5 field(s) populated (title, author, subject, creator, producer)
[2026-09-09 14:24:11] [INFO ] [req-test-success-001] [app.py] Task completed: Successfully processed 'sample.pdf' (3 page(s))
[2026-09-09 14:24:11] [INFO ] [req-test-success-001] [app.py] Response sent: 200 OK
[2026-09-09 14:24:11] [INFO ] [req-test-not-found-404] [app.py] Request received: request_id='req-test-not-found-404', pdf_path='missing_123.pdf'
[2026-09-09 14:24:11] [INFO ] [req-test-not-found-404] [app.py] File path validation started for 'missing_123.pdf'
[2026-09-09 14:24:11] [INFO ] [req-test-not-found-404] [app.py] Response sent: 404 Not Found
[2026-09-09 14:24:11] [INFO ] [req-test-invalid-ext] [app.py] Request received: request_id='req-test-invalid-ext', pdf_path='README.md'
[2026-09-09 14:24:11] [INFO ] [req-test-invalid-ext] [app.py] File path validation started for 'README.md'
[2026-09-09 14:24:11] [INFO ] [req-test-invalid-ext] [app.py] Response sent: 400 Bad Request
[2026-09-09 14:24:11] [INFO ] [req-test-corrupt-001] [app.py] Request received: request_id='req-test-corrupt-001', pdf_path='C:\Users\Asus\AppData\Local\Temp\pytest-of-Asus\pytest-21\test_corrupted_pdf0\corrupted.pdf'
[2026-09-09 14:24:11] [INFO ] [req-test-corrupt-001] [app.py] File path validation started for 'C:\Users\Asus\AppData\Local\Temp\pytest-of-Asus\pytest-21\test_corrupted_pdf0\corrupted.pdf'
[2026-09-09 14:24:11] [INFO ] [req-test-corrupt-001] [app.py] File path validation passed: file exists at 'C:\Users\Asus\AppData\Local\Temp\pytest-of-Asus\pytest-21\test_corrupted_pdf0\corrupted.pdf'
[2026-09-09 14:24:11] [INFO ] [req-test-corrupt-001] [app.py] Opening PDF file 'corrupted.pdf'
[2026-09-09 14:24:11] [INFO ] [req-test-corrupt-001] [app.py] Response sent: 422 Unprocessable Entity
[2026-09-09 14:24:11] [INFO ] [req-unique-id-999] [app.py] Request received: request_id='req-unique-id-999', pdf_path='sample.pdf'
[2026-09-09 14:24:11] [INFO ] [req-unique-id-999] [app.py] File path validation started for 'sample.pdf'
[2026-09-09 14:24:11] [INFO ] [req-unique-id-999] [app.py] File path validation passed: file exists at 'C:\Users\Asus\PycharmProjects\pdf_processor\sample.pdf'
[2026-09-09 14:24:11] [INFO ] [req-unique-id-999] [app.py] Opening PDF file 'sample.pdf'
[2026-09-09 14:24:11] [INFO ] [req-unique-id-999] [app.py] PDF opened successfully
[2026-09-09 14:24:11] [INFO ] [req-unique-id-999] [app.py] Task started: extracting page count and metadata
[2026-09-09 14:24:11] [INFO ] [req-unique-id-999] [app.py] Page count extracted: 3 page(s)
[2026-09-09 14:24:11] [INFO ] [req-unique-id-999] [app.py] Basic metadata extracted: 5 field(s) populated (title, author, subject, creator, producer)
[2026-09-09 14:24:11] [INFO ] [req-unique-id-999] [app.py] Task completed: Successfully processed 'sample.pdf' (3 page(s))
[2026-09-09 14:24:11] [INFO ] [req-unique-id-999] [app.py] Response sent: 200 OK
[2026-09-09 14:24:11] [INFO ] [req-unique-id-999] [app.py] Request received: request_id='req-unique-id-999', pdf_path='sample.pdf'
[2026-09-09 14:24:11] [INFO ] [req-unique-id-999] [app.py] Response sent: 409 Conflict
[2026-09-09 14:24:11] [INFO ] [1] [app.py] Request received with invalid payload: body -> request_id: Value error, Invalid request_id '1': must be a unique identifier, not simple sequential numbers like 1, 2, 3...
[2026-09-09 14:24:11] [INFO ] [1] [app.py] Response sent: 422 Unprocessable Entity
[2026-09-09 14:24:11] [INFO ] [2] [app.py] Request received with invalid payload: body -> request_id: Value error, Invalid request_id '2': must be a unique identifier, not simple sequential numbers like 1, 2, 3...
[2026-09-09 14:24:11] [INFO ] [2] [app.py] Response sent: 422 Unprocessable Entity
[2026-09-09 14:24:11] [INFO ] [3] [app.py] Request received with invalid payload: body -> request_id: Value error, Invalid request_id '3': must be a unique identifier, not simple sequential numbers like 1, 2, 3...
[2026-09-09 14:24:11] [INFO ] [3] [app.py] Response sent: 422 Unprocessable Entity
[2026-09-09 14:24:11] [INFO ] [007] [app.py] Request received with invalid payload: body -> request_id: Value error, Invalid request_id '007': must be a unique identifier, not simple sequential numbers like 1, 2, 3...
[2026-09-09 14:24:11] [INFO ] [007] [app.py] Response sent: 422 Unprocessable Entity
[2026-09-09 14:24:11] [INFO ] [req-backslash-001] [app.py] JSON body contained unescaped backslashes (Windows path); repaired automatically.
[2026-09-09 14:24:11] [INFO ] [req-backslash-001] [app.py] Request received: request_id='req-backslash-001', pdf_path='.\sample.pdf'
[2026-09-09 14:24:11] [INFO ] [req-backslash-001] [app.py] File path validation started for '.\sample.pdf'
[2026-09-09 14:24:11] [INFO ] [req-backslash-001] [app.py] File path validation passed: file exists at 'C:\Users\Asus\AppData\Local\Temp\pytest-of-Asus\pytest-21\test_process_pdf_with_unescape0\sample.pdf'
[2026-09-09 14:24:11] [INFO ] [req-backslash-001] [app.py] Opening PDF file 'sample.pdf'
[2026-09-09 14:24:11] [INFO ] [req-backslash-001] [app.py] PDF opened successfully
[2026-09-09 14:24:11] [INFO ] [req-backslash-001] [app.py] Task started: extracting page count and metadata
[2026-09-09 14:24:11] [INFO ] [req-backslash-001] [app.py] Page count extracted: 3 page(s)
[2026-09-09 14:24:11] [INFO ] [req-backslash-001] [app.py] Basic metadata extracted: 5 field(s) populated (title, author, subject, creator, producer)
[2026-09-09 14:24:11] [INFO ] [req-backslash-001] [app.py] Task completed: Successfully processed 'sample.pdf' (3 page(s))
[2026-09-09 14:24:11] [INFO ] [req-backslash-001] [app.py] Response sent: 200 OK
[2026-09-09 14:24:11] [INFO ] [INVALID_REQUEST] [app.py] Request received with invalid payload: body -> 46: JSON decode error
[2026-09-09 14:24:11] [INFO ] [INVALID_REQUEST] [app.py] Response sent: 422 Unprocessable Entity
[2026-09-09 14:26:44] [INFO ] [req-test-success-001] [app.py] Request received: request_id='req-test-success-001', pdf_path='sample.pdf'
[2026-09-09 14:26:44] [INFO ] [req-test-success-001] [app.py] File path validation started for 'sample.pdf'
[2026-09-09 14:26:44] [INFO ] [req-test-success-001] [app.py] File path validation passed: file exists at 'C:\Users\Asus\PycharmProjects\pdf_processor\sample.pdf'
[2026-09-09 14:26:44] [INFO ] [req-test-success-001] [app.py] Opening PDF file 'sample.pdf'
[2026-09-09 14:26:44] [INFO ] [req-test-success-001] [app.py] PDF opened successfully
[2026-09-09 14:26:44] [INFO ] [req-test-success-001] [app.py] Task started: extracting page count and metadata
[2026-09-09 14:26:44] [INFO ] [req-test-success-001] [app.py] Page count extracted: 3 page(s)
[2026-09-09 14:26:44] [INFO ] [req-test-success-001] [app.py] Basic metadata extracted: 5 field(s) populated (title, author, subject, creator, producer)
[2026-09-09 14:26:44] [INFO ] [req-test-success-001] [app.py] Task completed: Successfully processed 'sample.pdf' (3 page(s))
[2026-09-09 14:26:44] [INFO ] [req-test-success-001] [app.py] Response sent: 200 OK
[2026-09-09 14:26:44] [INFO ] [req-test-not-found-404] [app.py] Request received: request_id='req-test-not-found-404', pdf_path='missing_123.pdf'
[2026-09-09 14:26:44] [INFO ] [req-test-not-found-404] [app.py] File path validation started for 'missing_123.pdf'
[2026-09-09 14:26:44] [INFO ] [req-test-not-found-404] [app.py] Response sent: 404 Not Found
[2026-09-09 14:26:44] [INFO ] [req-test-invalid-ext] [app.py] Request received: request_id='req-test-invalid-ext', pdf_path='README.md'
[2026-09-09 14:26:44] [INFO ] [req-test-invalid-ext] [app.py] File path validation started for 'README.md'
[2026-09-09 14:26:44] [INFO ] [req-test-invalid-ext] [app.py] Response sent: 400 Bad Request
[2026-09-09 14:26:44] [INFO ] [req-test-corrupt-001] [app.py] Request received: request_id='req-test-corrupt-001', pdf_path='C:\Users\Asus\AppData\Local\Temp\pytest-of-Asus\pytest-22\test_corrupted_pdf0\corrupted.pdf'
[2026-09-09 14:26:44] [INFO ] [req-test-corrupt-001] [app.py] File path validation started for 'C:\Users\Asus\AppData\Local\Temp\pytest-of-Asus\pytest-22\test_corrupted_pdf0\corrupted.pdf'
[2026-09-09 14:26:44] [INFO ] [req-test-corrupt-001] [app.py] File path validation passed: file exists at 'C:\Users\Asus\AppData\Local\Temp\pytest-of-Asus\pytest-22\test_corrupted_pdf0\corrupted.pdf'
[2026-09-09 14:26:44] [INFO ] [req-test-corrupt-001] [app.py] Opening PDF file 'corrupted.pdf'
[2026-09-09 14:26:44] [INFO ] [req-test-corrupt-001] [app.py] Response sent: 422 Unprocessable Entity
[2026-09-09 14:26:44] [INFO ] [req-unique-id-999] [app.py] Request received: request_id='req-unique-id-999', pdf_path='sample.pdf'
[2026-09-09 14:26:44] [INFO ] [req-unique-id-999] [app.py] File path validation started for 'sample.pdf'
[2026-09-09 14:26:44] [INFO ] [req-unique-id-999] [app.py] File path validation passed: file exists at 'C:\Users\Asus\PycharmProjects\pdf_processor\sample.pdf'
[2026-09-09 14:26:44] [INFO ] [req-unique-id-999] [app.py] Opening PDF file 'sample.pdf'
[2026-09-09 14:26:44] [INFO ] [req-unique-id-999] [app.py] PDF opened successfully
[2026-09-09 14:26:44] [INFO ] [req-unique-id-999] [app.py] Task started: extracting page count and metadata
[2026-09-09 14:26:44] [INFO ] [req-unique-id-999] [app.py] Page count extracted: 3 page(s)
[2026-09-09 14:26:44] [INFO ] [req-unique-id-999] [app.py] Basic metadata extracted: 5 field(s) populated (title, author, subject, creator, producer)
[2026-09-09 14:26:44] [INFO ] [req-unique-id-999] [app.py] Task completed: Successfully processed 'sample.pdf' (3 page(s))
[2026-09-09 14:26:44] [INFO ] [req-unique-id-999] [app.py] Response sent: 200 OK
[2026-09-09 14:26:44] [INFO ] [req-unique-id-999] [app.py] Request received: request_id='req-unique-id-999', pdf_path='sample.pdf'
[2026-09-09 14:26:44] [INFO ] [req-unique-id-999] [app.py] Response sent: 409 Conflict
[2026-09-09 14:26:44] [INFO ] [1] [app.py] Request received with invalid payload: body -> request_id: Value error, Invalid request_id '1': must be a unique identifier, not simple sequential numbers like 1, 2, 3...
[2026-09-09 14:26:44] [INFO ] [1] [app.py] Response sent: 422 Unprocessable Entity
[2026-09-09 14:26:44] [INFO ] [2] [app.py] Request received with invalid payload: body -> request_id: Value error, Invalid request_id '2': must be a unique identifier, not simple sequential numbers like 1, 2, 3...
[2026-09-09 14:26:44] [INFO ] [2] [app.py] Response sent: 422 Unprocessable Entity
[2026-09-09 14:26:44] [INFO ] [3] [app.py] Request received with invalid payload: body -> request_id: Value error, Invalid request_id '3': must be a unique identifier, not simple sequential numbers like 1, 2, 3...
[2026-09-09 14:26:44] [INFO ] [3] [app.py] Response sent: 422 Unprocessable Entity
[2026-09-09 14:26:44] [INFO ] [007] [app.py] Request received with invalid payload: body -> request_id: Value error, Invalid request_id '007': must be a unique identifier, not simple sequential numbers like 1, 2, 3...
[2026-09-09 14:26:44] [INFO ] [007] [app.py] Response sent: 422 Unprocessable Entity
[2026-09-09 14:26:44] [INFO ] [req-backslash-001] [app.py] JSON body contained unescaped backslashes (Windows path); repaired automatically.
[2026-09-09 14:26:44] [INFO ] [req-backslash-001] [app.py] Request received: request_id='req-backslash-001', pdf_path='.\sample.pdf'
[2026-09-09 14:26:44] [INFO ] [req-backslash-001] [app.py] File path validation started for '.\sample.pdf'
[2026-09-09 14:26:44] [INFO ] [req-backslash-001] [app.py] File path validation passed: file exists at 'C:\Users\Asus\AppData\Local\Temp\pytest-of-Asus\pytest-22\test_process_pdf_with_unescape0\sample.pdf'
[2026-09-09 14:26:44] [INFO ] [req-backslash-001] [app.py] Opening PDF file 'sample.pdf'
[2026-09-09 14:26:44] [INFO ] [req-backslash-001] [app.py] PDF opened successfully
[2026-09-09 14:26:44] [INFO ] [req-backslash-001] [app.py] Task started: extracting page count and metadata
[2026-09-09 14:26:44] [INFO ] [req-backslash-001] [app.py] Page count extracted: 3 page(s)
[2026-09-09 14:26:44] [INFO ] [req-backslash-001] [app.py] Basic metadata extracted: 5 field(s) populated (title, author, subject, creator, producer)
[2026-09-09 14:26:44] [INFO ] [req-backslash-001] [app.py] Task completed: Successfully processed 'sample.pdf' (3 page(s))
[2026-09-09 14:26:44] [INFO ] [req-backslash-001] [app.py] Response sent: 200 OK
[2026-09-09 14:26:44] [INFO ] [INVALID_REQUEST] [app.py] Request received with invalid payload: body -> 46: JSON decode error
[2026-09-09 14:26:44] [INFO ] [INVALID_REQUEST] [app.py] Response sent: 422 Unprocessable Entity
[2026-09-09 14:35:57] [INFO ] [req-test-success-001] [app.py] Request received: request_id='req-test-success-001', pdf_path='sample.pdf'
[2026-09-09 14:35:57] [INFO ] [req-test-success-001] [app.py] File path validation started for 'sample.pdf'
[2026-09-09 14:35:57] [INFO ] [req-test-success-001] [app.py] File path validation passed: file exists at 'C:\Users\Asus\PycharmProjects\pdf_processor\sample.pdf'
[2026-09-09 14:35:57] [INFO ] [req-test-success-001] [app.py] Opening PDF file 'sample.pdf'
[2026-09-09 14:35:57] [INFO ] [req-test-success-001] [app.py] PDF opened successfully
[2026-09-09 14:35:57] [INFO ] [req-test-success-001] [app.py] Task started: extracting page count and metadata
[2026-09-09 14:35:57] [INFO ] [req-test-success-001] [app.py] Page count extracted: 3 page(s)
[2026-09-09 14:35:57] [INFO ] [req-test-success-001] [app.py] Basic metadata extracted: 5 field(s) populated (title, author, subject, creator, producer)
[2026-09-09 14:35:57] [INFO ] [req-test-success-001] [app.py] Task completed: Successfully processed 'sample.pdf' (3 page(s))
[2026-09-09 14:35:57] [INFO ] [req-test-success-001] [app.py] Response sent: 200 OK
[2026-09-09 14:35:57] [INFO ] [req-test-not-found-404] [app.py] Request received: request_id='req-test-not-found-404', pdf_path='missing_123.pdf'
[2026-09-09 14:35:57] [INFO ] [req-test-not-found-404] [app.py] File path validation started for 'missing_123.pdf'
[2026-09-09 14:35:57] [INFO ] [req-test-not-found-404] [app.py] Response sent: 404 Not Found
[2026-09-09 14:35:57] [INFO ] [req-test-invalid-ext] [app.py] Request received: request_id='req-test-invalid-ext', pdf_path='README.md'
[2026-09-09 14:35:57] [INFO ] [req-test-invalid-ext] [app.py] File path validation started for 'README.md'
[2026-09-09 14:35:57] [INFO ] [req-test-invalid-ext] [app.py] Response sent: 400 Bad Request
[2026-09-09 14:35:57] [INFO ] [req-test-corrupt-001] [app.py] Request received: request_id='req-test-corrupt-001', pdf_path='C:\Users\Asus\AppData\Local\Temp\pytest-of-Asus\pytest-23\test_corrupted_pdf0\corrupted.pdf'
[2026-09-09 14:35:57] [INFO ] [req-test-corrupt-001] [app.py] File path validation started for 'C:\Users\Asus\AppData\Local\Temp\pytest-of-Asus\pytest-23\test_corrupted_pdf0\corrupted.pdf'
[2026-09-09 14:35:57] [INFO ] [req-test-corrupt-001] [app.py] File path validation passed: file exists at 'C:\Users\Asus\AppData\Local\Temp\pytest-of-Asus\pytest-23\test_corrupted_pdf0\corrupted.pdf'
[2026-09-09 14:35:57] [INFO ] [req-test-corrupt-001] [app.py] Opening PDF file 'corrupted.pdf'
[2026-09-09 14:35:57] [INFO ] [req-test-corrupt-001] [app.py] Response sent: 422 Unprocessable Entity
[2026-09-09 14:35:57] [INFO ] [req-unique-id-999] [app.py] Request received: request_id='req-unique-id-999', pdf_path='sample.pdf'
[2026-09-09 14:35:57] [INFO ] [req-unique-id-999] [app.py] File path validation started for 'sample.pdf'
[2026-09-09 14:35:57] [INFO ] [req-unique-id-999] [app.py] File path validation passed: file exists at 'C:\Users\Asus\PycharmProjects\pdf_processor\sample.pdf'
[2026-09-09 14:35:57] [INFO ] [req-unique-id-999] [app.py] Opening PDF file 'sample.pdf'
[2026-09-09 14:35:57] [INFO ] [req-unique-id-999] [app.py] PDF opened successfully
[2026-09-09 14:35:57] [INFO ] [req-unique-id-999] [app.py] Task started: extracting page count and metadata
[2026-09-09 14:35:57] [INFO ] [req-unique-id-999] [app.py] Page count extracted: 3 page(s)
[2026-09-09 14:35:57] [INFO ] [req-unique-id-999] [app.py] Basic metadata extracted: 5 field(s) populated (title, author, subject, creator, producer)
[2026-09-09 14:35:57] [INFO ] [req-unique-id-999] [app.py] Task completed: Successfully processed 'sample.pdf' (3 page(s))
[2026-09-09 14:35:57] [INFO ] [req-unique-id-999] [app.py] Response sent: 200 OK
[2026-09-09 14:35:57] [INFO ] [req-unique-id-999] [app.py] Request received: request_id='req-unique-id-999', pdf_path='sample.pdf'
[2026-09-09 14:35:57] [INFO ] [req-unique-id-999] [app.py] Response sent: 409 Conflict
[2026-09-09 14:35:57] [INFO ] [1] [app.py] Request received with invalid payload: body -> request_id: Value error, Invalid request_id '1': must be a unique identifier, not simple sequential numbers like 1, 2, 3...
[2026-09-09 14:35:57] [INFO ] [1] [app.py] Response sent: 422 Unprocessable Entity
[2026-09-09 14:35:57] [INFO ] [2] [app.py] Request received with invalid payload: body -> request_id: Value error, Invalid request_id '2': must be a unique identifier, not simple sequential numbers like 1, 2, 3...
[2026-09-09 14:35:57] [INFO ] [2] [app.py] Response sent: 422 Unprocessable Entity
[2026-09-09 14:35:57] [INFO ] [3] [app.py] Request received with invalid payload: body -> request_id: Value error, Invalid request_id '3': must be a unique identifier, not simple sequential numbers like 1, 2, 3...
[2026-09-09 14:35:57] [INFO ] [3] [app.py] Response sent: 422 Unprocessable Entity
[2026-09-09 14:35:57] [INFO ] [007] [app.py] Request received with invalid payload: body -> request_id: Value error, Invalid request_id '007': must be a unique identifier, not simple sequential numbers like 1, 2, 3...
[2026-09-09 14:35:57] [INFO ] [007] [app.py] Response sent: 422 Unprocessable Entity
[2026-09-09 14:35:57] [INFO ] [req-backslash-001] [app.py] JSON body contained unescaped backslashes (Windows path); repaired automatically.
[2026-09-09 14:35:57] [INFO ] [req-backslash-001] [app.py] Request received: request_id='req-backslash-001', pdf_path='.\sample.pdf'
[2026-09-09 14:35:57] [INFO ] [req-backslash-001] [app.py] File path validation started for '.\sample.pdf'
[2026-09-09 14:35:57] [INFO ] [req-backslash-001] [app.py] File path validation passed: file exists at 'C:\Users\Asus\AppData\Local\Temp\pytest-of-Asus\pytest-23\test_process_pdf_with_unescape0\sample.pdf'
[2026-09-09 14:35:57] [INFO ] [req-backslash-001] [app.py] Opening PDF file 'sample.pdf'
[2026-09-09 14:35:57] [INFO ] [req-backslash-001] [app.py] PDF opened successfully
[2026-09-09 14:35:57] [INFO ] [req-backslash-001] [app.py] Task started: extracting page count and metadata
[2026-09-09 14:35:57] [INFO ] [req-backslash-001] [app.py] Page count extracted: 3 page(s)
[2026-09-09 14:35:57] [INFO ] [req-backslash-001] [app.py] Basic metadata extracted: 5 field(s) populated (title, author, subject, creator, producer)
[2026-09-09 14:35:57] [INFO ] [req-backslash-001] [app.py] Task completed: Successfully processed 'sample.pdf' (3 page(s))
[2026-09-09 14:35:57] [INFO ] [req-backslash-001] [app.py] Response sent: 200 OK
[2026-09-09 14:35:57] [INFO ] [INVALID_REQUEST] [app.py] Request received with invalid payload: body -> 46: JSON decode error
[2026-09-09 14:35:57] [INFO ] [INVALID_REQUEST] [app.py] Response sent: 422 Unprocessable Entity
[2026-09-09 14:37:47] [INFO ] [3fa85f64-5717-4562-b3fc-2c963f66afa6] [app.py] Request received: request_id='3fa85f64-5717-4562-b3fc-2c963f66afa6', pdf_path='sample.pdf'
[2026-09-09 14:37:47] [INFO ] [3fa85f64-5717-4562-b3fc-2c963f66afa6] [app.py] File path validation started for 'sample.pdf'
[2026-09-09 14:37:47] [INFO ] [3fa85f64-5717-4562-b3fc-2c963f66afa6] [app.py] File path validation passed: file exists at 'C:\Users\Asus\PycharmProjects\pdf_processor\sample.pdf'
[2026-09-09 14:37:47] [INFO ] [3fa85f64-5717-4562-b3fc-2c963f66afa6] [app.py] Opening PDF file 'sample.pdf'
[2026-09-09 14:37:47] [INFO ] [3fa85f64-5717-4562-b3fc-2c963f66afa6] [app.py] PDF opened successfully
[2026-09-09 14:37:47] [INFO ] [3fa85f64-5717-4562-b3fc-2c963f66afa6] [app.py] Task started: extracting page count and metadata
[2026-09-09 14:37:47] [INFO ] [3fa85f64-5717-4562-b3fc-2c963f66afa6] [app.py] Page count extracted: 3 page(s)
[2026-09-09 14:37:47] [INFO ] [3fa85f64-5717-4562-b3fc-2c963f66afa6] [app.py] Basic metadata extracted: 5 field(s) populated (title, author, subject, creator, producer)
[2026-09-09 14:37:47] [INFO ] [3fa85f64-5717-4562-b3fc-2c963f66afa6] [app.py] Task completed: Successfully processed 'sample.pdf' (3 page(s))
[2026-09-09 14:37:47] [INFO ] [3fa85f64-5717-4562-b3fc-2c963f66afa6] [app.py] Response sent: 200 OK
[2026-09-09 15:03:04] [INFO ] [req-test-success-001] [app.py] Request received: request_id='req-test-success-001', pdf_path='sample.pdf'
[2026-09-09 15:03:04] [INFO ] [req-test-success-001] [app.py] File path validation started for 'sample.pdf'
[2026-09-09 15:03:04] [INFO ] [req-test-success-001] [app.py] File path validation passed: file exists at 'C:\Users\Asus\PycharmProjects\pdf_processor\sample.pdf'
[2026-09-09 15:03:04] [INFO ] [req-test-success-001] [app.py] Opening PDF file 'sample.pdf'
[2026-09-09 15:03:04] [INFO ] [req-test-success-001] [app.py] PDF opened successfully
[2026-09-09 15:03:04] [INFO ] [req-test-success-001] [app.py] Task started: extracting page count and metadata
[2026-09-09 15:03:04] [INFO ] [req-test-success-001] [app.py] Page count extracted: 3 page(s)
[2026-09-09 15:03:04] [INFO ] [req-test-success-001] [app.py] Basic metadata extracted: 5 field(s) populated (title, author, subject, creator, producer)
[2026-09-09 15:03:04] [INFO ] [req-test-success-001] [app.py] Task completed: Successfully processed 'sample.pdf' (3 page(s))
[2026-09-09 15:03:04] [INFO ] [req-test-success-001] [app.py] Response sent: 200 OK
[2026-09-09 15:03:04] [INFO ] [req-test-not-found-404] [app.py] Request received: request_id='req-test-not-found-404', pdf_path='missing_123.pdf'
[2026-09-09 15:03:04] [INFO ] [req-test-not-found-404] [app.py] File path validation started for 'missing_123.pdf'
[2026-09-09 15:03:04] [INFO ] [req-test-not-found-404] [app.py] Response sent: 404 Not Found
[2026-09-09 15:03:04] [INFO ] [req-test-invalid-ext] [app.py] Request received: request_id='req-test-invalid-ext', pdf_path='README.md'
[2026-09-09 15:03:04] [INFO ] [req-test-invalid-ext] [app.py] File path validation started for 'README.md'
[2026-09-09 15:03:04] [INFO ] [req-test-invalid-ext] [app.py] Response sent: 400 Bad Request
[2026-09-09 15:03:05] [INFO ] [req-test-corrupt-001] [app.py] Request received: request_id='req-test-corrupt-001', pdf_path='C:\Users\Asus\AppData\Local\Temp\pytest-of-Asus\pytest-24\test_corrupted_pdf0\corrupted.pdf'
[2026-09-09 15:03:05] [INFO ] [req-test-corrupt-001] [app.py] File path validation started for 'C:\Users\Asus\AppData\Local\Temp\pytest-of-Asus\pytest-24\test_corrupted_pdf0\corrupted.pdf'
[2026-09-09 15:03:05] [INFO ] [req-test-corrupt-001] [app.py] File path validation passed: file exists at 'C:\Users\Asus\AppData\Local\Temp\pytest-of-Asus\pytest-24\test_corrupted_pdf0\corrupted.pdf'
[2026-09-09 15:03:05] [INFO ] [req-test-corrupt-001] [app.py] Opening PDF file 'corrupted.pdf'
[2026-09-09 15:03:05] [INFO ] [req-test-corrupt-001] [app.py] Response sent: 422 Unprocessable Entity
[2026-09-09 15:03:05] [INFO ] [req-unique-id-999] [app.py] Request received: request_id='req-unique-id-999', pdf_path='sample.pdf'
[2026-09-09 15:03:05] [INFO ] [req-unique-id-999] [app.py] File path validation started for 'sample.pdf'
[2026-09-09 15:03:05] [INFO ] [req-unique-id-999] [app.py] File path validation passed: file exists at 'C:\Users\Asus\PycharmProjects\pdf_processor\sample.pdf'
[2026-09-09 15:03:05] [INFO ] [req-unique-id-999] [app.py] Opening PDF file 'sample.pdf'
[2026-09-09 15:03:05] [INFO ] [req-unique-id-999] [app.py] PDF opened successfully
[2026-09-09 15:03:05] [INFO ] [req-unique-id-999] [app.py] Task started: extracting page count and metadata
[2026-09-09 15:03:05] [INFO ] [req-unique-id-999] [app.py] Page count extracted: 3 page(s)
[2026-09-09 15:03:05] [INFO ] [req-unique-id-999] [app.py] Basic metadata extracted: 5 field(s) populated (title, author, subject, creator, producer)
[2026-09-09 15:03:05] [INFO ] [req-unique-id-999] [app.py] Task completed: Successfully processed 'sample.pdf' (3 page(s))
[2026-09-09 15:03:05] [INFO ] [req-unique-id-999] [app.py] Response sent: 200 OK
[2026-09-09 15:03:05] [INFO ] [req-unique-id-999] [app.py] Request received: request_id='req-unique-id-999', pdf_path='sample.pdf'
[2026-09-09 15:03:05] [INFO ] [req-unique-id-999] [app.py] Response sent: 409 Conflict
[2026-09-09 15:03:05] [INFO ] [1] [app.py] Request received with invalid payload: body -> request_id: Value error, Invalid request_id '1': must be a unique identifier, not simple sequential numbers like 1, 2, 3...
[2026-09-09 15:03:05] [INFO ] [1] [app.py] Response sent: 422 Unprocessable Entity
[2026-09-09 15:03:05] [INFO ] [2] [app.py] Request received with invalid payload: body -> request_id: Value error, Invalid request_id '2': must be a unique identifier, not simple sequential numbers like 1, 2, 3...
[2026-09-09 15:03:05] [INFO ] [2] [app.py] Response sent: 422 Unprocessable Entity
[2026-09-09 15:03:05] [INFO ] [3] [app.py] Request received with invalid payload: body -> request_id: Value error, Invalid request_id '3': must be a unique identifier, not simple sequential numbers like 1, 2, 3...
[2026-09-09 15:03:05] [INFO ] [3] [app.py] Response sent: 422 Unprocessable Entity
[2026-09-09 15:03:05] [INFO ] [007] [app.py] Request received with invalid payload: body -> request_id: Value error, Invalid request_id '007': must be a unique identifier, not simple sequential numbers like 1, 2, 3...
[2026-09-09 15:03:05] [INFO ] [007] [app.py] Response sent: 422 Unprocessable Entity
[2026-09-09 15:03:05] [INFO ] [req-backslash-001] [app.py] JSON body contained unescaped backslashes (Windows path); repaired automatically.
[2026-09-09 15:03:05] [INFO ] [req-backslash-001] [app.py] Request received: request_id='req-backslash-001', pdf_path='.\sample.pdf'
[2026-09-09 15:03:05] [INFO ] [req-backslash-001] [app.py] File path validation started for '.\sample.pdf'
[2026-09-09 15:03:05] [INFO ] [req-backslash-001] [app.py] File path validation passed: file exists at 'C:\Users\Asus\AppData\Local\Temp\pytest-of-Asus\pytest-24\test_process_pdf_with_unescape0\sample.pdf'
[2026-09-09 15:03:05] [INFO ] [req-backslash-001] [app.py] Opening PDF file 'sample.pdf'
[2026-09-09 15:03:05] [INFO ] [req-backslash-001] [app.py] PDF opened successfully
[2026-09-09 15:03:05] [INFO ] [req-backslash-001] [app.py] Task started: extracting page count and metadata
[2026-09-09 15:03:05] [INFO ] [req-backslash-001] [app.py] Page count extracted: 3 page(s)
[2026-09-09 15:03:05] [INFO ] [req-backslash-001] [app.py] Basic metadata extracted: 5 field(s) populated (title, author, subject, creator, producer)
[2026-09-09 15:03:05] [INFO ] [req-backslash-001] [app.py] Task completed: Successfully processed 'sample.pdf' (3 page(s))
[2026-09-09 15:03:05] [INFO ] [req-backslash-001] [app.py] Response sent: 200 OK
[2026-09-09 15:03:05] [INFO ] [INVALID_REQUEST] [app.py] Request received with invalid payload: body -> 46: JSON decode error
[2026-09-09 15:03:05] [INFO ] [INVALID_REQUEST] [app.py] Response sent: 422 Unprocessable Entity
[2026-09-09 15:04:48] [INFO ] [req-test-success-001] [app.py] Request received: request_id='req-test-success-001', pdf_path='sample.pdf'
[2026-09-09 15:04:48] [INFO ] [req-test-success-001] [app.py] File path validation started for 'sample.pdf'
[2026-09-09 15:04:48] [INFO ] [req-test-success-001] [app.py] File path validation passed: file exists at 'C:\Users\Asus\PycharmProjects\pdf_processor\sample.pdf'
[2026-09-09 15:04:48] [INFO ] [req-test-success-001] [app.py] Opening PDF file 'sample.pdf'
[2026-09-09 15:04:48] [INFO ] [req-test-success-001] [app.py] PDF opened successfully
[2026-09-09 15:04:48] [INFO ] [req-test-success-001] [app.py] Task started: extracting page count and metadata
[2026-09-09 15:04:48] [INFO ] [req-test-success-001] [app.py] Page count extracted: 3 page(s)
[2026-09-09 15:04:48] [INFO ] [req-test-success-001] [app.py] Basic metadata extracted: 5 field(s) populated (title, author, subject, creator, producer)
[2026-09-09 15:04:48] [INFO ] [req-test-success-001] [app.py] Task completed: Successfully processed 'sample.pdf' (3 page(s))
[2026-09-09 15:04:48] [INFO ] [req-test-success-001] [app.py] Response sent: 200 OK
[2026-09-09 15:04:48] [INFO ] [req-test-not-found-404] [app.py] Request received: request_id='req-test-not-found-404', pdf_path='missing_123.pdf'
[2026-09-09 15:04:48] [INFO ] [req-test-not-found-404] [app.py] File path validation started for 'missing_123.pdf'
[2026-09-09 15:04:48] [INFO ] [req-test-not-found-404] [app.py] Response sent: 404 Not Found
[2026-09-09 15:04:48] [INFO ] [req-test-invalid-ext] [app.py] Request received: request_id='req-test-invalid-ext', pdf_path='README.md'
[2026-09-09 15:04:48] [INFO ] [req-test-invalid-ext] [app.py] File path validation started for 'README.md'
[2026-09-09 15:04:48] [INFO ] [req-test-invalid-ext] [app.py] Response sent: 400 Bad Request
[2026-09-09 15:04:48] [INFO ] [req-test-corrupt-001] [app.py] Request received: request_id='req-test-corrupt-001', pdf_path='C:\Users\Asus\AppData\Local\Temp\pytest-of-Asus\pytest-25\test_corrupted_pdf0\corrupted.pdf'
[2026-09-09 15:04:48] [INFO ] [req-test-corrupt-001] [app.py] File path validation started for 'C:\Users\Asus\AppData\Local\Temp\pytest-of-Asus\pytest-25\test_corrupted_pdf0\corrupted.pdf'
[2026-09-09 15:04:48] [INFO ] [req-test-corrupt-001] [app.py] File path validation passed: file exists at 'C:\Users\Asus\AppData\Local\Temp\pytest-of-Asus\pytest-25\test_corrupted_pdf0\corrupted.pdf'
[2026-09-09 15:04:48] [INFO ] [req-test-corrupt-001] [app.py] Opening PDF file 'corrupted.pdf'
[2026-09-09 15:04:48] [INFO ] [req-test-corrupt-001] [app.py] Response sent: 422 Unprocessable Entity
[2026-09-09 15:04:49] [INFO ] [req-unique-id-999] [app.py] Request received: request_id='req-unique-id-999', pdf_path='sample.pdf'
[2026-09-09 15:04:49] [INFO ] [req-unique-id-999] [app.py] File path validation started for 'sample.pdf'
[2026-09-09 15:04:49] [INFO ] [req-unique-id-999] [app.py] File path validation passed: file exists at 'C:\Users\Asus\PycharmProjects\pdf_processor\sample.pdf'
[2026-09-09 15:04:49] [INFO ] [req-unique-id-999] [app.py] Opening PDF file 'sample.pdf'
[2026-09-09 15:04:49] [INFO ] [req-unique-id-999] [app.py] PDF opened successfully
[2026-09-09 15:04:49] [INFO ] [req-unique-id-999] [app.py] Task started: extracting page count and metadata
[2026-09-09 15:04:49] [INFO ] [req-unique-id-999] [app.py] Page count extracted: 3 page(s)
[2026-09-09 15:04:49] [INFO ] [req-unique-id-999] [app.py] Basic metadata extracted: 5 field(s) populated (title, author, subject, creator, producer)
[2026-09-09 15:04:49] [INFO ] [req-unique-id-999] [app.py] Task completed: Successfully processed 'sample.pdf' (3 page(s))
[2026-09-09 15:04:49] [INFO ] [req-unique-id-999] [app.py] Response sent: 200 OK
[2026-09-09 15:04:49] [INFO ] [req-unique-id-999] [app.py] Request received: request_id='req-unique-id-999', pdf_path='sample.pdf'
[2026-09-09 15:04:49] [INFO ] [req-unique-id-999] [app.py] Response sent: 409 Conflict
[2026-09-09 15:04:49] [INFO ] [1] [app.py] Request received with invalid payload: body -> request_id: Value error, Invalid request_id '1': must be a unique identifier, not simple sequential numbers like 1, 2, 3...
[2026-09-09 15:04:49] [INFO ] [1] [app.py] Response sent: 422 Unprocessable Entity
[2026-09-09 15:04:49] [INFO ] [2] [app.py] Request received with invalid payload: body -> request_id: Value error, Invalid request_id '2': must be a unique identifier, not simple sequential numbers like 1, 2, 3...
[2026-09-09 15:04:49] [INFO ] [2] [app.py] Response sent: 422 Unprocessable Entity
[2026-09-09 15:04:49] [INFO ] [3] [app.py] Request received with invalid payload: body -> request_id: Value error, Invalid request_id '3': must be a unique identifier, not simple sequential numbers like 1, 2, 3...
[2026-09-09 15:04:49] [INFO ] [3] [app.py] Response sent: 422 Unprocessable Entity
[2026-09-09 15:04:49] [INFO ] [007] [app.py] Request received with invalid payload: body -> request_id: Value error, Invalid request_id '007': must be a unique identifier, not simple sequential numbers like 1, 2, 3...
[2026-09-09 15:04:49] [INFO ] [007] [app.py] Response sent: 422 Unprocessable Entity
[2026-09-09 15:04:49] [INFO ] [req-backslash-001] [app.py] JSON body contained unescaped backslashes (Windows path); repaired automatically.
[2026-09-09 15:04:49] [INFO ] [req-backslash-001] [app.py] Request received: request_id='req-backslash-001', pdf_path='.\sample.pdf'
[2026-09-09 15:04:49] [INFO ] [req-backslash-001] [app.py] File path validation started for '.\sample.pdf'
[2026-09-09 15:04:49] [INFO ] [req-backslash-001] [app.py] File path validation passed: file exists at 'C:\Users\Asus\AppData\Local\Temp\pytest-of-Asus\pytest-25\test_process_pdf_with_unescape0\sample.pdf'
[2026-09-09 15:04:49] [INFO ] [req-backslash-001] [app.py] Opening PDF file 'sample.pdf'
[2026-09-09 15:04:49] [INFO ] [req-backslash-001] [app.py] PDF opened successfully
[2026-09-09 15:04:49] [INFO ] [req-backslash-001] [app.py] Task started: extracting page count and metadata
[2026-09-09 15:04:49] [INFO ] [req-backslash-001] [app.py] Page count extracted: 3 page(s)
[2026-09-09 15:04:49] [INFO ] [req-backslash-001] [app.py] Basic metadata extracted: 5 field(s) populated (title, author, subject, creator, producer)
[2026-09-09 15:04:49] [INFO ] [req-backslash-001] [app.py] Task completed: Successfully processed 'sample.pdf' (3 page(s))
[2026-09-09 15:04:49] [INFO ] [req-backslash-001] [app.py] Response sent: 200 OK
[2026-09-09 15:04:49] [INFO ] [INVALID_REQUEST] [app.py] Request received with invalid payload: body -> 46: JSON decode error
[2026-09-09 15:04:49] [INFO ] [INVALID_REQUEST] [app.py] Response sent: 422 Unprocessable Entity
[2026-09-09 15:29:47] [INFO ] [c9289dac-384b-465f-ae16-b2bce543a223] [app.py] Request received: request_id='c9289dac-384b-465f-ae16-b2bce543a223', pdf_path='sample_pdf_for_stream_extraction.pdf'
[2026-09-09 15:29:47] [INFO ] [c9289dac-384b-465f-ae16-b2bce543a223] [app.py] File path validation started for 'sample_pdf_for_stream_extraction.pdf'
[2026-09-09 15:29:47] [INFO ] [c9289dac-384b-465f-ae16-b2bce543a223] [app.py] File path validation passed: file exists at 'C:\Users\Asus\PycharmProjects\pdf_processor\sample_pdf_for_stream_extraction.pdf'
[2026-09-09 15:29:47] [INFO ] [c9289dac-384b-465f-ae16-b2bce543a223] [app.py] Opening PDF file 'sample_pdf_for_stream_extraction.pdf'
[2026-09-09 15:29:47] [INFO ] [c9289dac-384b-465f-ae16-b2bce543a223] [app.py] PDF opened successfully
[2026-09-09 15:29:47] [INFO ] [c9289dac-384b-465f-ae16-b2bce543a223] [app.py] Task started: extracting page count and metadata
[2026-09-09 15:29:47] [INFO ] [c9289dac-384b-465f-ae16-b2bce543a223] [app.py] Page count extracted: 1 page(s)
[2026-09-09 15:29:47] [INFO ] [c9289dac-384b-465f-ae16-b2bce543a223] [app.py] Basic metadata extracted: 7 field(s) populated (title, author, subject, creator, producer, creation_date, modification_date)
[2026-09-09 15:29:47] [INFO ] [c9289dac-384b-465f-ae16-b2bce543a223] [app.py] Task completed: Successfully processed 'sample_pdf_for_stream_extraction.pdf' (1 page(s))
[2026-09-09 15:29:47] [INFO ] [c9289dac-384b-465f-ae16-b2bce543a223] [app.py] Response sent: 200 OK
[2026-09-09 15:29:49] [INFO ] [c9289dac-384b-465f-ae16-b2bce543a223] [app.py] Request received: request_id='c9289dac-384b-465f-ae16-b2bce543a223', pdf_path='sample_pdf_for_stream_extraction.pdf'
[2026-09-09 15:29:49] [INFO ] [c9289dac-384b-465f-ae16-b2bce543a223] [app.py] Response sent: 409 Conflict
[2026-09-09 16:25:30] [INFO ] [3fa85f64-5717-4562-b3fc-2c963f66afa6] [app.py] Request received: request_id='3fa85f64-5717-4562-b3fc-2c963f66afa6', pdf_path='sample.pdf'
[2026-09-09 16:25:30] [INFO ] [3fa85f64-5717-4562-b3fc-2c963f66afa6] [app.py] File path validation started for 'sample.pdf'
[2026-09-09 16:25:30] [INFO ] [3fa85f64-5717-4562-b3fc-2c963f66afa6] [app.py] File path validation passed: file exists at 'C:\Users\Asus\PycharmProjects\pdf_processor\sample.pdf'
[2026-09-09 16:25:30] [INFO ] [3fa85f64-5717-4562-b3fc-2c963f66afa6] [app.py] Opening PDF file 'sample.pdf'
[2026-09-09 16:25:30] [INFO ] [3fa85f64-5717-4562-b3fc-2c963f66afa6] [app.py] PDF opened successfully
[2026-09-09 16:25:30] [INFO ] [3fa85f64-5717-4562-b3fc-2c963f66afa6] [app.py] Task started: extracting page count and metadata
[2026-09-09 16:25:31] [INFO ] [3fa85f64-5717-4562-b3fc-2c963f66afa6] [app.py] Page count extracted: 3 page(s)
[2026-09-09 16:25:31] [INFO ] [3fa85f64-5717-4562-b3fc-2c963f66afa6] [app.py] Basic metadata extracted: 5 field(s) populated (title, author, subject, creator, producer)
[2026-09-09 16:25:31] [INFO ] [3fa85f64-5717-4562-b3fc-2c963f66afa6] [app.py] Task completed: Successfully processed 'sample.pdf' (3 page(s))
[2026-09-09 16:25:31] [INFO ] [3fa85f64-5717-4562-b3fc-2c963f66afa6] [app.py] Response sent: 200 OK
[2026-09-09 16:25:39] [INFO ] [3fa85f64-5717-4562-b3fc-2c963f66afa6] [app.py] Request received: request_id='3fa85f64-5717-4562-b3fc-2c963f66afa6', pdf_path='sample.pdf'
[2026-09-09 16:25:39] [INFO ] [3fa85f64-5717-4562-b3fc-2c963f66afa6] [app.py] Response sent: 409 Conflict
[2026-09-09 16:32:33] [INFO ] [req-test-success-001] [app.py] Request received: request_id='req-test-success-001', pdf_path='sample.pdf'
[2026-09-09 16:32:33] [INFO ] [req-test-success-001] [app.py] File path validation started for 'sample.pdf'
[2026-09-09 16:32:33] [INFO ] [req-test-success-001] [app.py] File path validation passed: file exists at 'C:\Users\Asus\PycharmProjects\pdf_processor\sample.pdf'
[2026-09-09 16:32:33] [INFO ] [req-test-success-001] [app.py] Opening PDF file 'sample.pdf'
[2026-09-09 16:32:33] [INFO ] [req-test-success-001] [app.py] PDF opened successfully
[2026-09-09 16:32:33] [INFO ] [req-test-success-001] [app.py] Task started: extracting page count and metadata
[2026-09-09 16:32:33] [INFO ] [req-test-success-001] [app.py] Page count extracted: 3 page(s)
[2026-09-09 16:32:33] [INFO ] [req-test-success-001] [app.py] Basic metadata extracted: 5 field(s) populated (title, author, subject, creator, producer)
[2026-09-09 16:32:33] [INFO ] [req-test-success-001] [app.py] Task completed: Successfully processed 'sample.pdf' (3 page(s))
[2026-09-09 16:32:33] [INFO ] [req-test-success-001] [app.py] Response sent: 200 OK
[2026-09-09 16:32:33] [INFO ] [req-test-not-found-404] [app.py] Request received: request_id='req-test-not-found-404', pdf_path='missing_123.pdf'
[2026-09-09 16:32:33] [INFO ] [req-test-not-found-404] [app.py] File path validation started for 'missing_123.pdf'
[2026-09-09 16:32:33] [INFO ] [req-test-not-found-404] [app.py] Response sent: 404 Not Found
[2026-09-09 16:32:33] [INFO ] [req-test-invalid-ext] [app.py] Request received: request_id='req-test-invalid-ext', pdf_path='README.md'
[2026-09-09 16:32:33] [INFO ] [req-test-invalid-ext] [app.py] File path validation started for 'README.md'
[2026-09-09 16:32:33] [INFO ] [req-test-invalid-ext] [app.py] Response sent: 400 Bad Request
[2026-09-09 16:32:33] [INFO ] [req-test-corrupt-001] [app.py] Request received: request_id='req-test-corrupt-001', pdf_path='C:\Users\Asus\AppData\Local\Temp\pytest-of-Asus\pytest-26\test_corrupted_pdf0\corrupted.pdf'
[2026-09-09 16:32:33] [INFO ] [req-test-corrupt-001] [app.py] File path validation started for 'C:\Users\Asus\AppData\Local\Temp\pytest-of-Asus\pytest-26\test_corrupted_pdf0\corrupted.pdf'
[2026-09-09 16:32:33] [INFO ] [req-test-corrupt-001] [app.py] File path validation passed: file exists at 'C:\Users\Asus\AppData\Local\Temp\pytest-of-Asus\pytest-26\test_corrupted_pdf0\corrupted.pdf'
[2026-09-09 16:32:33] [INFO ] [req-test-corrupt-001] [app.py] Opening PDF file 'corrupted.pdf'
[2026-09-09 16:32:33] [INFO ] [req-test-corrupt-001] [app.py] Response sent: 422 Unprocessable Entity
[2026-09-09 16:32:33] [INFO ] [req-unique-id-999] [app.py] Request received: request_id='req-unique-id-999', pdf_path='sample.pdf'
[2026-09-09 16:32:33] [INFO ] [req-unique-id-999] [app.py] File path validation started for 'sample.pdf'
[2026-09-09 16:32:33] [INFO ] [req-unique-id-999] [app.py] File path validation passed: file exists at 'C:\Users\Asus\PycharmProjects\pdf_processor\sample.pdf'
[2026-09-09 16:32:33] [INFO ] [req-unique-id-999] [app.py] Opening PDF file 'sample.pdf'
[2026-09-09 16:32:33] [INFO ] [req-unique-id-999] [app.py] PDF opened successfully
[2026-09-09 16:32:33] [INFO ] [req-unique-id-999] [app.py] Task started: extracting page count and metadata
[2026-09-09 16:32:33] [INFO ] [req-unique-id-999] [app.py] Page count extracted: 3 page(s)
[2026-09-09 16:32:33] [INFO ] [req-unique-id-999] [app.py] Basic metadata extracted: 5 field(s) populated (title, author, subject, creator, producer)
[2026-09-09 16:32:33] [INFO ] [req-unique-id-999] [app.py] Task completed: Successfully processed 'sample.pdf' (3 page(s))
[2026-09-09 16:32:33] [INFO ] [req-unique-id-999] [app.py] Response sent: 200 OK
[2026-09-09 16:32:33] [INFO ] [req-unique-id-999] [app.py] Request received: request_id='req-unique-id-999', pdf_path='sample.pdf'
[2026-09-09 16:32:33] [INFO ] [req-unique-id-999] [app.py] Response sent: 409 Conflict
[2026-09-09 16:32:33] [INFO ] [1] [app.py] Request received with invalid payload: body -> request_id: Value error, Invalid request_id '1': must be a unique identifier, not simple sequential numbers like 1, 2, 3...
[2026-09-09 16:32:33] [INFO ] [1] [app.py] Response sent: 422 Unprocessable Entity
[2026-09-09 16:32:33] [INFO ] [2] [app.py] Request received with invalid payload: body -> request_id: Value error, Invalid request_id '2': must be a unique identifier, not simple sequential numbers like 1, 2, 3...
[2026-09-09 16:32:33] [INFO ] [2] [app.py] Response sent: 422 Unprocessable Entity
[2026-09-09 16:32:33] [INFO ] [3] [app.py] Request received with invalid payload: body -> request_id: Value error, Invalid request_id '3': must be a unique identifier, not simple sequential numbers like 1, 2, 3...
[2026-09-09 16:32:33] [INFO ] [3] [app.py] Response sent: 422 Unprocessable Entity
[2026-09-09 16:32:33] [INFO ] [007] [app.py] Request received with invalid payload: body -> request_id: Value error, Invalid request_id '007': must be a unique identifier, not simple sequential numbers like 1, 2, 3...
[2026-09-09 16:32:33] [INFO ] [007] [app.py] Response sent: 422 Unprocessable Entity
[2026-09-09 16:32:33] [INFO ] [req-backslash-001] [app.py] JSON body contained unescaped backslashes (Windows path); repaired automatically.
[2026-09-09 16:32:33] [INFO ] [req-backslash-001] [app.py] Request received: request_id='req-backslash-001', pdf_path='.\sample.pdf'
[2026-09-09 16:32:33] [INFO ] [req-backslash-001] [app.py] File path validation started for '.\sample.pdf'
[2026-09-09 16:32:33] [INFO ] [req-backslash-001] [app.py] File path validation passed: file exists at 'C:\Users\Asus\AppData\Local\Temp\pytest-of-Asus\pytest-26\test_process_pdf_with_unescape0\sample.pdf'
[2026-09-09 16:32:33] [INFO ] [req-backslash-001] [app.py] Opening PDF file 'sample.pdf'
[2026-09-09 16:32:33] [INFO ] [req-backslash-001] [app.py] PDF opened successfully
[2026-09-09 16:32:33] [INFO ] [req-backslash-001] [app.py] Task started: extracting page count and metadata
[2026-09-09 16:32:33] [INFO ] [req-backslash-001] [app.py] Page count extracted: 3 page(s)
[2026-09-09 16:32:33] [INFO ] [req-backslash-001] [app.py] Basic metadata extracted: 5 field(s) populated (title, author, subject, creator, producer)
[2026-09-09 16:32:33] [INFO ] [req-backslash-001] [app.py] Task completed: Successfully processed 'sample.pdf' (3 page(s))
[2026-09-09 16:32:33] [INFO ] [req-backslash-001] [app.py] Response sent: 200 OK
[2026-09-09 16:32:34] [INFO ] [INVALID_REQUEST] [app.py] Request received with invalid payload: body -> 46: JSON decode error
[2026-09-09 16:32:34] [INFO ] [INVALID_REQUEST] [app.py] Response sent: 422 Unprocessable Entity
[2026-09-09 16:34:20] [INFO ] [3fa85f64-5717-4562-b3fc-2c963f66afa6] [app.py] Request received: request_id='3fa85f64-5717-4562-b3fc-2c963f66afa6', pdf_path='sample.pdf'
[2026-09-09 16:34:20] [INFO ] [3fa85f64-5717-4562-b3fc-2c963f66afa6] [app.py] File path validation started for 'sample.pdf'
[2026-09-09 16:34:20] [INFO ] [3fa85f64-5717-4562-b3fc-2c963f66afa6] [app.py] File path validation passed: file exists at 'C:\Users\Asus\PycharmProjects\pdf_processor\sample.pdf'
[2026-09-09 16:34:20] [INFO ] [3fa85f64-5717-4562-b3fc-2c963f66afa6] [app.py] Opening PDF file 'sample.pdf'
[2026-09-09 16:34:20] [INFO ] [3fa85f64-5717-4562-b3fc-2c963f66afa6] [app.py] PDF opened successfully
[2026-09-09 16:34:20] [INFO ] [3fa85f64-5717-4562-b3fc-2c963f66afa6] [app.py] Task started: extracting page count and metadata
[2026-09-09 16:34:20] [INFO ] [3fa85f64-5717-4562-b3fc-2c963f66afa6] [app.py] Page count extracted: 3 page(s)
[2026-09-09 16:34:20] [INFO ] [3fa85f64-5717-4562-b3fc-2c963f66afa6] [app.py] Basic metadata extracted: 5 field(s) populated (title, author, subject, creator, producer)
[2026-09-09 16:34:20] [INFO ] [3fa85f64-5717-4562-b3fc-2c963f66afa6] [app.py] Task completed: Successfully processed 'sample.pdf' (3 page(s))
[2026-09-09 16:34:20] [INFO ] [3fa85f64-5717-4562-b3fc-2c963f66afa6] [app.py] Response sent: 200 OK
[2026-09-09 16:34:22] [INFO ] [3fa85f64-5717-4562-b3fc-2c963f66afa6] [app.py] Request received: request_id='3fa85f64-5717-4562-b3fc-2c963f66afa6', pdf_path='sample.pdf'
[2026-09-09 16:34:22] [INFO ] [3fa85f64-5717-4562-b3fc-2c963f66afa6] [app.py] Response sent: 409 Conflict
[2026-09-09 16:56:37] [INFO ] [req-test-success-001] [app.py] Request received: request_id='req-test-success-001', pdf_path='sample.pdf'
[2026-09-09 16:56:37] [INFO ] [req-test-success-001] [app.py] File path validation started for 'sample.pdf'
[2026-09-09 16:56:37] [INFO ] [req-test-success-001] [app.py] File path validation passed: file exists at 'C:\Users\Asus\PycharmProjects\pdf_processor\sample.pdf'
[2026-09-09 16:56:37] [INFO ] [req-test-success-001] [app.py] Opening PDF file 'sample.pdf'
[2026-09-09 16:56:37] [INFO ] [req-test-success-001] [app.py] PDF opened successfully
[2026-09-09 16:56:37] [INFO ] [req-test-success-001] [app.py] Task started: extracting page count and metadata
[2026-09-09 16:56:37] [INFO ] [req-test-success-001] [app.py] Page count extracted: 3 page(s)
[2026-09-09 16:56:37] [INFO ] [req-test-success-001] [app.py] Basic metadata extracted: 5 field(s) populated (title, author, subject, creator, producer)
[2026-09-09 16:56:37] [INFO ] [req-test-success-001] [app.py] Task completed: Successfully processed 'sample.pdf' (3 page(s))
[2026-09-09 16:56:37] [INFO ] [req-test-success-001] [app.py] Response sent: 200 OK
[2026-09-09 16:56:37] [INFO ] [req-test-not-found-404] [app.py] Request received: request_id='req-test-not-found-404', pdf_path='missing_123.pdf'
[2026-09-09 16:56:37] [INFO ] [req-test-not-found-404] [app.py] File path validation started for 'missing_123.pdf'
[2026-09-09 16:56:37] [INFO ] [req-test-not-found-404] [app.py] Response sent: 404 Not Found
[2026-09-09 16:56:38] [INFO ] [req-test-invalid-ext] [app.py] Request received: request_id='req-test-invalid-ext', pdf_path='README.md'
[2026-09-09 16:56:38] [INFO ] [req-test-invalid-ext] [app.py] File path validation started for 'README.md'
[2026-09-09 16:56:38] [INFO ] [req-test-invalid-ext] [app.py] Response sent: 400 Bad Request
[2026-09-09 16:56:38] [INFO ] [req-test-corrupt-001] [app.py] Request received: request_id='req-test-corrupt-001', pdf_path='C:\Users\Asus\AppData\Local\Temp\pytest-of-Asus\pytest-27\test_corrupted_pdf0\corrupted.pdf'
[2026-09-09 16:56:38] [INFO ] [req-test-corrupt-001] [app.py] File path validation started for 'C:\Users\Asus\AppData\Local\Temp\pytest-of-Asus\pytest-27\test_corrupted_pdf0\corrupted.pdf'
[2026-09-09 16:56:38] [INFO ] [req-test-corrupt-001] [app.py] File path validation passed: file exists at 'C:\Users\Asus\AppData\Local\Temp\pytest-of-Asus\pytest-27\test_corrupted_pdf0\corrupted.pdf'
[2026-09-09 16:56:38] [INFO ] [req-test-corrupt-001] [app.py] Opening PDF file 'corrupted.pdf'
[2026-09-09 16:56:38] [INFO ] [req-test-corrupt-001] [app.py] Response sent: 422 Unprocessable Entity
[2026-09-09 16:56:38] [INFO ] [req-unique-id-999] [app.py] Request received: request_id='req-unique-id-999', pdf_path='sample.pdf'
[2026-09-09 16:56:38] [INFO ] [req-unique-id-999] [app.py] File path validation started for 'sample.pdf'
[2026-09-09 16:56:38] [INFO ] [req-unique-id-999] [app.py] File path validation passed: file exists at 'C:\Users\Asus\PycharmProjects\pdf_processor\sample.pdf'
[2026-09-09 16:56:38] [INFO ] [req-unique-id-999] [app.py] Opening PDF file 'sample.pdf'
[2026-09-09 16:56:38] [INFO ] [req-unique-id-999] [app.py] PDF opened successfully
[2026-09-09 16:56:38] [INFO ] [req-unique-id-999] [app.py] Task started: extracting page count and metadata
[2026-09-09 16:56:38] [INFO ] [req-unique-id-999] [app.py] Page count extracted: 3 page(s)
[2026-09-09 16:56:38] [INFO ] [req-unique-id-999] [app.py] Basic metadata extracted: 5 field(s) populated (title, author, subject, creator, producer)
[2026-09-09 16:56:38] [INFO ] [req-unique-id-999] [app.py] Task completed: Successfully processed 'sample.pdf' (3 page(s))
[2026-09-09 16:56:38] [INFO ] [req-unique-id-999] [app.py] Response sent: 200 OK
[2026-09-09 16:56:38] [INFO ] [req-unique-id-999] [app.py] Request received: request_id='req-unique-id-999', pdf_path='sample.pdf'
[2026-09-09 16:56:38] [INFO ] [req-unique-id-999] [app.py] Response sent: 409 Conflict
[2026-09-09 16:56:38] [INFO ] [1] [app.py] Request received with invalid payload: body -> request_id: Value error, Invalid request_id '1': must be a unique identifier, not simple sequential numbers like 1, 2, 3...
[2026-09-09 16:56:38] [INFO ] [1] [app.py] Response sent: 422 Unprocessable Entity
[2026-09-09 16:56:38] [INFO ] [2] [app.py] Request received with invalid payload: body -> request_id: Value error, Invalid request_id '2': must be a unique identifier, not simple sequential numbers like 1, 2, 3...
[2026-09-09 16:56:38] [INFO ] [2] [app.py] Response sent: 422 Unprocessable Entity
[2026-09-09 16:56:38] [INFO ] [3] [app.py] Request received with invalid payload: body -> request_id: Value error, Invalid request_id '3': must be a unique identifier, not simple sequential numbers like 1, 2, 3...
[2026-09-09 16:56:38] [INFO ] [3] [app.py] Response sent: 422 Unprocessable Entity
[2026-09-09 16:56:38] [INFO ] [007] [app.py] Request received with invalid payload: body -> request_id: Value error, Invalid request_id '007': must be a unique identifier, not simple sequential numbers like 1, 2, 3...
[2026-09-09 16:56:38] [INFO ] [007] [app.py] Response sent: 422 Unprocessable Entity
[2026-09-09 16:56:38] [INFO ] [req-backslash-001] [app.py] JSON body contained unescaped backslashes (Windows path); repaired automatically.
[2026-09-09 16:56:38] [INFO ] [req-backslash-001] [app.py] Request received: request_id='req-backslash-001', pdf_path='.\sample.pdf'
[2026-09-09 16:56:38] [INFO ] [req-backslash-001] [app.py] File path validation started for '.\sample.pdf'
[2026-09-09 16:56:38] [INFO ] [req-backslash-001] [app.py] File path validation passed: file exists at 'C:\Users\Asus\AppData\Local\Temp\pytest-of-Asus\pytest-27\test_process_pdf_with_unescape0\sample.pdf'
[2026-09-09 16:56:38] [INFO ] [req-backslash-001] [app.py] Opening PDF file 'sample.pdf'
[2026-09-09 16:56:38] [INFO ] [req-backslash-001] [app.py] PDF opened successfully
[2026-09-09 16:56:38] [INFO ] [req-backslash-001] [app.py] Task started: extracting page count and metadata
[2026-09-09 16:56:38] [INFO ] [req-backslash-001] [app.py] Page count extracted: 3 page(s)
[2026-09-09 16:56:38] [INFO ] [req-backslash-001] [app.py] Basic metadata extracted: 5 field(s) populated (title, author, subject, creator, producer)
[2026-09-09 16:56:38] [INFO ] [req-backslash-001] [app.py] Task completed: Successfully processed 'sample.pdf' (3 page(s))
[2026-09-09 16:56:38] [INFO ] [req-backslash-001] [app.py] Response sent: 200 OK
[2026-09-09 16:56:38] [INFO ] [INVALID_REQUEST] [app.py] Request received with invalid payload: body -> 46: JSON decode error
[2026-09-09 16:56:38] [INFO ] [INVALID_REQUEST] [app.py] Response sent: 422 Unprocessable Entity
[2026-09-09 16:59:10] [INFO ] [req-test-success-001] [app.py] Request received: request_id='req-test-success-001', pdf_path='sample.pdf'
[2026-09-09 16:59:10] [INFO ] [req-test-success-001] [app.py] File path validation started for 'sample.pdf'
[2026-09-09 16:59:10] [INFO ] [req-test-success-001] [app.py] File path validation passed: file exists at 'C:\Users\Asus\PycharmProjects\pdf_processor\sample.pdf'
[2026-09-09 16:59:10] [INFO ] [req-test-success-001] [app.py] Opening PDF file 'sample.pdf'
[2026-09-09 16:59:10] [INFO ] [req-test-success-001] [app.py] PDF opened successfully
[2026-09-09 16:59:10] [INFO ] [req-test-success-001] [app.py] Task started: extracting page count and metadata
[2026-09-09 16:59:10] [INFO ] [req-test-success-001] [app.py] Page count extracted: 3 page(s)
[2026-09-09 16:59:10] [INFO ] [req-test-success-001] [app.py] Basic metadata extracted: 5 field(s) populated (title, author, subject, creator, producer)
[2026-09-09 16:59:10] [INFO ] [req-test-success-001] [app.py] Task completed: Successfully processed 'sample.pdf' (3 page(s))
[2026-09-09 16:59:10] [INFO ] [req-test-success-001] [app.py] Response sent: 200 OK
[2026-09-09 16:59:10] [INFO ] [req-test-not-found-404] [app.py] Request received: request_id='req-test-not-found-404', pdf_path='missing_123.pdf'
[2026-09-09 16:59:10] [INFO ] [req-test-not-found-404] [app.py] File path validation started for 'missing_123.pdf'
[2026-09-09 16:59:10] [INFO ] [req-test-not-found-404] [app.py] Response sent: 404 Not Found
[2026-09-09 16:59:10] [INFO ] [req-test-invalid-ext] [app.py] Request received: request_id='req-test-invalid-ext', pdf_path='README.md'
[2026-09-09 16:59:10] [INFO ] [req-test-invalid-ext] [app.py] File path validation started for 'README.md'
[2026-09-09 16:59:10] [INFO ] [req-test-invalid-ext] [app.py] Response sent: 400 Bad Request
[2026-09-09 16:59:10] [INFO ] [req-test-corrupt-001] [app.py] Request received: request_id='req-test-corrupt-001', pdf_path='C:\Users\Asus\AppData\Local\Temp\pytest-of-Asus\pytest-28\test_corrupted_pdf0\corrupted.pdf'
[2026-09-09 16:59:10] [INFO ] [req-test-corrupt-001] [app.py] File path validation started for 'C:\Users\Asus\AppData\Local\Temp\pytest-of-Asus\pytest-28\test_corrupted_pdf0\corrupted.pdf'
[2026-09-09 16:59:10] [INFO ] [req-test-corrupt-001] [app.py] File path validation passed: file exists at 'C:\Users\Asus\AppData\Local\Temp\pytest-of-Asus\pytest-28\test_corrupted_pdf0\corrupted.pdf'
[2026-09-09 16:59:10] [INFO ] [req-test-corrupt-001] [app.py] Opening PDF file 'corrupted.pdf'
[2026-09-09 16:59:10] [INFO ] [req-test-corrupt-001] [app.py] Response sent: 422 Unprocessable Entity
[2026-09-09 16:59:10] [INFO ] [req-unique-id-999] [app.py] Request received: request_id='req-unique-id-999', pdf_path='sample.pdf'
[2026-09-09 16:59:10] [INFO ] [req-unique-id-999] [app.py] File path validation started for 'sample.pdf'
[2026-09-09 16:59:10] [INFO ] [req-unique-id-999] [app.py] File path validation passed: file exists at 'C:\Users\Asus\PycharmProjects\pdf_processor\sample.pdf'
[2026-09-09 16:59:10] [INFO ] [req-unique-id-999] [app.py] Opening PDF file 'sample.pdf'
[2026-09-09 16:59:10] [INFO ] [req-unique-id-999] [app.py] PDF opened successfully
[2026-09-09 16:59:10] [INFO ] [req-unique-id-999] [app.py] Task started: extracting page count and metadata
[2026-09-09 16:59:10] [INFO ] [req-unique-id-999] [app.py] Page count extracted: 3 page(s)
[2026-09-09 16:59:10] [INFO ] [req-unique-id-999] [app.py] Basic metadata extracted: 5 field(s) populated (title, author, subject, creator, producer)
[2026-09-09 16:59:10] [INFO ] [req-unique-id-999] [app.py] Task completed: Successfully processed 'sample.pdf' (3 page(s))
[2026-09-09 16:59:10] [INFO ] [req-unique-id-999] [app.py] Response sent: 200 OK
[2026-09-09 16:59:10] [INFO ] [req-unique-id-999] [app.py] Request received: request_id='req-unique-id-999', pdf_path='sample.pdf'
[2026-09-09 16:59:10] [INFO ] [req-unique-id-999] [app.py] Response sent: 409 Conflict
[2026-09-09 16:59:10] [INFO ] [1] [app.py] Request received with invalid payload: body -> request_id: Value error, Invalid request_id '1': must be a unique identifier, not simple sequential numbers like 1, 2, 3...
[2026-09-09 16:59:10] [INFO ] [1] [app.py] Response sent: 422 Unprocessable Entity
[2026-09-09 16:59:10] [INFO ] [2] [app.py] Request received with invalid payload: body -> request_id: Value error, Invalid request_id '2': must be a unique identifier, not simple sequential numbers like 1, 2, 3...
[2026-09-09 16:59:10] [INFO ] [2] [app.py] Response sent: 422 Unprocessable Entity
[2026-09-09 16:59:10] [INFO ] [3] [app.py] Request received with invalid payload: body -> request_id: Value error, Invalid request_id '3': must be a unique identifier, not simple sequential numbers like 1, 2, 3...
[2026-09-09 16:59:10] [INFO ] [3] [app.py] Response sent: 422 Unprocessable Entity
[2026-09-09 16:59:10] [INFO ] [007] [app.py] Request received with invalid payload: body -> request_id: Value error, Invalid request_id '007': must be a unique identifier, not simple sequential numbers like 1, 2, 3...
[2026-09-09 16:59:10] [INFO ] [007] [app.py] Response sent: 422 Unprocessable Entity
[2026-09-09 16:59:10] [INFO ] [req-backslash-001] [app.py] JSON body contained unescaped backslashes (Windows path); repaired automatically.
[2026-09-09 16:59:10] [INFO ] [req-backslash-001] [app.py] Request received: request_id='req-backslash-001', pdf_path='.\sample.pdf'
[2026-09-09 16:59:10] [INFO ] [req-backslash-001] [app.py] File path validation started for '.\sample.pdf'
[2026-09-09 16:59:10] [INFO ] [req-backslash-001] [app.py] File path validation passed: file exists at 'C:\Users\Asus\AppData\Local\Temp\pytest-of-Asus\pytest-28\test_process_pdf_with_unescape0\sample.pdf'
[2026-09-09 16:59:10] [INFO ] [req-backslash-001] [app.py] Opening PDF file 'sample.pdf'
[2026-09-09 16:59:10] [INFO ] [req-backslash-001] [app.py] PDF opened successfully
[2026-09-09 16:59:10] [INFO ] [req-backslash-001] [app.py] Task started: extracting page count and metadata
[2026-09-09 16:59:10] [INFO ] [req-backslash-001] [app.py] Page count extracted: 3 page(s)
[2026-09-09 16:59:10] [INFO ] [req-backslash-001] [app.py] Basic metadata extracted: 5 field(s) populated (title, author, subject, creator, producer)
[2026-09-09 16:59:10] [INFO ] [req-backslash-001] [app.py] Task completed: Successfully processed 'sample.pdf' (3 page(s))
[2026-09-09 16:59:10] [INFO ] [req-backslash-001] [app.py] Response sent: 200 OK
[2026-09-09 16:59:10] [INFO ] [INVALID_REQUEST] [app.py] Request received with invalid payload: body -> 46: JSON decode error
[2026-09-09 16:59:10] [INFO ] [INVALID_REQUEST] [app.py] Response sent: 422 Unprocessable Entity
[2026-09-10 10:29:49] [INFO ] [req-test-success-001] [app.py] Request received: request_id='req-test-success-001', pdf_path='sample.pdf'
[2026-09-10 10:29:49] [INFO ] [req-test-success-001] [app.py] File path validation started for 'sample.pdf'
[2026-09-10 10:29:49] [INFO ] [req-test-success-001] [app.py] File path validation passed: file exists at 'C:\Users\Asus\PycharmProjects\pdf_processor\sample.pdf'
[2026-09-10 10:29:49] [INFO ] [req-test-success-001] [app.py] Opening PDF file 'sample.pdf'
[2026-09-10 10:29:49] [INFO ] [req-test-success-001] [app.py] PDF opened successfully
[2026-09-10 10:29:49] [INFO ] [req-test-success-001] [app.py] Task started: extracting page count and metadata
[2026-09-10 10:29:49] [INFO ] [req-test-success-001] [app.py] Page count extracted: 3 page(s)
[2026-09-10 10:29:49] [INFO ] [req-test-success-001] [app.py] Basic metadata extracted: 5 field(s) populated (title, author, subject, creator, producer)
[2026-09-10 10:29:49] [INFO ] [req-test-success-001] [app.py] Task completed: Successfully processed 'sample.pdf' (3 page(s))
[2026-09-10 10:29:49] [INFO ] [req-test-success-001] [app.py] Response sent: 200 OK
[2026-09-10 10:29:49] [INFO ] [req-test-not-found-404] [app.py] Request received: request_id='req-test-not-found-404', pdf_path='missing_123.pdf'
[2026-09-10 10:29:49] [INFO ] [req-test-not-found-404] [app.py] File path validation started for 'missing_123.pdf'
[2026-09-10 10:29:49] [INFO ] [req-test-not-found-404] [app.py] Response sent: 404 Not Found
[2026-09-10 10:29:49] [INFO ] [req-test-invalid-ext] [app.py] Request received: request_id='req-test-invalid-ext', pdf_path='README.md'
[2026-09-10 10:29:49] [INFO ] [req-test-invalid-ext] [app.py] File path validation started for 'README.md'
[2026-09-10 10:29:49] [INFO ] [req-test-invalid-ext] [app.py] Response sent: 400 Bad Request
[2026-09-10 10:29:49] [INFO ] [req-test-corrupt-001] [app.py] Request received: request_id='req-test-corrupt-001', pdf_path='C:\Users\Asus\AppData\Local\Temp\pytest-of-Asus\pytest-29\test_corrupted_pdf0\corrupted.pdf'
[2026-09-10 10:29:49] [INFO ] [req-test-corrupt-001] [app.py] File path validation started for 'C:\Users\Asus\AppData\Local\Temp\pytest-of-Asus\pytest-29\test_corrupted_pdf0\corrupted.pdf'
[2026-09-10 10:29:49] [INFO ] [req-test-corrupt-001] [app.py] File path validation passed: file exists at 'C:\Users\Asus\AppData\Local\Temp\pytest-of-Asus\pytest-29\test_corrupted_pdf0\corrupted.pdf'
[2026-09-10 10:29:49] [INFO ] [req-test-corrupt-001] [app.py] Opening PDF file 'corrupted.pdf'
[2026-09-10 10:29:50] [INFO ] [req-test-corrupt-001] [app.py] Response sent: 422 Unprocessable Entity
[2026-09-10 10:29:50] [INFO ] [req-unique-id-999] [app.py] Request received: request_id='req-unique-id-999', pdf_path='sample.pdf'
[2026-09-10 10:29:50] [INFO ] [req-unique-id-999] [app.py] File path validation started for 'sample.pdf'
[2026-09-10 10:29:50] [INFO ] [req-unique-id-999] [app.py] File path validation passed: file exists at 'C:\Users\Asus\PycharmProjects\pdf_processor\sample.pdf'
[2026-09-10 10:29:50] [INFO ] [req-unique-id-999] [app.py] Opening PDF file 'sample.pdf'
[2026-09-10 10:29:50] [INFO ] [req-unique-id-999] [app.py] PDF opened successfully
[2026-09-10 10:29:50] [INFO ] [req-unique-id-999] [app.py] Task started: extracting page count and metadata
[2026-09-10 10:29:50] [INFO ] [req-unique-id-999] [app.py] Page count extracted: 3 page(s)
[2026-09-10 10:29:50] [INFO ] [req-unique-id-999] [app.py] Basic metadata extracted: 5 field(s) populated (title, author, subject, creator, producer)
[2026-09-10 10:29:50] [INFO ] [req-unique-id-999] [app.py] Task completed: Successfully processed 'sample.pdf' (3 page(s))
[2026-09-10 10:29:50] [INFO ] [req-unique-id-999] [app.py] Response sent: 200 OK
[2026-09-10 10:29:50] [INFO ] [req-unique-id-999] [app.py] Request received: request_id='req-unique-id-999', pdf_path='sample.pdf'
[2026-09-10 10:29:50] [INFO ] [req-unique-id-999] [app.py] Response sent: 409 Conflict
[2026-09-10 10:29:50] [INFO ] [1] [app.py] Request received with invalid payload: body -> request_id: Value error, Invalid request_id '1': must be a unique identifier, not simple sequential numbers like 1, 2, 3...
[2026-09-10 10:29:50] [INFO ] [1] [app.py] Response sent: 422 Unprocessable Entity
[2026-09-10 10:29:50] [INFO ] [2] [app.py] Request received with invalid payload: body -> request_id: Value error, Invalid request_id '2': must be a unique identifier, not simple sequential numbers like 1, 2, 3...
[2026-09-10 10:29:50] [INFO ] [2] [app.py] Response sent: 422 Unprocessable Entity
[2026-09-10 10:29:50] [INFO ] [3] [app.py] Request received with invalid payload: body -> request_id: Value error, Invalid request_id '3': must be a unique identifier, not simple sequential numbers like 1, 2, 3...
[2026-09-10 10:29:50] [INFO ] [3] [app.py] Response sent: 422 Unprocessable Entity
[2026-09-10 10:29:50] [INFO ] [007] [app.py] Request received with invalid payload: body -> request_id: Value error, Invalid request_id '007': must be a unique identifier, not simple sequential numbers like 1, 2, 3...
[2026-09-10 10:29:50] [INFO ] [007] [app.py] Response sent: 422 Unprocessable Entity
[2026-09-10 10:29:50] [INFO ] [req-backslash-001] [app.py] JSON body contained unescaped backslashes (Windows path); repaired automatically.
[2026-09-10 10:29:50] [INFO ] [req-backslash-001] [app.py] Request received: request_id='req-backslash-001', pdf_path='.\sample.pdf'
[2026-09-10 10:29:50] [INFO ] [req-backslash-001] [app.py] File path validation started for '.\sample.pdf'
[2026-09-10 10:29:50] [INFO ] [req-backslash-001] [app.py] File path validation passed: file exists at 'C:\Users\Asus\AppData\Local\Temp\pytest-of-Asus\pytest-29\test_process_pdf_with_unescape0\sample.pdf'
[2026-09-10 10:29:50] [INFO ] [req-backslash-001] [app.py] Opening PDF file 'sample.pdf'
[2026-09-10 10:29:50] [INFO ] [req-backslash-001] [app.py] PDF opened successfully
[2026-09-10 10:29:50] [INFO ] [req-backslash-001] [app.py] Task started: extracting page count and metadata
[2026-09-10 10:29:50] [INFO ] [req-backslash-001] [app.py] Page count extracted: 3 page(s)
[2026-09-10 10:29:50] [INFO ] [req-backslash-001] [app.py] Basic metadata extracted: 5 field(s) populated (title, author, subject, creator, producer)
[2026-09-10 10:29:50] [INFO ] [req-backslash-001] [app.py] Task completed: Successfully processed 'sample.pdf' (3 page(s))
[2026-09-10 10:29:50] [INFO ] [req-backslash-001] [app.py] Response sent: 200 OK
[2026-09-10 10:29:50] [INFO ] [INVALID_REQUEST] [app.py] Request received with invalid payload: body -> 46: JSON decode error
[2026-09-10 10:29:50] [INFO ] [INVALID_REQUEST] [app.py] Response sent: 422 Unprocessable Entity
[2026-09-10 10:30:05] [INFO ] [req-upload-verify-01] [app.py] Request received (device upload): request_id='req-upload-verify-01', filename='my_report.pdf'
[2026-09-10 10:30:05] [INFO ] [req-upload-verify-01] [app.py] Uploaded file saved to 'uploads\req-upload-verify-01_my_report.pdf'
[2026-09-10 10:30:05] [INFO ] [req-upload-verify-01] [app.py] Task completed: Successfully processed uploaded 'my_report.pdf' (3 page(s))
[2026-09-10 10:30:05] [INFO ] [req-upload-verify-01] [app.py] Response sent: 200 OK
[2026-09-10 10:30:05] [INFO ] [req-upload-verify-01] [app.py] Request received (device upload): request_id='req-upload-verify-01', filename='my_report.pdf'
[2026-09-10 10:30:05] [INFO ] [req-upload-verify-01] [app.py] Response sent: 409 Conflict
[2026-09-10 10:30:05] [INFO ] [req-upload-verify-02] [app.py] Request received (device upload): request_id='req-upload-verify-02', filename='notes.txt'
[2026-09-10 10:30:05] [INFO ] [req-upload-verify-02] [app.py] Response sent: 400 Bad Request
[2026-09-10 10:30:45] [INFO ] [req-test-success-001] [app.py] Request received: request_id='req-test-success-001', pdf_path='sample.pdf'
[2026-09-10 10:30:45] [INFO ] [req-test-success-001] [app.py] File path validation started for 'sample.pdf'
[2026-09-10 10:30:45] [INFO ] [req-test-success-001] [app.py] File path validation passed: file exists at 'C:\Users\Asus\PycharmProjects\pdf_processor\sample.pdf'
[2026-09-10 10:30:45] [INFO ] [req-test-success-001] [app.py] Opening PDF file 'sample.pdf'
[2026-09-10 10:30:45] [INFO ] [req-test-success-001] [app.py] PDF opened successfully
[2026-09-10 10:30:45] [INFO ] [req-test-success-001] [app.py] Task started: extracting page count and metadata
[2026-09-10 10:30:45] [INFO ] [req-test-success-001] [app.py] Page count extracted: 3 page(s)
[2026-09-10 10:30:45] [INFO ] [req-test-success-001] [app.py] Basic metadata extracted: 5 field(s) populated (title, author, subject, creator, producer)
[2026-09-10 10:30:45] [INFO ] [req-test-success-001] [app.py] Task completed: Successfully processed 'sample.pdf' (3 page(s))
[2026-09-10 10:30:45] [INFO ] [req-test-success-001] [app.py] Response sent: 200 OK
[2026-09-10 10:30:45] [INFO ] [req-test-not-found-404] [app.py] Request received: request_id='req-test-not-found-404', pdf_path='missing_123.pdf'
[2026-09-10 10:30:45] [INFO ] [req-test-not-found-404] [app.py] File path validation started for 'missing_123.pdf'
[2026-09-10 10:30:45] [INFO ] [req-test-not-found-404] [app.py] Response sent: 404 Not Found
[2026-09-10 10:30:45] [INFO ] [req-test-invalid-ext] [app.py] Request received: request_id='req-test-invalid-ext', pdf_path='README.md'
[2026-09-10 10:30:45] [INFO ] [req-test-invalid-ext] [app.py] File path validation started for 'README.md'
[2026-09-10 10:30:45] [INFO ] [req-test-invalid-ext] [app.py] Response sent: 400 Bad Request
[2026-09-10 10:30:45] [INFO ] [req-test-corrupt-001] [app.py] Request received: request_id='req-test-corrupt-001', pdf_path='C:\Users\Asus\AppData\Local\Temp\pytest-of-Asus\pytest-30\test_corrupted_pdf0\corrupted.pdf'
[2026-09-10 10:30:45] [INFO ] [req-test-corrupt-001] [app.py] File path validation started for 'C:\Users\Asus\AppData\Local\Temp\pytest-of-Asus\pytest-30\test_corrupted_pdf0\corrupted.pdf'
[2026-09-10 10:30:45] [INFO ] [req-test-corrupt-001] [app.py] File path validation passed: file exists at 'C:\Users\Asus\AppData\Local\Temp\pytest-of-Asus\pytest-30\test_corrupted_pdf0\corrupted.pdf'
[2026-09-10 10:30:45] [INFO ] [req-test-corrupt-001] [app.py] Opening PDF file 'corrupted.pdf'
[2026-09-10 10:30:45] [INFO ] [req-test-corrupt-001] [app.py] Response sent: 422 Unprocessable Entity
[2026-09-10 10:30:45] [INFO ] [req-unique-id-999] [app.py] Request received: request_id='req-unique-id-999', pdf_path='sample.pdf'
[2026-09-10 10:30:45] [INFO ] [req-unique-id-999] [app.py] File path validation started for 'sample.pdf'
[2026-09-10 10:30:45] [INFO ] [req-unique-id-999] [app.py] File path validation passed: file exists at 'C:\Users\Asus\PycharmProjects\pdf_processor\sample.pdf'
[2026-09-10 10:30:45] [INFO ] [req-unique-id-999] [app.py] Opening PDF file 'sample.pdf'
[2026-09-10 10:30:45] [INFO ] [req-unique-id-999] [app.py] PDF opened successfully
[2026-09-10 10:30:45] [INFO ] [req-unique-id-999] [app.py] Task started: extracting page count and metadata
[2026-09-10 10:30:45] [INFO ] [req-unique-id-999] [app.py] Page count extracted: 3 page(s)
[2026-09-10 10:30:45] [INFO ] [req-unique-id-999] [app.py] Basic metadata extracted: 5 field(s) populated (title, author, subject, creator, producer)
[2026-09-10 10:30:45] [INFO ] [req-unique-id-999] [app.py] Task completed: Successfully processed 'sample.pdf' (3 page(s))
[2026-09-10 10:30:45] [INFO ] [req-unique-id-999] [app.py] Response sent: 200 OK
[2026-09-10 10:30:45] [INFO ] [req-unique-id-999] [app.py] Request received: request_id='req-unique-id-999', pdf_path='sample.pdf'
[2026-09-10 10:30:45] [INFO ] [req-unique-id-999] [app.py] Response sent: 409 Conflict
[2026-09-10 10:30:45] [INFO ] [1] [app.py] Request received with invalid payload: body -> request_id: Value error, Invalid request_id '1': must be a unique identifier, not simple sequential numbers like 1, 2, 3...
[2026-09-10 10:30:45] [INFO ] [1] [app.py] Response sent: 422 Unprocessable Entity
[2026-09-10 10:30:45] [INFO ] [2] [app.py] Request received with invalid payload: body -> request_id: Value error, Invalid request_id '2': must be a unique identifier, not simple sequential numbers like 1, 2, 3...
[2026-09-10 10:30:45] [INFO ] [2] [app.py] Response sent: 422 Unprocessable Entity
[2026-09-10 10:30:45] [INFO ] [3] [app.py] Request received with invalid payload: body -> request_id: Value error, Invalid request_id '3': must be a unique identifier, not simple sequential numbers like 1, 2, 3...
[2026-09-10 10:30:45] [INFO ] [3] [app.py] Response sent: 422 Unprocessable Entity
[2026-09-10 10:30:45] [INFO ] [007] [app.py] Request received with invalid payload: body -> request_id: Value error, Invalid request_id '007': must be a unique identifier, not simple sequential numbers like 1, 2, 3...
[2026-09-10 10:30:45] [INFO ] [007] [app.py] Response sent: 422 Unprocessable Entity
[2026-09-10 10:30:45] [INFO ] [req-backslash-001] [app.py] JSON body contained unescaped backslashes (Windows path); repaired automatically.
[2026-09-10 10:30:45] [INFO ] [req-backslash-001] [app.py] Request received: request_id='req-backslash-001', pdf_path='.\sample.pdf'
[2026-09-10 10:30:45] [INFO ] [req-backslash-001] [app.py] File path validation started for '.\sample.pdf'
[2026-09-10 10:30:45] [INFO ] [req-backslash-001] [app.py] File path validation passed: file exists at 'C:\Users\Asus\AppData\Local\Temp\pytest-of-Asus\pytest-30\test_process_pdf_with_unescape0\sample.pdf'
[2026-09-10 10:30:45] [INFO ] [req-backslash-001] [app.py] Opening PDF file 'sample.pdf'
[2026-09-10 10:30:45] [INFO ] [req-backslash-001] [app.py] PDF opened successfully
[2026-09-10 10:30:45] [INFO ] [req-backslash-001] [app.py] Task started: extracting page count and metadata
[2026-09-10 10:30:45] [INFO ] [req-backslash-001] [app.py] Page count extracted: 3 page(s)
[2026-09-10 10:30:45] [INFO ] [req-backslash-001] [app.py] Basic metadata extracted: 5 field(s) populated (title, author, subject, creator, producer)
[2026-09-10 10:30:45] [INFO ] [req-backslash-001] [app.py] Task completed: Successfully processed 'sample.pdf' (3 page(s))
[2026-09-10 10:30:45] [INFO ] [req-backslash-001] [app.py] Response sent: 200 OK
[2026-09-10 10:30:45] [INFO ] [INVALID_REQUEST] [app.py] Request received with invalid payload: body -> 46: JSON decode error
[2026-09-10 10:30:45] [INFO ] [INVALID_REQUEST] [app.py] Response sent: 422 Unprocessable Entity
[2026-09-10 10:33:18] [INFO ] [string] [app.py] Request received (device upload): request_id='string', filename='Table of Contents (1).docx'
[2026-09-10 10:33:18] [INFO ] [string] [app.py] Response sent: 400 Bad Request
